Datetime,Open,High,Low,Close,Adj Close,Volume
2024-04-01 09:30:00-04:00,128.1999969482422,128.1999969482422,128.10000610351562,128.10000610351562,128.10000610351562,8041
2024-04-01 09:31:00-04:00,128.125,128.125,128.125,128.125,128.125,613
2024-04-01 09:32:00-04:00,127.94000244140625,127.94000244140625,127.81999969482422,127.81999969482422,127.81999969482422,1553
2024-04-01 09:33:00-04:00,127.71499633789062,127.71499633789062,127.47000122070312,127.47000122070312,127.47000122070312,705
2024-04-01 09:34:00-04:00,127.31999969482422,127.31999969482422,127.13009643554688,127.13009643554688,127.13009643554688,487
2024-04-01 09:35:00-04:00,127.4000015258789,127.4000015258789,127.26000213623047,127.3550033569336,127.3550033569336,1279
2024-04-01 09:36:00-04:00,127.09500122070312,127.09500122070312,127.09500122070312,127.09500122070312,127.09500122070312,171
2024-04-01 09:37:00-04:00,127.08999633789062,127.08999633789062,126.69000244140625,126.72000122070312,126.72000122070312,6386
2024-04-01 09:39:00-04:00,127.04000091552734,127.25,127.02999877929688,127.25,127.25,1207
2024-04-01 09:40:00-04:00,127.37000274658203,127.41000366210938,127.23999786376953,127.41000366210938,127.41000366210938,1609
2024-04-01 09:41:00-04:00,127.3499984741211,127.3499984741211,127.3499984741211,127.3499984741211,127.3499984741211,286
2024-04-01 09:42:00-04:00,127.42500305175781,127.42500305175781,127.42500305175781,127.42500305175781,127.42500305175781,115
2024-04-01 09:43:00-04:00,127.62000274658203,127.62000274658203,127.61000061035156,127.62000274658203,127.62000274658203,1749
2024-04-01 09:47:00-04:00,127.69000244140625,127.69000244140625,127.69000244140625,127.69000244140625,127.69000244140625,315
2024-04-01 09:50:00-04:00,127.81500244140625,127.81500244140625,127.81500244140625,127.81500244140625,127.81500244140625,237
2024-04-01 09:52:00-04:00,127.7300033569336,127.91999816894531,127.7300033569336,127.91999816894531,127.91999816894531,1112
2024-04-01 09:53:00-04:00,128.0500030517578,128.05999755859375,127.92620086669922,128.01499938964844,128.01499938964844,834
2024-04-01 09:54:00-04:00,128.1199951171875,128.1199951171875,127.93000030517578,127.93000030517578,127.93000030517578,2686
2024-04-01 09:57:00-04:00,128.1199951171875,128.1199951171875,128.1199951171875,128.1199951171875,128.1199951171875,386
2024-04-01 09:58:00-04:00,128.10499572753906,128.10499572753906,128.08799743652344,128.08799743652344,128.08799743652344,552
2024-04-01 09:59:00-04:00,128.0399932861328,128.0399932861328,128.0399932861328,128.0399932861328,128.0399932861328,1086
2024-04-01 10:00:00-04:00,128.0500030517578,128.0500030517578,128.0,128.0,128.0,2519
2024-04-01 10:01:00-04:00,128.00999450683594,128.10000610351562,128.00999450683594,128.10000610351562,128.10000610351562,2701
2024-04-01 10:02:00-04:00,128.1699981689453,128.1699981689453,128.1699981689453,128.1699981689453,128.1699981689453,186
2024-04-01 10:03:00-04:00,128.27000427246094,128.27000427246094,128.27000427246094,128.27000427246094,128.27000427246094,540
2024-04-01 10:04:00-04:00,128.19000244140625,128.19000244140625,127.92500305175781,127.92500305175781,127.92500305175781,2028
2024-04-01 10:05:00-04:00,127.92500305175781,127.92500305175781,127.77999877929688,127.77999877929688,127.77999877929688,2790
2024-04-01 10:06:00-04:00,127.8550033569336,127.8550033569336,127.8550033569336,127.8550033569336,127.8550033569336,760
2024-04-01 10:07:00-04:00,127.7699966430664,127.7699966430664,127.5199966430664,127.5199966430664,127.5199966430664,4479
2024-04-01 10:08:00-04:00,127.52999877929688,127.52999877929688,127.44000244140625,127.44000244140625,127.44000244140625,1778
2024-04-01 10:09:00-04:00,127.47750091552734,127.47750091552734,127.41000366210938,127.44499969482422,127.44499969482422,677
2024-04-01 10:10:00-04:00,127.36000061035156,127.4800033569336,127.36000061035156,127.4800033569336,127.4800033569336,1482
2024-04-01 10:11:00-04:00,127.47000122070312,127.75420379638672,127.47000122070312,127.75420379638672,127.75420379638672,1694
2024-04-01 10:13:00-04:00,127.80000305175781,127.8125,127.80000305175781,127.8125,127.8125,390
2024-04-01 10:14:00-04:00,127.75,127.86000061035156,127.75,127.86000061035156,127.86000061035156,1941
2024-04-01 10:15:00-04:00,127.7699966430664,127.7925033569336,127.7699966430664,127.7925033569336,127.7925033569336,1115
2024-04-01 10:16:00-04:00,127.73999786376953,127.7699966430664,127.70999908447266,127.7699966430664,127.7699966430664,525
2024-04-01 10:17:00-04:00,127.73999786376953,127.73999786376953,127.73999786376953,127.73999786376953,127.73999786376953,308
2024-04-01 10:18:00-04:00,127.70999908447266,127.72000122070312,127.68000030517578,127.68000030517578,127.68000030517578,794
2024-04-01 10:19:00-04:00,127.66000366210938,127.75,127.58000183105469,127.69000244140625,127.69000244140625,986
2024-04-01 10:20:00-04:00,127.7300033569336,127.7699966430664,127.7300033569336,127.7699966430664,127.7699966430664,676
2024-04-01 10:21:00-04:00,127.92500305175781,127.92500305175781,127.92500305175781,127.92500305175781,127.92500305175781,232
2024-04-01 10:22:00-04:00,127.81999969482422,127.83999633789062,127.77999877929688,127.77999877929688,127.77999877929688,823
2024-04-01 10:23:00-04:00,127.76000213623047,127.78500366210938,127.68000030517578,127.78500366210938,127.78500366210938,2013
2024-04-01 10:25:00-04:00,127.7699966430664,127.7699966430664,127.7699966430664,127.7699966430664,127.7699966430664,299
2024-04-01 10:26:00-04:00,127.80000305175781,127.80000305175781,127.79000091552734,127.79000091552734,127.79000091552734,979
2024-04-01 10:27:00-04:00,127.7699966430664,127.7699966430664,127.69000244140625,127.69000244140625,127.69000244140625,2122
2024-04-01 10:28:00-04:00,127.70999908447266,127.7699966430664,127.70999908447266,127.7699966430664,127.7699966430664,1412
2024-04-01 10:29:00-04:00,127.7699966430664,127.7699966430664,127.7699966430664,127.7699966430664,127.7699966430664,545
2024-04-01 10:31:00-04:00,127.74500274658203,127.75,127.74500274658203,127.75,127.75,639
2024-04-01 10:32:00-04:00,127.75,127.75,127.72000122070312,127.72000122070312,127.72000122070312,288
2024-04-01 10:33:00-04:00,127.70999908447266,127.70999908447266,127.63999938964844,127.66999816894531,127.66999816894531,2672
2024-04-01 10:34:00-04:00,127.67500305175781,127.67500305175781,127.66999816894531,127.66999816894531,127.66999816894531,879
2024-04-01 10:36:00-04:00,127.69999694824219,127.7699966430664,127.69000244140625,127.7699966430664,127.7699966430664,841
2024-04-01 10:37:00-04:00,127.77999877929688,127.77999877929688,127.77999877929688,127.77999877929688,127.77999877929688,617
2024-04-01 10:38:00-04:00,127.7699966430664,127.7699966430664,127.73999786376953,127.73999786376953,127.73999786376953,1696
2024-04-01 10:39:00-04:00,127.75,127.86000061035156,127.75,127.86000061035156,127.86000061035156,2056
2024-04-01 10:40:00-04:00,127.84400177001953,127.84400177001953,127.84400177001953,127.84400177001953,127.84400177001953,603
2024-04-01 10:42:00-04:00,127.93000030517578,127.93000030517578,127.9000015258789,127.9000015258789,127.9000015258789,440
2024-04-01 10:43:00-04:00,127.86000061035156,127.86499786376953,127.80999755859375,127.86499786376953,127.86499786376953,814
2024-04-01 10:44:00-04:00,127.8499984741211,127.86499786376953,127.79000091552734,127.79000091552734,127.79000091552734,2320
2024-04-01 10:45:00-04:00,127.73999786376953,127.73999786376953,127.7300033569336,127.7300033569336,127.7300033569336,641
2024-04-01 10:46:00-04:00,127.69999694824219,127.69999694824219,127.62999725341797,127.62999725341797,127.62999725341797,1869
2024-04-01 10:47:00-04:00,127.61499786376953,127.61499786376953,127.61499786376953,127.61499786376953,127.61499786376953,296
2024-04-01 10:48:00-04:00,127.66999816894531,127.7300033569336,127.66999816894531,127.69000244140625,127.69000244140625,1235
2024-04-01 10:49:00-04:00,127.69000244140625,127.72000122070312,127.69000244140625,127.72000122070312,127.72000122070312,413
2024-04-01 10:51:00-04:00,127.70500183105469,127.70500183105469,127.70500183105469,127.70500183105469,127.70500183105469,131
2024-04-01 10:52:00-04:00,127.72000122070312,127.7300033569336,127.66999816894531,127.7300033569336,127.7300033569336,1006
2024-04-01 10:53:00-04:00,127.7300033569336,127.80999755859375,127.7300033569336,127.80999755859375,127.80999755859375,762
2024-04-01 10:54:00-04:00,127.86000061035156,127.86000061035156,127.86000061035156,127.86000061035156,127.86000061035156,346
2024-04-01 10:55:00-04:00,127.80500030517578,127.80500030517578,127.80500030517578,127.80500030517578,127.80500030517578,301
2024-04-01 10:56:00-04:00,127.82499694824219,127.82499694824219,127.82499694824219,127.82499694824219,127.82499694824219,496
2024-04-01 10:58:00-04:00,127.8499984741211,127.87999725341797,127.8499984741211,127.87999725341797,127.87999725341797,401
2024-04-01 11:00:00-04:00,127.87000274658203,127.95999908447266,127.87000274658203,127.95999908447266,127.95999908447266,1141
2024-04-01 11:01:00-04:00,127.96499633789062,127.96499633789062,127.96499633789062,127.96499633789062,127.96499633789062,1165
2024-04-01 11:04:00-04:00,128.0,128.0399932861328,127.99079895019531,128.00999450683594,128.00999450683594,754
2024-04-01 11:05:00-04:00,127.97000122070312,127.97000122070312,127.91999816894531,127.91999816894531,127.91999816894531,2209
2024-04-01 11:06:00-04:00,127.91999816894531,127.91999816894531,127.875,127.875,127.875,660
2024-04-01 11:08:00-04:00,127.88999938964844,127.88999938964844,127.88500213623047,127.88999938964844,127.88999938964844,359
2024-04-01 11:09:00-04:00,127.91000366210938,127.91000366210938,127.9000015258789,127.9000015258789,127.9000015258789,1330
2024-04-01 11:10:00-04:00,127.8499984741211,127.8499984741211,127.8499984741211,127.8499984741211,127.8499984741211,642
2024-04-01 11:11:00-04:00,127.93000030517578,127.93000030517578,127.93000030517578,127.93000030517578,127.93000030517578,561
2024-04-01 11:12:00-04:00,127.94000244140625,127.94000244140625,127.94000244140625,127.94000244140625,127.94000244140625,259
2024-04-01 11:13:00-04:00,127.94999694824219,127.94999694824219,127.94999694824219,127.94999694824219,127.94999694824219,180
2024-04-01 11:14:00-04:00,127.91999816894531,127.91999816894531,127.86000061035156,127.87999725341797,127.87999725341797,998
2024-04-01 11:15:00-04:00,127.93000030517578,127.93000030517578,127.83000183105469,127.83000183105469,127.83000183105469,809
2024-04-01 11:16:00-04:00,127.83999633789062,127.86000061035156,127.83000183105469,127.86000061035156,127.86000061035156,608
2024-04-01 11:17:00-04:00,127.81999969482422,127.81999969482422,127.76000213623047,127.77999877929688,127.77999877929688,2107
2024-04-01 11:18:00-04:00,127.80000305175781,127.80000305175781,127.76000213623047,127.79499816894531,127.79499816894531,697
2024-04-01 11:19:00-04:00,127.75499725341797,127.75499725341797,127.72000122070312,127.72000122070312,127.72000122070312,744
2024-04-01 11:20:00-04:00,127.7699966430664,127.77999877929688,127.76499938964844,127.77999877929688,127.77999877929688,2246
2024-04-01 11:21:00-04:00,127.7699966430664,127.7699966430664,127.75,127.75,127.75,867
2024-04-01 11:23:00-04:00,127.7699966430664,127.77999877929688,127.73999786376953,127.77999877929688,127.77999877929688,3961
2024-04-01 11:24:00-04:00,127.77999877929688,127.77999877929688,127.77999877929688,127.77999877929688,127.77999877929688,208
2024-04-01 11:25:00-04:00,127.7874984741211,127.7874984741211,127.7874984741211,127.7874984741211,127.7874984741211,623
2024-04-01 11:26:00-04:00,127.83999633789062,127.83999633789062,127.81999969482422,127.81999969482422,127.81999969482422,648
2024-04-01 11:27:00-04:00,127.83999633789062,127.86949920654297,127.81999969482422,127.86949920654297,127.86949920654297,1564
2024-04-01 11:28:00-04:00,127.87640380859375,127.87640380859375,127.83000183105469,127.83000183105469,127.83000183105469,832
2024-04-01 11:29:00-04:00,127.83499908447266,127.83499908447266,127.83499908447266,127.83499908447266,127.83499908447266,334
2024-04-01 11:30:00-04:00,127.80999755859375,127.83999633789062,127.79750061035156,127.83999633789062,127.83999633789062,1344
2024-04-01 11:32:00-04:00,127.80000305175781,127.8499984741211,127.80000305175781,127.8499984741211,127.8499984741211,1828
2024-04-01 11:33:00-04:00,127.80000305175781,127.80000305175781,127.7300033569336,127.7300033569336,127.7300033569336,2077
2024-04-01 11:34:00-04:00,127.74500274658203,127.74500274658203,127.70999908447266,127.70999908447266,127.70999908447266,553
2024-04-01 11:35:00-04:00,127.66500091552734,127.66500091552734,127.6259994506836,127.6500015258789,127.6500015258789,716
2024-04-01 11:36:00-04:00,127.6500015258789,127.65499877929688,127.6500015258789,127.65499877929688,127.65499877929688,389
2024-04-01 11:37:00-04:00,127.63500213623047,127.69999694824219,127.61000061035156,127.69999694824219,127.69999694824219,1539
2024-04-01 11:39:00-04:00,127.69999694824219,127.69999694824219,127.68000030517578,127.68329620361328,127.68329620361328,410
2024-04-01 11:40:00-04:00,127.66000366210938,127.66000366210938,127.6500015258789,127.6500015258789,127.6500015258789,500
2024-04-01 11:41:00-04:00,127.62860107421875,127.62860107421875,127.62860107421875,127.62860107421875,127.62860107421875,177
2024-04-01 11:42:00-04:00,127.62000274658203,127.63999938964844,127.62000274658203,127.63999938964844,127.63999938964844,1127
2024-04-01 11:43:00-04:00,127.69999694824219,127.69999694824219,127.68000030517578,127.68000030517578,127.68000030517578,928
2024-04-01 11:44:00-04:00,127.70999908447266,127.72000122070312,127.69000244140625,127.69999694824219,127.69999694824219,950
2024-04-01 11:45:00-04:00,127.66999816894531,127.66999816894531,127.63999938964844,127.63999938964844,127.63999938964844,849
2024-04-01 11:47:00-04:00,127.62000274658203,127.62000274658203,127.60749816894531,127.60749816894531,127.60749816894531,641
2024-04-01 11:48:00-04:00,127.66000366210938,127.66000366210938,127.66000366210938,127.66000366210938,127.66000366210938,630
2024-04-01 11:49:00-04:00,127.63999938964844,127.63999938964844,127.63999938964844,127.63999938964844,127.63999938964844,567
2024-04-01 11:50:00-04:00,127.70500183105469,127.70500183105469,127.6500015258789,127.6500015258789,127.6500015258789,1161
2024-04-01 11:51:00-04:00,127.63999938964844,127.66000366210938,127.62999725341797,127.66000366210938,127.66000366210938,1250
2024-04-01 11:52:00-04:00,127.66000366210938,127.66000366210938,127.66000366210938,127.66000366210938,127.66000366210938,298
2024-04-01 11:53:00-04:00,127.62999725341797,127.62999725341797,127.62999725341797,127.62999725341797,127.62999725341797,371
2024-04-01 11:54:00-04:00,127.61000061035156,127.61000061035156,127.58999633789062,127.5999984741211,127.5999984741211,1586
2024-04-01 11:55:00-04:00,127.63999938964844,127.63999938964844,127.63999938964844,127.63999938964844,127.63999938964844,486
2024-04-01 11:56:00-04:00,127.65499877929688,127.65499877929688,127.54000091552734,127.54000091552734,127.54000091552734,959
2024-04-01 11:57:00-04:00,127.4800033569336,127.4800033569336,127.4800033569336,127.4800033569336,127.4800033569336,396
2024-04-01 11:58:00-04:00,127.55999755859375,127.55999755859375,127.55999755859375,127.55999755859375,127.55999755859375,334
2024-04-01 11:59:00-04:00,127.52999877929688,127.52999877929688,127.47000122070312,127.47000122070312,127.47000122070312,905
2024-04-01 12:00:00-04:00,127.44000244140625,127.44000244140625,127.44000244140625,127.44000244140625,127.44000244140625,481
2024-04-01 12:01:00-04:00,127.46499633789062,127.4800033569336,127.46499633789062,127.4800033569336,127.4800033569336,949
2024-04-01 12:02:00-04:00,127.51000213623047,127.51000213623047,127.51000213623047,127.51000213623047,127.51000213623047,313
2024-04-01 12:03:00-04:00,127.4800033569336,127.4800033569336,127.4800033569336,127.4800033569336,127.4800033569336,589
2024-04-01 12:04:00-04:00,127.48999786376953,127.51750183105469,127.48290252685547,127.48290252685547,127.48290252685547,1101
2024-04-01 12:06:00-04:00,127.52999877929688,127.5999984741211,127.52999877929688,127.5999984741211,127.5999984741211,477
2024-04-01 12:07:00-04:00,127.58999633789062,127.58999633789062,127.58999633789062,127.58999633789062,127.58999633789062,580
2024-04-01 12:08:00-04:00,127.62000274658203,127.62000274658203,127.62000274658203,127.62000274658203,127.62000274658203,137
2024-04-01 12:09:00-04:00,127.62000274658203,127.62000274658203,127.62000274658203,127.62000274658203,127.62000274658203,153
2024-04-01 12:10:00-04:00,127.62000274658203,127.66000366210938,127.62000274658203,127.66000366210938,127.66000366210938,2551
2024-04-01 12:11:00-04:00,127.65499877929688,127.65499877929688,127.62000274658203,127.62000274658203,127.62000274658203,1923
2024-04-01 12:12:00-04:00,127.62000274658203,127.6449966430664,127.61000061035156,127.6449966430664,127.6449966430664,1350
2024-04-01 12:13:00-04:00,127.6449966430664,127.6449966430664,127.6449966430664,127.6449966430664,127.6449966430664,116
2024-04-01 12:14:00-04:00,127.63999938964844,127.63999938964844,127.58000183105469,127.58000183105469,127.58000183105469,1047
2024-04-01 12:15:00-04:00,127.58000183105469,127.58999633789062,127.58000183105469,127.58999633789062,127.58999633789062,609
2024-04-01 12:16:00-04:00,127.56999969482422,127.61000061035156,127.55999755859375,127.61000061035156,127.61000061035156,1750
2024-04-01 12:17:00-04:00,127.59750366210938,127.61000061035156,127.56999969482422,127.61000061035156,127.61000061035156,1336
2024-04-01 12:18:00-04:00,127.58999633789062,127.62000274658203,127.58999633789062,127.62000274658203,127.62000274658203,1008
2024-04-01 12:21:00-04:00,127.66000366210938,127.76000213623047,127.66000366210938,127.76000213623047,127.76000213623047,960
2024-04-01 12:22:00-04:00,127.73500061035156,127.73500061035156,127.73500061035156,127.73500061035156,127.73500061035156,567
2024-04-01 12:23:00-04:00,127.76000213623047,127.76000213623047,127.76000213623047,127.76000213623047,127.76000213623047,404
2024-04-01 12:24:00-04:00,127.80000305175781,127.83000183105469,127.80000305175781,127.83000183105469,127.83000183105469,1638
2024-04-01 12:25:00-04:00,127.84500122070312,127.84500122070312,127.79000091552734,127.80000305175781,127.80000305175781,1330
2024-04-01 12:26:00-04:00,127.77999877929688,127.77999877929688,127.77999877929688,127.77999877929688,127.77999877929688,327
2024-04-01 12:27:00-04:00,127.80999755859375,127.82499694824219,127.79499816894531,127.82499694824219,127.82499694824219,1294
2024-04-01 12:28:00-04:00,127.83000183105469,127.8499984741211,127.83000183105469,127.8499984741211,127.8499984741211,1519
2024-04-01 12:29:00-04:00,127.83000183105469,127.83000183105469,127.81999969482422,127.81999969482422,127.81999969482422,561
2024-04-01 12:30:00-04:00,127.84500122070312,127.84500122070312,127.80000305175781,127.80000305175781,127.80000305175781,1281
2024-04-01 12:31:00-04:00,127.80000305175781,127.83000183105469,127.80000305175781,127.80999755859375,127.80999755859375,1313
2024-04-01 12:32:00-04:00,127.79000091552734,127.79000091552734,127.75499725341797,127.75499725341797,127.75499725341797,1305
2024-04-01 12:33:00-04:00,127.7699966430664,127.7750015258789,127.7699966430664,127.7750015258789,127.7750015258789,1469
2024-04-01 12:34:00-04:00,127.80750274658203,127.80750274658203,127.80750274658203,127.80750274658203,127.80750274658203,196
2024-04-01 12:35:00-04:00,127.79000091552734,127.80000305175781,127.77999877929688,127.79000091552734,127.79000091552734,1730
2024-04-01 12:36:00-04:00,127.77999877929688,127.79340362548828,127.7699966430664,127.79340362548828,127.79340362548828,668
2024-04-01 12:37:00-04:00,127.76000213623047,127.76000213623047,127.73500061035156,127.75,127.75,1369
2024-04-01 12:39:00-04:00,127.76000213623047,127.7699966430664,127.76000213623047,127.76000213623047,127.76000213623047,998
2024-04-01 12:41:00-04:00,127.75,127.75,127.7300033569336,127.73500061035156,127.73500061035156,1680
2024-04-01 12:42:00-04:00,127.76000213623047,127.81999969482422,127.73500061035156,127.81999969482422,127.81999969482422,1428
2024-04-01 12:43:00-04:00,127.83999633789062,127.83999633789062,127.83999633789062,127.83999633789062,127.83999633789062,309
2024-04-01 12:44:00-04:00,127.80999755859375,127.80999755859375,127.77999877929688,127.77999877929688,127.77999877929688,1124
2024-04-01 12:45:00-04:00,127.7300033569336,127.7300033569336,127.7300033569336,127.7300033569336,127.7300033569336,244
2024-04-01 12:46:00-04:00,127.70999908447266,127.80000305175781,127.70999908447266,127.75,127.75,2662
2024-04-01 12:47:00-04:00,127.76000213623047,127.76000213623047,127.75499725341797,127.75499725341797,127.75499725341797,804
2024-04-01 12:48:00-04:00,127.77999877929688,127.80000305175781,127.77999877929688,127.80000305175781,127.80000305175781,500
2024-04-01 12:49:00-04:00,127.79000091552734,127.88500213623047,127.79000091552734,127.88500213623047,127.88500213623047,918
2024-04-01 12:50:00-04:00,127.87999725341797,127.87999725341797,127.87999725341797,127.87999725341797,127.87999725341797,330
2024-04-01 12:51:00-04:00,127.87999725341797,127.87999725341797,127.8447036743164,127.8447036743164,127.8447036743164,1434
2024-04-01 12:52:00-04:00,127.86000061035156,127.91000366210938,127.86000061035156,127.91000366210938,127.91000366210938,1488
2024-04-01 12:53:00-04:00,127.88999938964844,127.88999938964844,127.87000274658203,127.87000274658203,127.87000274658203,932
2024-04-01 12:54:00-04:00,127.86000061035156,127.86000061035156,127.86000061035156,127.86000061035156,127.86000061035156,613
2024-04-01 12:55:00-04:00,127.8499984741211,127.88500213623047,127.81999969482422,127.88500213623047,127.88500213623047,3130
2024-04-01 12:56:00-04:00,127.87000274658203,127.87000274658203,127.87000274658203,127.87000274658203,127.87000274658203,1178
2024-04-01 12:59:00-04:00,127.9000015258789,127.9000015258789,127.87000274658203,127.87000274658203,127.87000274658203,1681
2024-04-01 13:00:00-04:00,127.86000061035156,127.91000366210938,127.83499908447266,127.91000366210938,127.91000366210938,2086
2024-04-01 13:01:00-04:00,127.86000061035156,127.86000061035156,127.83000183105469,127.83000183105469,127.83000183105469,1627
2024-04-01 13:03:00-04:00,127.81999969482422,127.81999969482422,127.78500366210938,127.80000305175781,127.80000305175781,1888
2024-04-01 13:04:00-04:00,127.80000305175781,127.80000305175781,127.79000091552734,127.79000091552734,127.79000091552734,1255
2024-04-01 13:05:00-04:00,127.79000091552734,127.86000061035156,127.79000091552734,127.86000061035156,127.86000061035156,1743
2024-04-01 13:07:00-04:00,127.81999969482422,127.81999969482422,127.81500244140625,127.81500244140625,127.81500244140625,433
2024-04-01 13:08:00-04:00,127.80999755859375,127.87999725341797,127.77999877929688,127.87999725341797,127.87999725341797,2140
2024-04-01 13:09:00-04:00,127.91000366210938,127.91000366210938,127.91000366210938,127.91000366210938,127.91000366210938,630
2024-04-01 13:10:00-04:00,127.87000274658203,127.87000274658203,127.87000274658203,127.87000274658203,127.87000274658203,512
2024-04-01 13:11:00-04:00,127.875,127.875,127.875,127.875,127.875,337
2024-04-01 13:12:00-04:00,127.87999725341797,127.9000015258789,127.86000061035156,127.88999938964844,127.88999938964844,3569
2024-04-01 13:13:00-04:00,127.87999725341797,127.87999725341797,127.8499984741211,127.8499984741211,127.8499984741211,914
2024-04-01 13:14:00-04:00,127.87999725341797,127.91000366210938,127.87999725341797,127.91000366210938,127.91000366210938,796
2024-04-01 13:15:00-04:00,127.9000015258789,127.9000015258789,127.9000015258789,127.9000015258789,127.9000015258789,222
2024-04-01 13:16:00-04:00,127.87000274658203,127.87000274658203,127.83999633789062,127.83999633789062,127.83999633789062,1317
2024-04-01 13:17:00-04:00,127.83000183105469,127.83000183105469,127.83000183105469,127.83000183105469,127.83000183105469,452
2024-04-01 13:18:00-04:00,127.84989929199219,127.87000274658203,127.84989929199219,127.87000274658203,127.87000274658203,1092
2024-04-01 13:19:00-04:00,127.8499984741211,127.87999725341797,127.8499984741211,127.87000274658203,127.87000274658203,750
2024-04-01 13:20:00-04:00,127.8499984741211,127.8499984741211,127.80999755859375,127.83999633789062,127.83999633789062,2788
2024-04-01 13:23:00-04:00,127.80000305175781,127.80000305175781,127.80000305175781,127.80000305175781,127.80000305175781,473
2024-04-01 13:24:00-04:00,127.80000305175781,127.80000305175781,127.7699966430664,127.7699966430664,127.7699966430664,795
2024-04-01 13:25:00-04:00,127.79000091552734,127.79000091552734,127.79000091552734,127.79000091552734,127.79000091552734,1020
2024-04-01 13:27:00-04:00,127.80999755859375,127.85260009765625,127.80999755859375,127.85260009765625,127.85260009765625,1182
2024-04-01 13:28:00-04:00,127.83999633789062,127.83999633789062,127.83999633789062,127.83999633789062,127.83999633789062,672
2024-04-01 13:31:00-04:00,127.83999633789062,127.83999633789062,127.83999633789062,127.83999633789062,127.83999633789062,1001
2024-04-01 13:32:00-04:00,127.83999633789062,127.88999938964844,127.83999633789062,127.87000274658203,127.87000274658203,1871
2024-04-01 13:33:00-04:00,127.87000274658203,127.87999725341797,127.86000061035156,127.87999725341797,127.87999725341797,1201
2024-04-01 13:34:00-04:00,127.87000274658203,127.87000274658203,127.8499984741211,127.8499984741211,127.8499984741211,624
2024-04-01 13:35:00-04:00,127.83999633789062,127.83999633789062,127.83999633789062,127.83999633789062,127.83999633789062,933
2024-04-01 13:36:00-04:00,127.86000061035156,127.88999938964844,127.86000061035156,127.88999938964844,127.88999938964844,1219
2024-04-01 13:37:00-04:00,127.91500091552734,127.94000244140625,127.88999938964844,127.88999938964844,127.88999938964844,1696
2024-04-01 13:38:00-04:00,127.87000274658203,127.87000274658203,127.87000274658203,127.87000274658203,127.87000274658203,522
2024-04-01 13:40:00-04:00,127.86000061035156,127.88500213623047,127.86000061035156,127.88500213623047,127.88500213623047,712
2024-04-01 13:41:00-04:00,127.91000366210938,127.91000366210938,127.91000366210938,127.91000366210938,127.91000366210938,653
2024-04-01 13:42:00-04:00,127.91000366210938,127.91000366210938,127.91000366210938,127.91000366210938,127.91000366210938,211
2024-04-01 13:43:00-04:00,127.94000244140625,127.94000244140625,127.93000030517578,127.93000030517578,127.93000030517578,954
2024-04-01 13:44:00-04:00,127.93000030517578,127.93000030517578,127.91000366210938,127.93000030517578,127.93000030517578,1905
2024-04-01 13:45:00-04:00,127.9000015258789,127.9000015258789,127.9000015258789,127.9000015258789,127.9000015258789,324
2024-04-01 13:46:00-04:00,127.90499877929688,127.90499877929688,127.90499877929688,127.90499877929688,127.90499877929688,415
2024-04-01 13:47:00-04:00,127.90499877929688,127.90499877929688,127.88999938964844,127.88999938964844,127.88999938964844,683
2024-04-01 13:48:00-04:00,127.87000274658203,127.88999938964844,127.83000183105469,127.88999938964844,127.88999938964844,1399
2024-04-01 13:49:00-04:00,127.88500213623047,127.9000015258789,127.88500213623047,127.9000015258789,127.9000015258789,1648
2024-04-01 13:50:00-04:00,127.88999938964844,127.88999938964844,127.88999938964844,127.88999938964844,127.88999938964844,365
2024-04-01 13:51:00-04:00,127.875,127.875,127.875,127.875,127.875,439
2024-04-01 13:52:00-04:00,127.86000061035156,127.91000366210938,127.86000061035156,127.91000366210938,127.91000366210938,1339
2024-04-01 13:53:00-04:00,127.9000015258789,127.94000244140625,127.9000015258789,127.94000244140625,127.94000244140625,749
2024-04-01 13:54:00-04:00,127.93499755859375,127.93499755859375,127.91999816894531,127.91999816894531,127.91999816894531,358
2024-04-01 13:55:00-04:00,127.94999694824219,127.94999694824219,127.94999694824219,127.94999694824219,127.94999694824219,254
2024-04-01 13:56:00-04:00,127.94999694824219,127.94999694824219,127.94999694824219,127.94999694824219,127.94999694824219,547
2024-04-01 13:57:00-04:00,127.97000122070312,127.97000122070312,127.94999694824219,127.94999694824219,127.94999694824219,818
2024-04-01 13:58:00-04:00,127.95500183105469,127.95500183105469,127.95500183105469,127.95500183105469,127.95500183105469,239
2024-04-01 13:59:00-04:00,127.94000244140625,127.97000122070312,127.93000030517578,127.97000122070312,127.97000122070312,1072
2024-04-01 14:00:00-04:00,127.9800033569336,128.0050048828125,127.9800033569336,128.0050048828125,128.0050048828125,857
2024-04-01 14:01:00-04:00,128.00250244140625,128.00250244140625,128.00250244140625,128.00250244140625,128.00250244140625,617
2024-04-01 14:04:00-04:00,128.02999877929688,128.05999755859375,128.02999877929688,128.0500030517578,128.0500030517578,1858
2024-04-01 14:05:00-04:00,128.05999755859375,128.05999755859375,128.02999877929688,128.02999877929688,128.02999877929688,907
2024-04-01 14:06:00-04:00,128.02000427246094,128.0399932861328,128.02000427246094,128.02000427246094,128.02000427246094,2058
2024-04-01 14:07:00-04:00,128.0,128.0,127.9800033569336,127.9800033569336,127.9800033569336,1308
2024-04-01 14:08:00-04:00,127.9800033569336,128.0,127.97000122070312,127.97000122070312,127.97000122070312,1346
2024-04-01 14:09:00-04:00,127.97000122070312,127.97000122070312,127.97000122070312,127.97000122070312,127.97000122070312,470
2024-04-01 14:10:00-04:00,127.94999694824219,127.94999694824219,127.94999694824219,127.94999694824219,127.94999694824219,792
2024-04-01 14:11:00-04:00,127.94000244140625,127.94499969482422,127.92500305175781,127.92500305175781,127.92500305175781,1606
2024-04-01 14:12:00-04:00,127.94999694824219,127.94999694824219,127.94869995117188,127.94869995117188,127.94869995117188,835
2024-04-01 14:13:00-04:00,127.94999694824219,127.94999694824219,127.93000030517578,127.93000030517578,127.93000030517578,1501
2024-04-01 14:14:00-04:00,127.94999694824219,127.97000122070312,127.94999694824219,127.97000122070312,127.97000122070312,971
2024-04-01 14:15:00-04:00,127.97000122070312,127.97000122070312,127.94000244140625,127.95999908447266,127.95999908447266,1748
2024-04-01 14:18:00-04:00,127.95999908447266,128.00999450683594,127.95999908447266,128.00999450683594,128.00999450683594,1838
2024-04-01 14:20:00-04:00,128.00999450683594,128.0399932861328,128.0,128.0399932861328,128.0399932861328,3719
2024-04-01 14:21:00-04:00,128.0399932861328,128.0399932861328,128.0399932861328,128.0399932861328,128.0399932861328,761
2024-04-01 14:22:00-04:00,128.05999755859375,128.0850067138672,128.05999755859375,128.05999755859375,128.05999755859375,1469
2024-04-01 14:23:00-04:00,128.0399932861328,128.0399932861328,128.0,128.0,128.0,2373
2024-04-01 14:24:00-04:00,128.0,128.0,127.98500061035156,128.0,128.0,1616
2024-04-01 14:25:00-04:00,128.0,128.0,127.94999694824219,127.94999694824219,127.94999694824219,2003
2024-04-01 14:28:00-04:00,127.94999694824219,127.95500183105469,127.91000366210938,127.91000366210938,127.91000366210938,1378
2024-04-01 14:29:00-04:00,127.9000015258789,127.93000030517578,127.9000015258789,127.92369842529297,127.92369842529297,1523
2024-04-01 14:30:00-04:00,127.91999816894531,127.94000244140625,127.91999816894531,127.94000244140625,127.94000244140625,942
2024-04-01 14:31:00-04:00,127.93499755859375,127.93499755859375,127.91999816894531,127.91999816894531,127.91999816894531,462
2024-04-01 14:32:00-04:00,127.93000030517578,127.93000030517578,127.91999816894531,127.93000030517578,127.93000030517578,1927
2024-04-01 14:33:00-04:00,127.94999694824219,127.9749984741211,127.94000244140625,127.9749984741211,127.9749984741211,871
2024-04-01 14:34:00-04:00,127.94999694824219,127.96499633789062,127.93000030517578,127.93000030517578,127.93000030517578,3231
2024-04-01 14:36:00-04:00,127.91999816894531,127.94000244140625,127.91999816894531,127.94000244140625,127.94000244140625,1178
2024-04-01 14:37:00-04:00,127.93000030517578,127.93000030517578,127.93000030517578,127.93000030517578,127.93000030517578,127
2024-04-01 14:38:00-04:00,127.94999694824219,127.95999908447266,127.94000244140625,127.94000244140625,127.94000244140625,1372
2024-04-01 14:40:00-04:00,127.97000122070312,127.9800033569336,127.95999908447266,127.97000122070312,127.97000122070312,1336
2024-04-01 14:41:00-04:00,127.98999786376953,128.0,127.9800033569336,127.9800033569336,127.9800033569336,2362
2024-04-01 14:42:00-04:00,128.0,128.01499938964844,128.0,128.00999450683594,128.00999450683594,1642
2024-04-01 14:43:00-04:00,128.0,128.0050048828125,127.98999786376953,128.0050048828125,128.0050048828125,2017
2024-04-01 14:44:00-04:00,127.98999786376953,128.02999877929688,127.98500061035156,128.02999877929688,128.02999877929688,2141
2024-04-01 14:45:00-04:00,128.0,128.0,127.9800033569336,127.9800033569336,127.9800033569336,661
2024-04-01 14:46:00-04:00,127.98999786376953,127.98999786376953,127.98999786376953,127.98999786376953,127.98999786376953,356
2024-04-01 14:47:00-04:00,127.98500061035156,127.98500061035156,127.95999908447266,127.95999908447266,127.95999908447266,1727
2024-04-01 14:48:00-04:00,127.94000244140625,127.94000244140625,127.91999816894531,127.91999816894531,127.91999816894531,1486
2024-04-01 14:49:00-04:00,127.93000030517578,127.93000030517578,127.9000015258789,127.9000015258789,127.9000015258789,724
2024-04-01 14:50:00-04:00,127.93000030517578,127.93000030517578,127.91000366210938,127.93000030517578,127.93000030517578,1484
2024-04-01 14:52:00-04:00,127.94999694824219,127.95999908447266,127.94000244140625,127.95999908447266,127.95999908447266,971
2024-04-01 14:53:00-04:00,127.9800033569336,127.98999786376953,127.97000122070312,127.98999786376953,127.98999786376953,979
2024-04-01 14:54:00-04:00,127.97000122070312,127.97000122070312,127.9530029296875,127.97000122070312,127.97000122070312,1943
2024-04-01 14:55:00-04:00,127.97000122070312,127.97000122070312,127.956298828125,127.956298828125,127.956298828125,1217
2024-04-01 14:56:00-04:00,127.94999694824219,127.94999694824219,127.91999816894531,127.91999816894531,127.91999816894531,838
2024-04-01 14:57:00-04:00,127.94999694824219,127.9749984741211,127.93499755859375,127.9574966430664,127.9574966430664,1536
2024-04-01 14:58:00-04:00,127.9800033569336,127.9800033569336,127.94000244140625,127.94000244140625,127.94000244140625,1240
2024-04-01 14:59:00-04:00,127.95999908447266,127.98999786376953,127.95999908447266,127.9800033569336,127.9800033569336,1673
2024-04-01 15:00:00-04:00,127.95999908447266,127.97000122070312,127.95099639892578,127.95099639892578,127.95099639892578,735
2024-04-01 15:01:00-04:00,127.9800033569336,127.9800033569336,127.94000244140625,127.94000244140625,127.94000244140625,698
2024-04-01 15:02:00-04:00,127.9800033569336,127.9800033569336,127.86000061035156,127.86000061035156,127.86000061035156,3409
2024-04-01 15:03:00-04:00,127.86000061035156,127.88999938964844,127.86000061035156,127.87750244140625,127.87750244140625,1844
2024-04-01 15:04:00-04:00,127.87999725341797,127.9000015258789,127.87999725341797,127.9000015258789,127.9000015258789,1029
2024-04-01 15:05:00-04:00,127.88999938964844,127.88999938964844,127.86250305175781,127.87000274658203,127.87000274658203,1453
2024-04-01 15:06:00-04:00,127.87000274658203,127.93000030517578,127.86000061035156,127.93000030517578,127.93000030517578,2284
2024-04-01 15:07:00-04:00,127.91500091552734,127.91500091552734,127.91500091552734,127.91500091552734,127.91500091552734,107
2024-04-01 15:08:00-04:00,127.91500091552734,127.91500091552734,127.91500091552734,127.91500091552734,127.91500091552734,496
2024-04-01 15:09:00-04:00,127.95999908447266,127.97000122070312,127.95999908447266,127.95999908447266,127.95999908447266,1644
2024-04-01 15:10:00-04:00,128.02000427246094,128.02000427246094,128.00999450683594,128.00999450683594,128.00999450683594,922
2024-04-01 15:11:00-04:00,128.0,128.0,127.97000122070312,127.97000122070312,127.97000122070312,1326
2024-04-01 15:12:00-04:00,127.9749984741211,127.9749984741211,127.9749984741211,127.9749984741211,127.9749984741211,289
2024-04-01 15:13:00-04:00,127.95999908447266,127.9800033569336,127.95999908447266,127.96499633789062,127.96499633789062,826
2024-04-01 15:14:00-04:00,127.98999786376953,128.0,127.9739990234375,127.9739990234375,127.9739990234375,1517
2024-04-01 15:15:00-04:00,128.0,128.07000732421875,128.0,128.07000732421875,128.07000732421875,1695
2024-04-01 15:16:00-04:00,128.0500030517578,128.0500030517578,128.02000427246094,128.0500030517578,128.0500030517578,2611
2024-04-01 15:18:00-04:00,128.00999450683594,128.00999450683594,127.96749877929688,127.96749877929688,127.96749877929688,2797
2024-04-01 15:19:00-04:00,127.95999908447266,127.95999908447266,127.94999694824219,127.94999694824219,127.94999694824219,787
2024-04-01 15:20:00-04:00,127.97000122070312,127.97000122070312,127.97000122070312,127.97000122070312,127.97000122070312,700
2024-04-01 15:21:00-04:00,127.94999694824219,127.9800033569336,127.93000030517578,127.9800033569336,127.9800033569336,2875
2024-04-01 15:22:00-04:00,127.9800033569336,127.9800033569336,127.95500183105469,127.95500183105469,127.95500183105469,1555
2024-04-01 15:24:00-04:00,127.95999908447266,127.98999786376953,127.95999908447266,127.98999786376953,127.98999786376953,2250
2024-04-01 15:25:00-04:00,128.0,128.0,127.9729995727539,127.9800033569336,127.9800033569336,3262
2024-04-01 15:26:00-04:00,127.97000122070312,127.97000122070312,127.9000015258789,127.91000366210938,127.91000366210938,3737
2024-04-01 15:27:00-04:00,127.91000366210938,127.91999816894531,127.88500213623047,127.88500213623047,127.88500213623047,2561
2024-04-01 15:28:00-04:00,127.88500213623047,127.91500091552734,127.88500213623047,127.91500091552734,127.91500091552734,3005
2024-04-01 15:29:00-04:00,127.94999694824219,128.0,127.94999694824219,128.0,128.0,2343
2024-04-01 15:30:00-04:00,128.0,128.05999755859375,128.0,128.0449981689453,128.0449981689453,4848
2024-04-01 15:31:00-04:00,128.10000610351562,128.1300048828125,128.09500122070312,128.11000061035156,128.11000061035156,1357
2024-04-01 15:32:00-04:00,128.07000732421875,128.0850067138672,128.07000732421875,128.0850067138672,128.0850067138672,404
2024-04-01 15:33:00-04:00,128.0800018310547,128.0800018310547,128.07000732421875,128.07000732421875,128.07000732421875,255
2024-04-01 15:34:00-04:00,128.05999755859375,128.05999755859375,128.0399932861328,128.0399932861328,128.0399932861328,1306
2024-04-01 15:35:00-04:00,128.02999877929688,128.02999877929688,128.0,128.02999877929688,128.02999877929688,4669
2024-04-01 15:36:00-04:00,128.0,128.0,127.93499755859375,127.9800033569336,127.9800033569336,6196
2024-04-01 15:37:00-04:00,128.0,128.0399932861328,128.0,128.0399932861328,128.0399932861328,734
2024-04-01 15:38:00-04:00,128.02000427246094,128.07000732421875,128.02000427246094,128.07000732421875,128.07000732421875,1556
2024-04-01 15:39:00-04:00,128.08999633789062,128.1199951171875,128.08999633789062,128.10000610351562,128.10000610351562,2300
2024-04-01 15:40:00-04:00,128.1300048828125,128.14999389648438,128.1300048828125,128.14999389648438,128.14999389648438,817
2024-04-01 15:41:00-04:00,128.1699981689453,128.27000427246094,128.1699981689453,128.27000427246094,128.27000427246094,2537
2024-04-01 15:42:00-04:00,128.27000427246094,128.3699951171875,128.27000427246094,128.3699951171875,128.3699951171875,5132
2024-04-01 15:43:00-04:00,128.3800048828125,128.3800048828125,128.3699951171875,128.375,128.375,1601
2024-04-01 15:44:00-04:00,128.3800048828125,128.40499877929688,128.3699951171875,128.3800048828125,128.3800048828125,1636
2024-04-01 15:45:00-04:00,128.39999389648438,128.4199981689453,128.3800048828125,128.4199981689453,128.4199981689453,3963
2024-04-01 15:46:00-04:00,128.4199981689453,128.42999267578125,128.3800048828125,128.41000366210938,128.41000366210938,4632
2024-04-01 15:47:00-04:00,128.41000366210938,128.4199981689453,128.39999389648438,128.4199981689453,128.4199981689453,3257
2024-04-01 15:48:00-04:00,128.4199981689453,128.47000122070312,128.41000366210938,128.43499755859375,128.43499755859375,5898
2024-04-01 15:49:00-04:00,128.4199981689453,128.4499969482422,128.38999938964844,128.39500427246094,128.39500427246094,7087
2024-04-01 15:50:00-04:00,128.39999389648438,128.42999267578125,128.36000061035156,128.40499877929688,128.40499877929688,5473
2024-04-01 15:51:00-04:00,128.39999389648438,128.4550018310547,128.39999389648438,128.4199981689453,128.4199981689453,6215
2024-04-01 15:52:00-04:00,128.42999267578125,128.44000244140625,128.3800048828125,128.4199981689453,128.4199981689453,5809
2024-04-01 15:53:00-04:00,128.44000244140625,128.49000549316406,128.4250030517578,128.47500610351562,128.47500610351562,8511
2024-04-01 15:54:00-04:00,128.47000122070312,128.52000427246094,128.42999267578125,128.47999572753906,128.47999572753906,8924
2024-04-01 15:55:00-04:00,128.50999450683594,128.57000732421875,128.46499633789062,128.55999755859375,128.55999755859375,12711
2024-04-01 15:56:00-04:00,128.55999755859375,128.57000732421875,128.49000549316406,128.5399932861328,128.5399932861328,15633
2024-04-01 15:57:00-04:00,128.5399932861328,128.61000061035156,128.5399932861328,128.5800018310547,128.5800018310547,14412
2024-04-01 15:58:00-04:00,128.57000732421875,128.57000732421875,128.47000122070312,128.49000549316406,128.49000549316406,19028
2024-04-01 15:59:00-04:00,128.5,128.6199951171875,128.47999572753906,128.50999450683594,128.50999450683594,55605
2024-04-02 09:30:00-04:00,128.35000610351562,128.67999267578125,128.3249969482422,128.67999267578125,128.67999267578125,21628
2024-04-02 09:31:00-04:00,128.69500732421875,129.42999267578125,128.69500732421875,129.42999267578125,129.42999267578125,1928
2024-04-02 09:32:00-04:00,129.02999877929688,129.02999877929688,129.02999877929688,129.02999877929688,129.02999877929688,354
2024-04-02 09:33:00-04:00,128.88499450683594,128.88499450683594,128.5,128.5,128.5,900
2024-04-02 09:34:00-04:00,128.56500244140625,128.75999450683594,128.56500244140625,128.75999450683594,128.75999450683594,326
2024-04-02 09:35:00-04:00,128.41000366210938,128.41000366210938,128.375,128.375,128.375,780
2024-04-02 09:37:00-04:00,128.1999969482422,128.4499969482422,128.1999969482422,128.39999389648438,128.39999389648438,2488
2024-04-02 09:38:00-04:00,128.5,128.52000427246094,128.35000610351562,128.35000610351562,128.35000610351562,596
2024-04-02 09:39:00-04:00,128.5,128.66000366210938,128.44520568847656,128.66000366210938,128.66000366210938,3669
2024-04-02 09:40:00-04:00,128.5,128.5749969482422,128.47999572753906,128.47999572753906,128.47999572753906,486
2024-04-02 09:41:00-04:00,128.52999877929688,128.52999877929688,128.52999877929688,128.52999877929688,128.52999877929688,171
2024-04-02 09:42:00-04:00,128.5500030517578,128.58250427246094,128.47000122070312,128.4949951171875,128.4949951171875,2523
2024-04-02 09:43:00-04:00,128.4949951171875,128.61000061035156,128.41000366210938,128.5749969482422,128.5749969482422,2291
2024-04-02 09:44:00-04:00,128.63999938964844,128.7449951171875,128.63999938964844,128.7449951171875,128.7449951171875,480
2024-04-02 09:45:00-04:00,128.67999267578125,128.75,128.5,128.5,128.5,1647
2024-04-02 09:46:00-04:00,128.5500030517578,128.61000061035156,128.39999389648438,128.39999389648438,128.39999389648438,5522
2024-04-02 09:47:00-04:00,128.3800048828125,128.4600067138672,128.36000061035156,128.44500732421875,128.44500732421875,1856
2024-04-02 09:48:00-04:00,128.47999572753906,128.47999572753906,128.42999267578125,128.42999267578125,128.42999267578125,2260
2024-04-02 09:49:00-04:00,128.41000366210938,128.4250030517578,128.3800048828125,128.3800048828125,128.3800048828125,1943
2024-04-02 09:50:00-04:00,128.35000610351562,128.35000610351562,128.1199951171875,128.1999969482422,128.1999969482422,4297
2024-04-02 09:51:00-04:00,128.16000366210938,128.21499633789062,128.16000366210938,128.21499633789062,128.21499633789062,1166
2024-04-02 09:52:00-04:00,128.14999389648438,128.24000549316406,128.1300048828125,128.24000549316406,128.24000549316406,1426
2024-04-02 09:53:00-04:00,128.16000366210938,128.25,128.16000366210938,128.25,128.25,637
2024-04-02 09:54:00-04:00,128.3000030517578,128.3300018310547,128.25999450683594,128.28750610351562,128.28750610351562,1262
2024-04-02 09:55:00-04:00,128.3300018310547,128.375,128.28500366210938,128.3300018310547,128.3300018310547,4460
2024-04-02 09:56:00-04:00,128.33999633789062,128.33999633789062,128.32000732421875,128.32000732421875,128.32000732421875,314
2024-04-02 09:57:00-04:00,128.27999877929688,128.27999877929688,128.27999877929688,128.27999877929688,128.27999877929688,780
2024-04-02 09:58:00-04:00,128.31500244140625,128.37680053710938,128.31500244140625,128.37680053710938,128.37680053710938,693
2024-04-02 09:59:00-04:00,128.3874969482422,128.49000549316406,128.38499450683594,128.4499969482422,128.4499969482422,1304
2024-04-02 10:00:00-04:00,128.5500030517578,128.5500030517578,128.4199981689453,128.42999267578125,128.42999267578125,1460
2024-04-02 10:01:00-04:00,128.55999755859375,128.55999755859375,128.55999755859375,128.55999755859375,128.55999755859375,426
2024-04-02 10:02:00-04:00,128.69000244140625,128.69000244140625,128.69000244140625,128.69000244140625,128.69000244140625,797
2024-04-02 10:03:00-04:00,128.80999755859375,128.80999755859375,128.77000427246094,128.77000427246094,128.77000427246094,531
2024-04-02 10:04:00-04:00,128.72999572753906,128.72999572753906,128.6300048828125,128.6300048828125,128.6300048828125,1039
2024-04-02 10:05:00-04:00,128.66000366210938,128.66000366210938,128.60000610351562,128.60000610351562,128.60000610351562,995
2024-04-02 10:06:00-04:00,128.5449981689453,128.60000610351562,128.5449981689453,128.60000610351562,128.60000610351562,2225
2024-04-02 10:08:00-04:00,128.5749969482422,128.64999389648438,128.5749969482422,128.64999389648438,128.64999389648438,1390
2024-04-02 10:09:00-04:00,128.65499877929688,128.65499877929688,128.61000061035156,128.61000061035156,128.61000061035156,415
2024-04-02 10:10:00-04:00,128.60000610351562,128.60000610351562,128.50999450683594,128.52999877929688,128.52999877929688,1570
2024-04-02 10:11:00-04:00,128.50999450683594,128.55999755859375,128.47740173339844,128.47740173339844,128.47740173339844,2563
2024-04-02 10:13:00-04:00,128.41000366210938,128.4250030517578,128.41000366210938,128.4250030517578,128.4250030517578,497
2024-04-02 10:14:00-04:00,128.41000366210938,128.41000366210938,128.41000366210938,128.41000366210938,128.41000366210938,483
2024-04-02 10:15:00-04:00,128.4499969482422,128.4499969482422,128.38999938964844,128.38999938964844,128.38999938964844,1042
2024-04-02 10:16:00-04:00,128.3800048828125,128.42999267578125,128.34500122070312,128.3800048828125,128.3800048828125,2923
2024-04-02 10:18:00-04:00,128.32000732421875,128.32000732421875,128.27999877929688,128.27999877929688,128.27999877929688,541
2024-04-02 10:19:00-04:00,128.2899932861328,128.38499450683594,128.2899932861328,128.38499450683594,128.38499450683594,1953
2024-04-02 10:20:00-04:00,128.38999938964844,128.47000122070312,128.3800048828125,128.47000122070312,128.47000122070312,2844
2024-04-02 10:22:00-04:00,128.44000244140625,128.44000244140625,128.44000244140625,128.44000244140625,128.44000244140625,652
2024-04-02 10:23:00-04:00,128.3800048828125,128.4600067138672,128.3800048828125,128.4600067138672,128.4600067138672,566
2024-04-02 10:24:00-04:00,128.46499633789062,128.47000122070312,128.4600067138672,128.47000122070312,128.47000122070312,637
2024-04-02 10:25:00-04:00,128.47999572753906,128.52000427246094,128.47999572753906,128.52000427246094,128.52000427246094,939
2024-04-02 10:26:00-04:00,128.4600067138672,128.47999572753906,128.4600067138672,128.47999572753906,128.47999572753906,503
2024-04-02 10:27:00-04:00,128.52999877929688,128.55999755859375,128.4600067138672,128.47000122070312,128.47000122070312,2535
2024-04-02 10:28:00-04:00,128.4199981689453,128.42999267578125,128.4199981689453,128.4199981689453,128.4199981689453,1344
2024-04-02 10:29:00-04:00,128.44000244140625,128.44000244140625,128.41000366210938,128.41000366210938,128.41000366210938,1519
2024-04-02 10:31:00-04:00,128.39999389648438,128.41000366210938,128.37249755859375,128.40499877929688,128.40499877929688,1576
2024-04-02 10:32:00-04:00,128.35000610351562,128.41000366210938,128.35000610351562,128.41000366210938,128.41000366210938,1407
2024-04-02 10:33:00-04:00,128.39999389648438,128.39999389648438,128.35000610351562,128.35000610351562,128.35000610351562,770
2024-04-02 10:34:00-04:00,128.36500549316406,128.4199981689453,128.36500549316406,128.4199981689453,128.4199981689453,809
2024-04-02 10:35:00-04:00,128.38499450683594,128.4499969482422,128.38499450683594,128.4499969482422,128.4499969482422,2414
2024-04-02 10:36:00-04:00,128.4499969482422,128.4499969482422,128.4499969482422,128.4499969482422,128.4499969482422,490
2024-04-02 10:37:00-04:00,128.47000122070312,128.47000122070312,128.4149932861328,128.47000122070312,128.47000122070312,909
2024-04-02 10:38:00-04:00,128.5,128.52999877929688,128.44500732421875,128.52999877929688,128.52999877929688,996
2024-04-02 10:39:00-04:00,128.4949951171875,128.5399932861328,128.49000549316406,128.5399932861328,128.5399932861328,1195
2024-04-02 10:40:00-04:00,128.57000732421875,128.7100067138672,128.57000732421875,128.68499755859375,128.68499755859375,943
2024-04-02 10:41:00-04:00,128.7550048828125,128.7550048828125,128.63999938964844,128.6699981689453,128.6699981689453,2066
2024-04-02 10:42:00-04:00,128.71499633789062,128.71499633789062,128.71499633789062,128.71499633789062,128.71499633789062,586
2024-04-02 10:43:00-04:00,128.72000122070312,128.82989501953125,128.72000122070312,128.77499389648438,128.77499389648438,1643
2024-04-02 10:44:00-04:00,128.74000549316406,128.77499389648438,128.7100067138672,128.72000122070312,128.72000122070312,2041
2024-04-02 10:45:00-04:00,128.75,128.75,128.67999267578125,128.69500732421875,128.69500732421875,2089
2024-04-02 10:46:00-04:00,128.71499633789062,128.74000549316406,128.7100067138672,128.7100067138672,128.7100067138672,814
2024-04-02 10:47:00-04:00,128.7100067138672,128.7100067138672,128.64999389648438,128.64999389648438,128.64999389648438,1554
2024-04-02 10:48:00-04:00,128.64999389648438,128.64999389648438,128.44000244140625,128.4499969482422,128.4499969482422,1968
2024-04-02 10:49:00-04:00,128.4499969482422,128.50999450683594,128.4499969482422,128.50999450683594,128.50999450683594,856
2024-04-02 10:50:00-04:00,128.47000122070312,128.5399932861328,128.47000122070312,128.5399932861328,128.5399932861328,1251
2024-04-02 10:51:00-04:00,128.5399932861328,128.5500030517578,128.5399932861328,128.5500030517578,128.5500030517578,843
2024-04-02 10:52:00-04:00,128.61000061035156,128.63250732421875,128.52999877929688,128.5500030517578,128.5500030517578,1833
2024-04-02 10:53:00-04:00,128.49000549316406,128.5850067138672,128.49000549316406,128.52999877929688,128.52999877929688,899
2024-04-02 10:54:00-04:00,128.52999877929688,128.52999877929688,128.5050048828125,128.5124969482422,128.5124969482422,716
2024-04-02 10:55:00-04:00,128.55999755859375,128.55999755859375,128.5050048828125,128.5449981689453,128.5449981689453,1273
2024-04-02 10:56:00-04:00,128.52999877929688,128.5500030517578,128.52000427246094,128.5449981689453,128.5449981689453,1287
2024-04-02 10:57:00-04:00,128.5749969482422,128.5749969482422,128.5749969482422,128.5749969482422,128.5749969482422,266
2024-04-02 10:58:00-04:00,128.5,128.5399932861328,128.49000549316406,128.49000549316406,128.49000549316406,1770
2024-04-02 10:59:00-04:00,128.49000549316406,128.49000549316406,128.4499969482422,128.47999572753906,128.47999572753906,2266
2024-04-02 11:00:00-04:00,128.4199981689453,128.4199981689453,128.4199981689453,128.4199981689453,128.4199981689453,279
2024-04-02 11:01:00-04:00,128.3800048828125,128.41000366210938,128.3800048828125,128.38999938964844,128.38999938964844,1075
2024-04-02 11:02:00-04:00,128.3699951171875,128.3699951171875,128.30999755859375,128.30999755859375,128.30999755859375,924
2024-04-02 11:03:00-04:00,128.3249969482422,128.3300018310547,128.3249969482422,128.3300018310547,128.3300018310547,733
2024-04-02 11:05:00-04:00,128.33999633789062,128.33999633789062,128.30999755859375,128.30999755859375,128.30999755859375,1031
2024-04-02 11:06:00-04:00,128.32000732421875,128.36000061035156,128.32000732421875,128.3574981689453,128.3574981689453,969
2024-04-02 11:07:00-04:00,128.30999755859375,128.30999755859375,128.30999755859375,128.30999755859375,128.30999755859375,304
2024-04-02 11:08:00-04:00,128.3300018310547,128.3300018310547,128.3300018310547,128.3300018310547,128.3300018310547,252
2024-04-02 11:09:00-04:00,128.3300018310547,128.33999633789062,128.3249969482422,128.3249969482422,128.3249969482422,1487
2024-04-02 11:11:00-04:00,128.3300018310547,128.3300018310547,128.3300018310547,128.3300018310547,128.3300018310547,422
2024-04-02 11:12:00-04:00,128.3000030517578,128.3300018310547,128.22000122070312,128.22000122070312,128.22000122070312,2401
2024-04-02 11:13:00-04:00,128.22000122070312,128.22000122070312,128.22000122070312,128.22000122070312,128.22000122070312,861
2024-04-02 11:14:00-04:00,128.27000427246094,128.3000030517578,128.27000427246094,128.2899932861328,128.2899932861328,829
2024-04-02 11:15:00-04:00,128.30999755859375,128.30999755859375,128.30999755859375,128.30999755859375,128.30999755859375,925
2024-04-02 11:16:00-04:00,128.27000427246094,128.2949981689453,128.26080322265625,128.26080322265625,128.26080322265625,628
2024-04-02 11:17:00-04:00,128.3000030517578,128.3000030517578,128.3000030517578,128.3000030517578,128.3000030517578,246
2024-04-02 11:18:00-04:00,128.2899932861328,128.2899932861328,128.24000549316406,128.24000549316406,128.24000549316406,1441
2024-04-02 11:20:00-04:00,128.3000030517578,128.33999633789062,128.3000030517578,128.33999633789062,128.33999633789062,1604
2024-04-02 11:21:00-04:00,128.32000732421875,128.36000061035156,128.32000732421875,128.3446044921875,128.3446044921875,1371
2024-04-02 11:23:00-04:00,128.31500244140625,128.31500244140625,128.27499389648438,128.27499389648438,128.27499389648438,1241
2024-04-02 11:25:00-04:00,128.24000549316406,128.25999450683594,128.24000549316406,128.25999450683594,128.25999450683594,1158
2024-04-02 11:27:00-04:00,128.24249267578125,128.24249267578125,128.22000122070312,128.22500610351562,128.22500610351562,1245
2024-04-02 11:28:00-04:00,128.21249389648438,128.21249389648438,128.21249389648438,128.21249389648438,128.21249389648438,357
2024-04-02 11:29:00-04:00,128.22000122070312,128.22000122070312,128.17999267578125,128.19000244140625,128.19000244140625,2330
2024-04-02 11:30:00-04:00,128.1699981689453,128.1699981689453,128.14999389648438,128.14999389648438,128.14999389648438,1179
2024-04-02 11:31:00-04:00,128.1199951171875,128.17999267578125,128.1199951171875,128.17999267578125,128.17999267578125,3815
2024-04-02 11:32:00-04:00,128.19000244140625,128.27000427246094,128.19000244140625,128.27000427246094,128.27000427246094,6075
2024-04-02 11:33:00-04:00,128.2550048828125,128.25999450683594,128.22999572753906,128.22999572753906,128.22999572753906,3384
2024-04-02 11:34:00-04:00,128.24000549316406,128.30999755859375,128.24000549316406,128.27999877929688,128.27999877929688,4268
2024-04-02 11:35:00-04:00,128.24000549316406,128.27999877929688,128.24000549316406,128.27999877929688,128.27999877929688,780
2024-04-02 11:36:00-04:00,128.27999877929688,128.27999877929688,128.24000549316406,128.2550048828125,128.2550048828125,934
2024-04-02 11:37:00-04:00,128.27000427246094,128.27000427246094,128.25,128.25999450683594,128.25999450683594,1749
2024-04-02 11:38:00-04:00,128.25999450683594,128.25999450683594,128.24000549316406,128.24049377441406,128.24049377441406,1686
2024-04-02 11:39:00-04:00,128.26499938964844,128.2899932861328,128.19000244140625,128.19000244140625,128.19000244140625,1871
2024-04-02 11:40:00-04:00,128.1999969482422,128.1999969482422,128.1999969482422,128.1999969482422,128.1999969482422,385
2024-04-02 11:41:00-04:00,128.1999969482422,128.22000122070312,128.1999969482422,128.2100067138672,128.2100067138672,1040
2024-04-02 11:44:00-04:00,128.2100067138672,128.2100067138672,128.08999633789062,128.08999633789062,128.08999633789062,2509
2024-04-02 11:46:00-04:00,128.0800018310547,128.0800018310547,128.0800018310547,128.0800018310547,128.0800018310547,114
2024-04-02 11:47:00-04:00,128.07000732421875,128.07000732421875,128.07000732421875,128.07000732421875,128.07000732421875,481
2024-04-02 11:48:00-04:00,128.05999755859375,128.05999755859375,128.05999755859375,128.05999755859375,128.05999755859375,582
2024-04-02 11:50:00-04:00,128.0500030517578,128.07000732421875,128.02000427246094,128.05999755859375,128.05999755859375,2331
2024-04-02 11:51:00-04:00,128.03109741210938,128.07000732421875,128.03109741210938,128.05999755859375,128.05999755859375,1230
2024-04-02 11:52:00-04:00,128.0800018310547,128.0800018310547,128.0800018310547,128.0800018310547,128.0800018310547,325
2024-04-02 11:53:00-04:00,128.0749969482422,128.0749969482422,128.02999877929688,128.02999877929688,128.02999877929688,1813
2024-04-02 11:55:00-04:00,128.10000610351562,128.10000610351562,128.08999633789062,128.08999633789062,128.08999633789062,262
2024-04-02 11:56:00-04:00,128.1199951171875,128.1999969482422,128.1199951171875,128.1999969482422,128.1999969482422,958
2024-04-02 11:57:00-04:00,128.1699981689453,128.1699981689453,128.11000061035156,128.11000061035156,128.11000061035156,1735
2024-04-02 11:59:00-04:00,128.05499267578125,128.05499267578125,128.0500030517578,128.0500030517578,128.0500030517578,678
2024-04-02 12:00:00-04:00,128.0399932861328,128.0399932861328,128.0399932861328,128.0399932861328,128.0399932861328,278
2024-04-02 12:01:00-04:00,128.00999450683594,128.00999450683594,128.00999450683594,128.00999450683594,128.00999450683594,254
2024-04-02 12:02:00-04:00,128.00999450683594,128.02000427246094,127.94999694824219,127.95500183105469,127.95500183105469,1624
2024-04-02 12:03:00-04:00,127.94999694824219,127.97000122070312,127.93000030517578,127.93000030517578,127.93000030517578,503
2024-04-02 12:04:00-04:00,127.95999908447266,128.02999877929688,127.95999908447266,128.02000427246094,128.02000427246094,2007
2024-04-02 12:05:00-04:00,128.02000427246094,128.0399932861328,128.02000427246094,128.03529357910156,128.03529357910156,1032
2024-04-02 12:06:00-04:00,127.9800033569336,127.9800033569336,127.9000015258789,127.9000015258789,127.9000015258789,1641
2024-04-02 12:07:00-04:00,127.91000366210938,127.91000366210938,127.91000366210938,127.91000366210938,127.91000366210938,580
2024-04-02 12:08:00-04:00,127.86000061035156,127.87999725341797,127.8499984741211,127.86000061035156,127.86000061035156,979
2024-04-02 12:09:00-04:00,127.86499786376953,127.86499786376953,127.80999755859375,127.81999969482422,127.81999969482422,795
2024-04-02 12:11:00-04:00,127.81500244140625,127.81500244140625,127.75,127.7750015258789,127.7750015258789,2056
2024-04-02 12:12:00-04:00,127.79229736328125,127.79229736328125,127.79229736328125,127.79229736328125,127.79229736328125,489
2024-04-02 12:13:00-04:00,127.7300033569336,127.7300033569336,127.7300033569336,127.7300033569336,127.7300033569336,355
2024-04-02 12:14:00-04:00,127.70999908447266,127.70999908447266,127.70999908447266,127.70999908447266,127.70999908447266,577
2024-04-02 12:15:00-04:00,127.70999908447266,127.73999786376953,127.70999908447266,127.70999908447266,127.70999908447266,1203
2024-04-02 12:16:00-04:00,127.73999786376953,127.75499725341797,127.73999786376953,127.75499725341797,127.75499725341797,388
2024-04-02 12:17:00-04:00,127.74500274658203,127.77999877929688,127.74500274658203,127.77999877929688,127.77999877929688,1485
2024-04-02 12:18:00-04:00,127.80000305175781,127.80000305175781,127.80000305175781,127.80000305175781,127.80000305175781,151
2024-04-02 12:19:00-04:00,127.80999755859375,127.83000183105469,127.80999755859375,127.83000183105469,127.83000183105469,597
2024-04-02 12:20:00-04:00,127.80999755859375,127.80999755859375,127.75,127.75,127.75,605
2024-04-02 12:21:00-04:00,127.75,127.75,127.69999694824219,127.69999694824219,127.69999694824219,1078
2024-04-02 12:22:00-04:00,127.70500183105469,127.75,127.69999694824219,127.69999694824219,127.69999694824219,3896
2024-04-02 12:23:00-04:00,127.69999694824219,127.71499633789062,127.69000244140625,127.69999694824219,127.69999694824219,874
2024-04-02 12:24:00-04:00,127.69999694824219,127.69999694824219,127.69000244140625,127.69000244140625,127.69000244140625,1118
2024-04-02 12:25:00-04:00,127.66000366210938,127.66000366210938,127.66000366210938,127.66000366210938,127.66000366210938,103
2024-04-02 12:26:00-04:00,127.69999694824219,127.72000122070312,127.66000366210938,127.70999908447266,127.70999908447266,3309
2024-04-02 12:27:00-04:00,127.69999694824219,127.72000122070312,127.69999694824219,127.70500183105469,127.70500183105469,979
2024-04-02 12:28:00-04:00,127.70500183105469,127.73500061035156,127.70500183105469,127.72000122070312,127.72000122070312,3585
2024-04-02 12:29:00-04:00,127.6500015258789,127.68499755859375,127.62999725341797,127.68499755859375,127.68499755859375,2083
2024-04-02 12:30:00-04:00,127.68499755859375,127.68499755859375,127.62999725341797,127.62999725341797,127.62999725341797,996
2024-04-02 12:32:00-04:00,127.5999984741211,127.61499786376953,127.5999984741211,127.61499786376953,127.61499786376953,872
2024-04-02 12:33:00-04:00,127.5999984741211,127.63999938964844,127.54000091552734,127.55000305175781,127.55000305175781,6424
2024-04-02 12:34:00-04:00,127.55000305175781,127.55500030517578,127.5199966430664,127.5199966430664,127.5199966430664,2707
2024-04-02 12:35:00-04:00,127.55500030517578,127.55500030517578,127.51000213623047,127.54000091552734,127.54000091552734,3821
2024-04-02 12:36:00-04:00,127.54000091552734,127.54000091552734,127.45999908447266,127.45999908447266,127.45999908447266,1144
2024-04-02 12:37:00-04:00,127.45500183105469,127.5,127.43000030517578,127.47000122070312,127.47000122070312,6909
2024-04-02 12:40:00-04:00,127.48500061035156,127.55000305175781,127.48500061035156,127.52999877929688,127.52999877929688,2711
2024-04-02 12:41:00-04:00,127.55999755859375,127.58999633789062,127.55999755859375,127.58000183105469,127.58000183105469,1713
2024-04-02 12:43:00-04:00,127.55000305175781,127.55000305175781,127.48999786376953,127.51000213623047,127.51000213623047,1892
2024-04-02 12:44:00-04:00,127.51000213623047,127.51000213623047,127.41999816894531,127.41999816894531,127.41999816894531,1583
2024-04-02 12:45:00-04:00,127.41000366210938,127.41000366210938,127.41000366210938,127.41000366210938,127.41000366210938,811
2024-04-02 12:46:00-04:00,127.45999908447266,127.48999786376953,127.45999908447266,127.4800033569336,127.4800033569336,1595
2024-04-02 12:47:00-04:00,127.47000122070312,127.48999786376953,127.47000122070312,127.48999786376953,127.48999786376953,670
2024-04-02 12:48:00-04:00,127.51000213623047,127.56999969482422,127.5,127.56999969482422,127.56999969482422,2763
2024-04-02 12:49:00-04:00,127.58000183105469,127.63999938964844,127.58000183105469,127.63999938964844,127.63999938964844,967
2024-04-02 12:50:00-04:00,127.6500015258789,127.6500015258789,127.62999725341797,127.62999725341797,127.62999725341797,1290
2024-04-02 12:51:00-04:00,127.65249633789062,127.69999694824219,127.63500213623047,127.69999694824219,127.69999694824219,1346
2024-04-02 12:52:00-04:00,127.68000030517578,127.69000244140625,127.68000030517578,127.69000244140625,127.69000244140625,458
2024-04-02 12:53:00-04:00,127.67549896240234,127.67549896240234,127.67549896240234,127.67549896240234,127.67549896240234,720
2024-04-02 12:54:00-04:00,127.69999694824219,127.69999694824219,127.69999694824219,127.69999694824219,127.69999694824219,330
2024-04-02 12:55:00-04:00,127.72000122070312,127.7699966430664,127.70500183105469,127.7699966430664,127.7699966430664,1111
2024-04-02 12:56:00-04:00,127.75,127.75,127.75,127.75,127.75,297
2024-04-02 12:57:00-04:00,127.75,127.80000305175781,127.75,127.78399658203125,127.78399658203125,1334
2024-04-02 12:59:00-04:00,127.80999755859375,127.80999755859375,127.79000091552734,127.79000091552734,127.79000091552734,606
2024-04-02 13:00:00-04:00,127.83000183105469,127.83000183105469,127.7699966430664,127.7699966430664,127.7699966430664,1293
2024-04-02 13:02:00-04:00,127.75,127.76000213623047,127.75,127.76000213623047,127.76000213623047,584
2024-04-02 13:03:00-04:00,127.7699966430664,127.80000305175781,127.7699966430664,127.7699966430664,127.7699966430664,785
2024-04-02 13:05:00-04:00,127.75,127.76000213623047,127.7249984741211,127.76000213623047,127.76000213623047,687
2024-04-02 13:07:00-04:00,127.77999877929688,127.80999755859375,127.7699966430664,127.80999755859375,127.80999755859375,1424
2024-04-02 13:09:00-04:00,127.81999969482422,127.83000183105469,127.80999755859375,127.83000183105469,127.83000183105469,452
2024-04-02 13:10:00-04:00,127.83000183105469,127.83000183105469,127.83000183105469,127.83000183105469,127.83000183105469,540
2024-04-02 13:11:00-04:00,127.80999755859375,127.80999755859375,127.79000091552734,127.79000091552734,127.79000091552734,994
2024-04-02 13:12:00-04:00,127.80000305175781,127.80999755859375,127.73999786376953,127.73999786376953,127.73999786376953,1526
2024-04-02 13:13:00-04:00,127.72000122070312,127.72000122070312,127.72000122070312,127.72000122070312,127.72000122070312,225
2024-04-02 13:14:00-04:00,127.72000122070312,127.73999786376953,127.68000030517578,127.68000030517578,127.68000030517578,1329
2024-04-02 13:15:00-04:00,127.68000030517578,127.69999694824219,127.68000030517578,127.69999694824219,127.69999694824219,306
2024-04-02 13:16:00-04:00,127.70999908447266,127.73999786376953,127.70999908447266,127.7300033569336,127.7300033569336,580
2024-04-02 13:17:00-04:00,127.7249984741211,127.7249984741211,127.69999694824219,127.70999908447266,127.70999908447266,630
2024-04-02 13:18:00-04:00,127.70999908447266,127.70999908447266,127.65499877929688,127.65499877929688,127.65499877929688,912
2024-04-02 13:19:00-04:00,127.62999725341797,127.63500213623047,127.61000061035156,127.61000061035156,127.61000061035156,1125
2024-04-02 13:20:00-04:00,127.63929748535156,127.6500015258789,127.63929748535156,127.6500015258789,127.6500015258789,1375
2024-04-02 13:22:00-04:00,127.62999725341797,127.6500015258789,127.62999725341797,127.6500015258789,127.6500015258789,779
2024-04-02 13:24:00-04:00,127.66999816894531,127.70999908447266,127.66999816894531,127.70999908447266,127.70999908447266,1660
2024-04-02 13:26:00-04:00,127.7300033569336,127.7300033569336,127.70999908447266,127.70999908447266,127.70999908447266,617
2024-04-02 13:27:00-04:00,127.68000030517578,127.68000030517578,127.66000366210938,127.68000030517578,127.68000030517578,926
2024-04-02 13:28:00-04:00,127.72000122070312,127.72000122070312,127.72000122070312,127.72000122070312,127.72000122070312,629
2024-04-02 13:29:00-04:00,127.72000122070312,127.72000122070312,127.69000244140625,127.69000244140625,127.69000244140625,777
2024-04-02 13:30:00-04:00,127.6500015258789,127.66999816894531,127.6500015258789,127.66999816894531,127.66999816894531,805
2024-04-02 13:32:00-04:00,127.66999816894531,127.68000030517578,127.66000366210938,127.66000366210938,127.66000366210938,1552
2024-04-02 13:35:00-04:00,127.68000030517578,127.68000030517578,127.68000030517578,127.68000030517578,127.68000030517578,148
2024-04-02 13:36:00-04:00,127.66999816894531,127.69999694824219,127.66999816894531,127.69000244140625,127.69000244140625,1162
2024-04-02 13:37:00-04:00,127.66999816894531,127.66999816894531,127.6500015258789,127.6500015258789,127.6500015258789,592
2024-04-02 13:38:00-04:00,127.63999938964844,127.63999938964844,127.5999984741211,127.5999984741211,127.5999984741211,962
2024-04-02 13:40:00-04:00,127.58000183105469,127.58000183105469,127.58000183105469,127.58000183105469,127.58000183105469,358
2024-04-02 13:41:00-04:00,127.55999755859375,127.55999755859375,127.55999755859375,127.55999755859375,127.55999755859375,376
2024-04-02 13:42:00-04:00,127.56999969482422,127.56999969482422,127.56999969482422,127.56999969482422,127.56999969482422,452
2024-04-02 13:43:00-04:00,127.58000183105469,127.58000183105469,127.58000183105469,127.58000183105469,127.58000183105469,124
2024-04-02 13:44:00-04:00,127.55999755859375,127.61000061035156,127.54000091552734,127.61000061035156,127.61000061035156,3586
2024-04-02 13:45:00-04:00,127.62000274658203,127.63500213623047,127.62000274658203,127.63500213623047,127.63500213623047,746
2024-04-02 13:46:00-04:00,127.61000061035156,127.61000061035156,127.61000061035156,127.61000061035156,127.61000061035156,508
2024-04-02 13:47:00-04:00,127.63999938964844,127.66000366210938,127.63999938964844,127.66000366210938,127.66000366210938,475
2024-04-02 13:48:00-04:00,127.6500015258789,127.6500015258789,127.6500015258789,127.6500015258789,127.6500015258789,248
2024-04-02 13:49:00-04:00,127.66000366210938,127.66000366210938,127.66000366210938,127.66000366210938,127.66000366210938,178
2024-04-02 13:50:00-04:00,127.68000030517578,127.75,127.66999816894531,127.7300033569336,127.7300033569336,2211
2024-04-02 13:51:00-04:00,127.69999694824219,127.69999694824219,127.69999694824219,127.69999694824219,127.69999694824219,363
2024-04-02 13:52:00-04:00,127.69000244140625,127.69000244140625,127.6050033569336,127.61000061035156,127.61000061035156,4548
2024-04-02 13:53:00-04:00,127.5999984741211,127.5999984741211,127.58999633789062,127.58999633789062,127.58999633789062,838
2024-04-02 13:54:00-04:00,127.62000274658203,127.62000274658203,127.62000274658203,127.62000274658203,127.62000274658203,455
2024-04-02 13:55:00-04:00,127.58999633789062,127.66999816894531,127.58999633789062,127.66999816894531,127.66999816894531,8517
2024-04-02 13:56:00-04:00,127.69000244140625,127.69000244140625,127.66000366210938,127.66000366210938,127.66000366210938,2391
2024-04-02 13:57:00-04:00,127.66999816894531,127.72000122070312,127.66999816894531,127.72000122070312,127.72000122070312,949
2024-04-02 13:58:00-04:00,127.73999786376953,127.76499938964844,127.73999786376953,127.73999786376953,127.73999786376953,877
2024-04-02 13:59:00-04:00,127.72000122070312,127.75,127.70999908447266,127.75,127.75,2256
2024-04-02 14:00:00-04:00,127.75499725341797,127.76000213623047,127.75,127.76000213623047,127.76000213623047,950
2024-04-02 14:01:00-04:00,127.7300033569336,127.75,127.7300033569336,127.75,127.75,491
2024-04-02 14:02:00-04:00,127.7300033569336,127.75,127.7300033569336,127.75,127.75,1246
2024-04-02 14:03:00-04:00,127.75,127.77999877929688,127.75,127.77999877929688,127.77999877929688,1317
2024-04-02 14:04:00-04:00,127.7699966430664,127.7699966430664,127.7699966430664,127.7699966430664,127.7699966430664,131
2024-04-02 14:05:00-04:00,127.79000091552734,127.80000305175781,127.75,127.7699966430664,127.7699966430664,2069
2024-04-02 14:06:00-04:00,127.80000305175781,127.83999633789062,127.80000305175781,127.83999633789062,127.83999633789062,1095
2024-04-02 14:07:00-04:00,127.86000061035156,127.87999725341797,127.86000061035156,127.87999725341797,127.87999725341797,751
2024-04-02 14:08:00-04:00,127.88999938964844,127.88999938964844,127.8499984741211,127.8499984741211,127.8499984741211,1631
2024-04-02 14:09:00-04:00,127.8499984741211,127.87999725341797,127.8499984741211,127.87000274658203,127.87000274658203,737
2024-04-02 14:10:00-04:00,127.8499984741211,127.8499984741211,127.8499984741211,127.8499984741211,127.8499984741211,375
2024-04-02 14:11:00-04:00,127.86499786376953,127.87000274658203,127.8499984741211,127.87000274658203,127.87000274658203,2283
2024-04-02 14:13:00-04:00,127.87999725341797,127.9000015258789,127.87999725341797,127.9000015258789,127.9000015258789,1380
2024-04-02 14:14:00-04:00,127.9000015258789,127.9000015258789,127.9000015258789,127.9000015258789,127.9000015258789,760
2024-04-02 14:15:00-04:00,127.91999816894531,127.91999816894531,127.91999816894531,127.91999816894531,127.91999816894531,150
2024-04-02 14:16:00-04:00,127.93000030517578,127.93000030517578,127.91500091552734,127.91500091552734,127.91500091552734,780
2024-04-02 14:17:00-04:00,127.91999816894531,127.91999816894531,127.91999816894531,127.91999816894531,127.91999816894531,499
2024-04-02 14:18:00-04:00,127.87999725341797,127.87999725341797,127.83000183105469,127.86000061035156,127.86000061035156,2846
2024-04-02 14:19:00-04:00,127.87999725341797,127.94000244140625,127.87999725341797,127.94000244140625,127.94000244140625,1298
2024-04-02 14:20:00-04:00,127.93000030517578,127.95999908447266,127.93000030517578,127.94999694824219,127.94999694824219,1541
2024-04-02 14:21:00-04:00,127.91999816894531,127.91999816894531,127.91999816894531,127.91999816894531,127.91999816894531,712
2024-04-02 14:22:00-04:00,127.87999725341797,127.88999938964844,127.87999725341797,127.88999938964844,127.88999938964844,722
2024-04-02 14:23:00-04:00,127.9000015258789,127.91000366210938,127.88999938964844,127.88999938964844,127.88999938964844,1085
2024-04-02 14:24:00-04:00,127.91000366210938,127.97000122070312,127.91000366210938,127.97000122070312,127.97000122070312,1520
2024-04-02 14:25:00-04:00,127.97000122070312,128.02999877929688,127.97000122070312,128.02999877929688,128.02999877929688,2586
2024-04-02 14:26:00-04:00,128.02999877929688,128.02999877929688,128.00999450683594,128.00999450683594,128.00999450683594,1502
2024-04-02 14:27:00-04:00,128.0399932861328,128.0449981689453,128.0399932861328,128.0449981689453,128.0449981689453,1006
2024-04-02 14:28:00-04:00,128.0800018310547,128.0800018310547,128.0800018310547,128.0800018310547,128.0800018310547,640
2024-04-02 14:29:00-04:00,128.07000732421875,128.08999633789062,128.02999877929688,128.02999877929688,128.02999877929688,1912
2024-04-02 14:30:00-04:00,128.0050048828125,128.02999877929688,128.0050048828125,128.02999877929688,128.02999877929688,1324
2024-04-02 14:31:00-04:00,128.0500030517578,128.05999755859375,128.0500030517578,128.05999755859375,128.05999755859375,2000
2024-04-02 14:32:00-04:00,128.07000732421875,128.10499572753906,128.07000732421875,128.0800018310547,128.0800018310547,1702
2024-04-02 14:33:00-04:00,128.08999633789062,128.10000610351562,128.07000732421875,128.08999633789062,128.08999633789062,847
2024-04-02 14:34:00-04:00,128.10000610351562,128.1199951171875,128.07000732421875,128.0749969482422,128.0749969482422,1232
2024-04-02 14:35:00-04:00,128.11000061035156,128.1300048828125,128.11000061035156,128.1199951171875,128.1199951171875,699
2024-04-02 14:36:00-04:00,128.1199951171875,128.1199951171875,128.11000061035156,128.11000061035156,128.11000061035156,614
2024-04-02 14:37:00-04:00,128.10000610351562,128.11000061035156,128.10000610351562,128.11000061035156,128.11000061035156,1660
2024-04-02 14:38:00-04:00,128.1300048828125,128.16000366210938,128.11000061035156,128.14999389648438,128.14999389648438,2814
2024-04-02 14:39:00-04:00,128.16000366210938,128.17999267578125,128.15499877929688,128.15499877929688,128.15499877929688,705
2024-04-02 14:40:00-04:00,128.16000366210938,128.16000366210938,128.16000366210938,128.16000366210938,128.16000366210938,473
2024-04-02 14:41:00-04:00,128.17999267578125,128.2100067138672,128.17999267578125,128.2100067138672,128.2100067138672,1619
2024-04-02 14:42:00-04:00,128.22000122070312,128.22000122070312,128.22000122070312,128.22000122070312,128.22000122070312,666
2024-04-02 14:43:00-04:00,128.22999572753906,128.22999572753906,128.22999572753906,128.22999572753906,128.22999572753906,801
2024-04-02 14:44:00-04:00,128.22000122070312,128.22000122070312,128.22000122070312,128.22000122070312,128.22000122070312,590
2024-04-02 14:45:00-04:00,128.19000244140625,128.19000244140625,128.1750030517578,128.17999267578125,128.17999267578125,800
2024-04-02 14:46:00-04:00,128.1649932861328,128.1649932861328,128.14999389648438,128.15499877929688,128.15499877929688,792
2024-04-02 14:47:00-04:00,128.1999969482422,128.2100067138672,128.19149780273438,128.19149780273438,128.19149780273438,1410
2024-04-02 14:48:00-04:00,128.22000122070312,128.24000549316406,128.22000122070312,128.24000549316406,128.24000549316406,788
2024-04-02 14:49:00-04:00,128.2550048828125,128.2550048828125,128.22999572753906,128.22999572753906,128.22999572753906,771
2024-04-02 14:50:00-04:00,128.25,128.25999450683594,128.25,128.25999450683594,128.25999450683594,1405
2024-04-02 14:51:00-04:00,128.25,128.25,128.24000549316406,128.24000549316406,128.24000549316406,442
2024-04-02 14:52:00-04:00,128.22999572753906,128.22999572753906,128.1999969482422,128.1999969482422,128.1999969482422,1134
2024-04-02 14:53:00-04:00,128.22000122070312,128.22000122070312,128.1999969482422,128.1999969482422,128.1999969482422,1081
2024-04-02 14:54:00-04:00,128.19000244140625,128.19000244140625,128.125,128.1300048828125,128.1300048828125,6366
2024-04-02 14:55:00-04:00,128.10000610351562,128.19000244140625,128.0800018310547,128.1750030517578,128.1750030517578,9196
2024-04-02 14:56:00-04:00,128.15499877929688,128.16000366210938,128.15499877929688,128.16000366210938,128.16000366210938,760
2024-04-02 14:57:00-04:00,128.1699981689453,128.1699981689453,128.1300048828125,128.1300048828125,128.1300048828125,2370
2024-04-02 14:58:00-04:00,128.13499450683594,128.1649932861328,128.13499450683594,128.1649932861328,128.1649932861328,1607
2024-04-02 14:59:00-04:00,128.1649932861328,128.22000122070312,128.14999389648438,128.1750030517578,128.1750030517578,7479
2024-04-02 15:00:00-04:00,128.19500732421875,128.19500732421875,128.17999267578125,128.17999267578125,128.17999267578125,721
2024-04-02 15:01:00-04:00,128.14999389648438,128.19000244140625,128.14999389648438,128.17999267578125,128.17999267578125,1470
2024-04-02 15:02:00-04:00,128.18499755859375,128.18499755859375,128.1199951171875,128.13999938964844,128.13999938964844,2484
2024-04-02 15:03:00-04:00,128.14999389648438,128.14999389648438,128.14999389648438,128.14999389648438,128.14999389648438,137
2024-04-02 15:04:00-04:00,128.16000366210938,128.19500732421875,128.16000366210938,128.17999267578125,128.17999267578125,2035
2024-04-02 15:05:00-04:00,128.19000244140625,128.32000732421875,128.19000244140625,128.27999877929688,128.27999877929688,7081
2024-04-02 15:06:00-04:00,128.27000427246094,128.27000427246094,128.27000427246094,128.27000427246094,128.27000427246094,500
2024-04-02 15:07:00-04:00,128.2550048828125,128.27000427246094,128.24000549316406,128.27000427246094,128.27000427246094,1911
2024-04-02 15:08:00-04:00,128.30999755859375,128.35000610351562,128.3000030517578,128.35000610351562,128.35000610351562,1256
2024-04-02 15:09:00-04:00,128.33999633789062,128.34500122070312,128.3300018310547,128.34500122070312,128.34500122070312,1597
2024-04-02 15:10:00-04:00,128.36000061035156,128.41000366210938,128.36000061035156,128.3800048828125,128.3800048828125,1628
2024-04-02 15:11:00-04:00,128.39999389648438,128.41000366210938,128.36000061035156,128.36000061035156,128.36000061035156,2998
2024-04-02 15:12:00-04:00,128.3800048828125,128.3800048828125,128.36000061035156,128.3699951171875,128.3699951171875,1557
2024-04-02 15:13:00-04:00,128.35000610351562,128.39500427246094,128.35000610351562,128.3800048828125,128.3800048828125,1966
2024-04-02 15:14:00-04:00,128.3800048828125,128.39999389648438,128.35000610351562,128.35000610351562,128.35000610351562,2278
2024-04-02 15:15:00-04:00,128.3300018310547,128.35000610351562,128.2899932861328,128.35000610351562,128.35000610351562,2041
2024-04-02 15:16:00-04:00,128.3699951171875,128.3699951171875,128.33999633789062,128.35000610351562,128.35000610351562,1958
2024-04-02 15:17:00-04:00,128.3800048828125,128.3800048828125,128.3699951171875,128.3699951171875,128.3699951171875,630
2024-04-02 15:18:00-04:00,128.3699951171875,128.3699951171875,128.3699951171875,128.3699951171875,128.3699951171875,489
2024-04-02 15:19:00-04:00,128.35000610351562,128.35000610351562,128.33999633789062,128.33999633789062,128.33999633789062,3009
2024-04-02 15:20:00-04:00,128.35000610351562,128.4199981689453,128.35000610351562,128.4199981689453,128.4199981689453,2611
2024-04-02 15:21:00-04:00,128.42999267578125,128.44000244140625,128.41000366210938,128.44000244140625,128.44000244140625,2685
2024-04-02 15:22:00-04:00,128.4499969482422,128.49000549316406,128.4499969482422,128.48500061035156,128.48500061035156,4041
2024-04-02 15:23:00-04:00,128.5,128.52000427246094,128.48500061035156,128.5,128.5,3728
2024-04-02 15:24:00-04:00,128.5,128.5449981689453,128.5,128.5449981689453,128.5449981689453,1878
2024-04-02 15:25:00-04:00,128.5500030517578,128.61000061035156,128.5500030517578,128.61000061035156,128.61000061035156,3138
2024-04-02 15:26:00-04:00,128.6199951171875,128.6300048828125,128.60000610351562,128.61000061035156,128.61000061035156,6955
2024-04-02 15:27:00-04:00,128.64999389648438,128.6649932861328,128.64999389648438,128.64999389648438,128.64999389648438,1820
2024-04-02 15:28:00-04:00,128.67999267578125,128.67999267578125,128.67999267578125,128.67999267578125,128.67999267578125,749
2024-04-02 15:29:00-04:00,128.68499755859375,128.6851043701172,128.64999389648438,128.64999389648438,128.64999389648438,2260
2024-04-02 15:30:00-04:00,128.63999938964844,128.63999938964844,128.60499572753906,128.6199951171875,128.6199951171875,3278
2024-04-02 15:31:00-04:00,128.625,128.64500427246094,128.61000061035156,128.6199951171875,128.6199951171875,1511
2024-04-02 15:32:00-04:00,128.6199951171875,128.67999267578125,128.61000061035156,128.64999389648438,128.64999389648438,3383
2024-04-02 15:33:00-04:00,128.7100067138672,128.7100067138672,128.67999267578125,128.67999267578125,128.67999267578125,1396
2024-04-02 15:34:00-04:00,128.66000366210938,128.6699981689453,128.66000366210938,128.6649932861328,128.6649932861328,1662
2024-04-02 15:35:00-04:00,128.67999267578125,128.75999450683594,128.67999267578125,128.75999450683594,128.75999450683594,4575
2024-04-02 15:36:00-04:00,128.7899932861328,128.8000030517578,128.7550048828125,128.75999450683594,128.75999450683594,3289
2024-04-02 15:37:00-04:00,128.75,128.77999877929688,128.75,128.77999877929688,128.77999877929688,2684
2024-04-02 15:38:00-04:00,128.7899932861328,128.88999938964844,128.7899932861328,128.86000061035156,128.86000061035156,4433
2024-04-02 15:39:00-04:00,128.86000061035156,128.9199981689453,128.83999633789062,128.8800048828125,128.8800048828125,10908
2024-04-02 15:40:00-04:00,128.89999389648438,128.9199981689453,128.6999969482422,128.6999969482422,128.6999969482422,5945
2024-04-02 15:41:00-04:00,128.72000122070312,128.72000122070312,128.6300048828125,128.6300048828125,128.6300048828125,1919
2024-04-02 15:42:00-04:00,128.64999389648438,128.64999389648438,128.5500030517578,128.57000732421875,128.57000732421875,2239
2024-04-02 15:43:00-04:00,128.5399932861328,128.57000732421875,128.5399932861328,128.57000732421875,128.57000732421875,2821
2024-04-02 15:44:00-04:00,128.5500030517578,128.5500030517578,128.47999572753906,128.47999572753906,128.47999572753906,2105
2024-04-02 15:45:00-04:00,128.47999572753906,128.47999572753906,128.39999389648438,128.41000366210938,128.41000366210938,3308
2024-04-02 15:46:00-04:00,128.3699951171875,128.4600067138672,128.3699951171875,128.4600067138672,128.4600067138672,4582
2024-04-02 15:47:00-04:00,128.4600067138672,128.5500030517578,128.4600067138672,128.5500030517578,128.5500030517578,5163
2024-04-02 15:48:00-04:00,128.57000732421875,128.6999969482422,128.57000732421875,128.69000244140625,128.69000244140625,2146
2024-04-02 15:49:00-04:00,128.72000122070312,128.72000122070312,128.63499450683594,128.69000244140625,128.69000244140625,7550
2024-04-02 15:50:00-04:00,128.6699981689453,128.72000122070312,128.57000732421875,128.67999267578125,128.67999267578125,8656
2024-04-02 15:51:00-04:00,128.7100067138672,128.82000732421875,128.6999969482422,128.82000732421875,128.82000732421875,5172
2024-04-02 15:52:00-04:00,128.8000030517578,128.8000030517578,128.7100067138672,128.7100067138672,128.7100067138672,3690
2024-04-02 15:53:00-04:00,128.69500732421875,128.75,128.67999267578125,128.74000549316406,128.74000549316406,7025
2024-04-02 15:54:00-04:00,128.75,128.77999877929688,128.75,128.77999877929688,128.77999877929688,7762
2024-04-02 15:55:00-04:00,128.77999877929688,128.90499877929688,128.77999877929688,128.80999755859375,128.80999755859375,11865
2024-04-02 15:56:00-04:00,128.82000732421875,128.83999633789062,128.72999572753906,128.75999450683594,128.75999450683594,11614
2024-04-02 15:57:00-04:00,128.76499938964844,128.8000030517578,128.76499938964844,128.7899932861328,128.7899932861328,10508
2024-04-02 15:58:00-04:00,128.77000427246094,128.7899932861328,128.6699981689453,128.6999969482422,128.6999969482422,16089
2024-04-02 15:59:00-04:00,128.6999969482422,128.7100067138672,128.55999755859375,128.7100067138672,128.7100067138672,40926
2024-04-03 09:30:00-04:00,128.6199951171875,128.6199951171875,128.6199951171875,128.6199951171875,128.6199951171875,5345
2024-04-03 09:31:00-04:00,128.5050048828125,128.64999389648438,128.5050048828125,128.64999389648438,128.64999389648438,326
2024-04-03 09:32:00-04:00,128.65499877929688,128.65499877929688,128.64999389648438,128.64999389648438,128.64999389648438,490
2024-04-03 09:33:00-04:00,128.65499877929688,128.66000366210938,128.4499969482422,128.66000366210938,128.66000366210938,632
2024-04-03 09:34:00-04:00,128.5500946044922,128.5500946044922,128.5500946044922,128.5500946044922,128.5500946044922,301
2024-04-03 09:35:00-04:00,128.89999389648438,128.9550018310547,128.69000244140625,128.9499969482422,128.9499969482422,1620
2024-04-03 09:36:00-04:00,129.08999633789062,129.10499572753906,129.08999633789062,129.10499572753906,129.10499572753906,434
2024-04-03 09:37:00-04:00,129.33999633789062,129.5,129.33999633789062,129.5,129.5,1040
2024-04-03 09:38:00-04:00,129.5800018310547,129.5800018310547,129.55999755859375,129.5800018310547,129.5800018310547,756
2024-04-03 09:39:00-04:00,129.5,129.5800018310547,129.5,129.5,129.5,7236
2024-04-03 09:42:00-04:00,129.6300048828125,129.6300048828125,129.6300048828125,129.6300048828125,129.6300048828125,153
2024-04-03 09:43:00-04:00,129.6199951171875,129.8000030517578,129.6199951171875,129.8000030517578,129.8000030517578,694
2024-04-03 09:44:00-04:00,129.89999389648438,129.89999389648438,129.74000549316406,129.74000549316406,129.74000549316406,596
2024-04-03 09:45:00-04:00,130.0,130.0,130.0,130.0,130.0,238
2024-04-03 09:46:00-04:00,129.85000610351562,129.91000366210938,129.77000427246094,129.8699951171875,129.8699951171875,1776
2024-04-03 09:47:00-04:00,129.8699951171875,129.8699951171875,129.75999450683594,129.75999450683594,129.75999450683594,1778
2024-04-03 09:48:00-04:00,129.83999633789062,129.8699951171875,129.83999633789062,129.8699951171875,129.8699951171875,418
2024-04-03 09:49:00-04:00,129.69500732421875,129.69500732421875,129.6425018310547,129.6425018310547,129.6425018310547,975
2024-04-03 09:50:00-04:00,129.67999267578125,129.68499755859375,129.67999267578125,129.68499755859375,129.68499755859375,375
2024-04-03 09:51:00-04:00,129.75,129.75,129.75,129.75,129.75,681
2024-04-03 09:52:00-04:00,129.7100067138672,129.77999877929688,129.64500427246094,129.64500427246094,129.64500427246094,2837
2024-04-03 09:54:00-04:00,129.7050018310547,129.77999877929688,129.7050018310547,129.77999877929688,129.77999877929688,792
2024-04-03 09:55:00-04:00,129.75999450683594,129.77999877929688,129.6699981689453,129.75,129.75,2196
2024-04-03 09:56:00-04:00,129.74000549316406,129.74000549316406,129.6999969482422,129.6999969482422,129.6999969482422,1350
2024-04-03 09:57:00-04:00,129.7050018310547,129.7050018310547,129.6999969482422,129.6999969482422,129.6999969482422,518
2024-04-03 09:58:00-04:00,129.625,129.67999267578125,129.55999755859375,129.6300048828125,129.6300048828125,7637
2024-04-03 09:59:00-04:00,129.72000122070312,129.77999877929688,129.63999938964844,129.63999938964844,129.63999938964844,1030
2024-04-03 10:00:00-04:00,129.75,130.0,129.75,130.0,130.0,4279
2024-04-03 10:01:00-04:00,129.97000122070312,129.97000122070312,129.89999389648438,129.93499755859375,129.93499755859375,1585
2024-04-03 10:02:00-04:00,129.89549255371094,129.97500610351562,129.89549255371094,129.97500610351562,129.97500610351562,1326
2024-04-03 10:03:00-04:00,129.83999633789062,129.9600067138672,129.83999633789062,129.92999267578125,129.92999267578125,1937
2024-04-03 10:04:00-04:00,129.9149932861328,129.94000244140625,129.8300018310547,129.88499450683594,129.88499450683594,1740
2024-04-03 10:05:00-04:00,129.88999938964844,129.9600067138672,129.88999938964844,129.88999938964844,129.88999938964844,1080
2024-04-03 10:06:00-04:00,129.88999938964844,129.94000244140625,129.88999938964844,129.94000244140625,129.94000244140625,1033
2024-04-03 10:07:00-04:00,129.82000732421875,129.82000732421875,129.82000732421875,129.82000732421875,129.82000732421875,201
2024-04-03 10:08:00-04:00,129.8000030517578,129.85499572753906,129.7899932861328,129.7899932861328,129.7899932861328,754
2024-04-03 10:09:00-04:00,129.75999450683594,129.75999450683594,129.71499633789062,129.71499633789062,129.71499633789062,701
2024-04-03 10:10:00-04:00,129.69000244140625,129.72000122070312,129.69000244140625,129.72000122070312,129.72000122070312,500
2024-04-03 10:11:00-04:00,129.64500427246094,129.66000366210938,129.64500427246094,129.66000366210938,129.66000366210938,356
2024-04-03 10:12:00-04:00,129.63999938964844,129.63999938964844,129.63999938964844,129.63999938964844,129.63999938964844,272
2024-04-03 10:13:00-04:00,129.72999572753906,129.73500061035156,129.7100067138672,129.72500610351562,129.72500610351562,915
2024-04-03 10:14:00-04:00,129.66000366210938,129.66000366210938,129.61000061035156,129.61000061035156,129.61000061035156,464
2024-04-03 10:15:00-04:00,129.63999938964844,129.63999938964844,129.63999938964844,129.63999938964844,129.63999938964844,277
2024-04-03 10:16:00-04:00,129.61000061035156,129.6300048828125,129.50999450683594,129.50999450683594,129.50999450683594,1700
2024-04-03 10:18:00-04:00,129.4600067138672,129.47999572753906,129.4600067138672,129.47999572753906,129.47999572753906,539
2024-04-03 10:19:00-04:00,129.44000244140625,129.50999450683594,129.44000244140625,129.50999450683594,129.50999450683594,1041
2024-04-03 10:22:00-04:00,129.4499969482422,129.4499969482422,129.4250030517578,129.4250030517578,129.4250030517578,696
2024-04-03 10:23:00-04:00,129.36000061035156,129.36000061035156,129.25999450683594,129.2949981689453,129.2949981689453,771
2024-04-03 10:24:00-04:00,129.30999755859375,129.30999755859375,129.27999877929688,129.27999877929688,129.27999877929688,300
2024-04-03 10:26:00-04:00,129.30999755859375,129.47999572753906,129.30999755859375,129.44500732421875,129.44500732421875,3757
2024-04-03 10:28:00-04:00,129.4250030517578,129.4250030517578,129.3800048828125,129.3800048828125,129.3800048828125,1729
2024-04-03 10:29:00-04:00,129.36000061035156,129.39999389648438,129.33999633789062,129.33999633789062,129.33999633789062,990
2024-04-03 10:30:00-04:00,129.32000732421875,129.32000732421875,129.32000732421875,129.32000732421875,129.32000732421875,387
2024-04-03 10:32:00-04:00,129.38999938964844,129.47999572753906,129.38999938964844,129.47999572753906,129.47999572753906,1277
2024-04-03 10:33:00-04:00,129.41000366210938,129.42999267578125,129.41000366210938,129.42999267578125,129.42999267578125,1090
2024-04-03 10:35:00-04:00,129.47999572753906,129.5,129.47999572753906,129.5,129.5,1179
2024-04-03 10:36:00-04:00,129.50999450683594,129.50999450683594,129.4499969482422,129.4499969482422,129.4499969482422,486
2024-04-03 10:37:00-04:00,129.44000244140625,129.44000244140625,129.42999267578125,129.42999267578125,129.42999267578125,1345
2024-04-03 10:38:00-04:00,129.47999572753906,129.47999572753906,129.47999572753906,129.47999572753906,129.47999572753906,1847
2024-04-03 10:39:00-04:00,129.4199981689453,129.4199981689453,129.4199981689453,129.4199981689453,129.4199981689453,441
2024-04-03 10:40:00-04:00,129.39999389648438,129.4844970703125,129.39999389648438,129.4499969482422,129.4499969482422,11742
2024-04-03 10:42:00-04:00,129.4499969482422,129.4499969482422,129.30999755859375,129.30999755859375,129.30999755859375,2080
2024-04-03 10:44:00-04:00,129.3000030517578,129.31500244140625,129.3000030517578,129.3000030517578,129.3000030517578,575
2024-04-03 10:45:00-04:00,129.3300018310547,129.3300018310547,129.3249969482422,129.3249969482422,129.3249969482422,871
2024-04-03 10:48:00-04:00,129.3249969482422,129.4279022216797,129.3249969482422,129.4279022216797,129.4279022216797,1379
2024-04-03 10:49:00-04:00,129.41000366210938,129.4499969482422,129.41000366210938,129.44000244140625,129.44000244140625,805
2024-04-03 10:50:00-04:00,129.49000549316406,129.5449981689453,129.49000549316406,129.5449981689453,129.5449981689453,927
2024-04-03 10:52:00-04:00,129.52999877929688,129.52999877929688,129.49000549316406,129.49000549316406,129.49000549316406,830
2024-04-03 10:53:00-04:00,129.4949951171875,129.4949951171875,129.4949951171875,129.4949951171875,129.4949951171875,335
2024-04-03 10:54:00-04:00,129.5050048828125,129.5800018310547,129.5050048828125,129.53500366210938,129.53500366210938,996
2024-04-03 10:56:00-04:00,129.49000549316406,129.52999877929688,129.47000122070312,129.47999572753906,129.47999572753906,1563
2024-04-03 10:57:00-04:00,129.4600067138672,129.4600067138672,129.41000366210938,129.41000366210938,129.41000366210938,1444
2024-04-03 10:58:00-04:00,129.37049865722656,129.3800048828125,129.37049865722656,129.3800048828125,129.3800048828125,865
2024-04-03 10:59:00-04:00,129.3699951171875,129.3699951171875,129.3699951171875,129.3699951171875,129.3699951171875,1065
2024-04-03 11:01:00-04:00,129.3000030517578,129.3000030517578,129.25999450683594,129.25999450683594,129.25999450683594,358
2024-04-03 11:03:00-04:00,129.25,129.27999877929688,129.25,129.27999877929688,129.27999877929688,755
2024-04-03 11:04:00-04:00,129.28500366210938,129.34500122070312,129.28500366210938,129.34500122070312,129.34500122070312,1933
2024-04-03 11:05:00-04:00,129.3300018310547,129.3300018310547,129.3300018310547,129.3300018310547,129.3300018310547,517
2024-04-03 11:06:00-04:00,129.36000061035156,129.38999938964844,129.36000061035156,129.36000061035156,129.36000061035156,2742
2024-04-03 11:07:00-04:00,129.33999633789062,129.37730407714844,129.33999633789062,129.351806640625,129.351806640625,983
2024-04-03 11:08:00-04:00,129.36500549316406,129.42999267578125,129.36500549316406,129.39999389648438,129.39999389648438,1330
2024-04-03 11:10:00-04:00,129.3800048828125,129.3800048828125,129.3800048828125,129.3800048828125,129.3800048828125,385
2024-04-03 11:11:00-04:00,129.33999633789062,129.33999633789062,129.30999755859375,129.32000732421875,129.32000732421875,1308
2024-04-03 11:12:00-04:00,129.27999877929688,129.27999877929688,129.27999877929688,129.27999877929688,129.27999877929688,404
2024-04-03 11:13:00-04:00,129.27999877929688,129.27999877929688,129.27999877929688,129.27999877929688,129.27999877929688,224
2024-04-03 11:14:00-04:00,129.25,129.25,129.25,129.25,129.25,206
2024-04-03 11:15:00-04:00,129.2899932861328,129.2899932861328,129.27000427246094,129.28550720214844,129.28550720214844,1165
2024-04-03 11:16:00-04:00,129.3079071044922,129.33999633789062,129.3079071044922,129.33999633789062,129.33999633789062,880
2024-04-03 11:17:00-04:00,129.3699951171875,129.39999389648438,129.34500122070312,129.3699951171875,129.3699951171875,1205
2024-04-03 11:18:00-04:00,129.41000366210938,129.4199981689453,129.41000366210938,129.41000366210938,129.41000366210938,1028
2024-04-03 11:20:00-04:00,129.4499969482422,129.4499969482422,129.4499969482422,129.4499969482422,129.4499969482422,521
2024-04-03 11:21:00-04:00,129.47999572753906,129.47999572753906,129.4550018310547,129.4550018310547,129.4550018310547,664
2024-04-03 11:22:00-04:00,129.4499969482422,129.4499969482422,129.4499969482422,129.4499969482422,129.4499969482422,162
2024-04-03 11:23:00-04:00,129.47999572753906,129.47999572753906,129.47999572753906,129.47999572753906,129.47999572753906,301
2024-04-03 11:24:00-04:00,129.47500610351562,129.52999877929688,129.47500610351562,129.50999450683594,129.50999450683594,1925
2024-04-03 11:25:00-04:00,129.49000549316406,129.49000549316406,129.43499755859375,129.43499755859375,129.43499755859375,2527
2024-04-03 11:26:00-04:00,129.41000366210938,129.5,129.41000366210938,129.47000122070312,129.47000122070312,1562
2024-04-03 11:27:00-04:00,129.4199981689453,129.4199981689453,129.4199981689453,129.4199981689453,129.4199981689453,281
2024-04-03 11:29:00-04:00,129.47000122070312,129.47000122070312,129.47000122070312,129.47000122070312,129.47000122070312,789
2024-04-03 11:31:00-04:00,129.5,129.5,129.49000549316406,129.49000549316406,129.49000549316406,535
2024-04-03 11:32:00-04:00,129.4600067138672,129.4600067138672,129.4600067138672,129.4600067138672,129.4600067138672,346
2024-04-03 11:33:00-04:00,129.41000366210938,129.41000366210938,129.41000366210938,129.41000366210938,129.41000366210938,356
2024-04-03 11:34:00-04:00,129.4199981689453,129.47000122070312,129.4199981689453,129.4499969482422,129.4499969482422,1903
2024-04-03 11:35:00-04:00,129.42999267578125,129.4499969482422,129.4199981689453,129.4199981689453,129.4199981689453,1392
2024-04-03 11:37:00-04:00,129.4199981689453,129.42999267578125,129.4199981689453,129.42999267578125,129.42999267578125,426
2024-04-03 11:38:00-04:00,129.4199981689453,129.42999267578125,129.3800048828125,129.42999267578125,129.42999267578125,1352
2024-04-03 11:39:00-04:00,129.44000244140625,129.44000244140625,129.3699951171875,129.3699951171875,129.3699951171875,717
2024-04-03 11:40:00-04:00,129.39100646972656,129.39999389648438,129.3800048828125,129.39999389648438,129.39999389648438,1019
2024-04-03 11:42:00-04:00,129.42999267578125,129.42999267578125,129.39999389648438,129.40499877929688,129.40499877929688,1097
2024-04-03 11:43:00-04:00,129.4499969482422,129.4499969482422,129.44000244140625,129.44000244140625,129.44000244140625,574
2024-04-03 11:44:00-04:00,129.4199981689453,129.4199981689453,129.38999938964844,129.38999938964844,129.38999938964844,654
2024-04-03 11:45:00-04:00,129.36000061035156,129.36000061035156,129.36000061035156,129.36000061035156,129.36000061035156,787
2024-04-03 11:46:00-04:00,129.39999389648438,129.41000366210938,129.39999389648438,129.41000366210938,129.41000366210938,412
2024-04-03 11:47:00-04:00,129.3800048828125,129.3800048828125,129.3800048828125,129.3800048828125,129.3800048828125,390
2024-04-03 11:48:00-04:00,129.42999267578125,129.4499969482422,129.4199981689453,129.4499969482422,129.4499969482422,1294
2024-04-03 11:49:00-04:00,129.4499969482422,129.4499969482422,129.44000244140625,129.44000244140625,129.44000244140625,1126
2024-04-03 11:50:00-04:00,129.44000244140625,129.44000244140625,129.24000549316406,129.24000549316406,129.24000549316406,3218
2024-04-03 11:51:00-04:00,129.22999572753906,129.23500061035156,129.08059692382812,129.08059692382812,129.08059692382812,4164
2024-04-03 11:52:00-04:00,129.0800018310547,129.1300048828125,129.0800018310547,129.1300048828125,129.1300048828125,1273
2024-04-03 11:53:00-04:00,129.07000732421875,129.0800018310547,129.02000427246094,129.02000427246094,129.02000427246094,3041
2024-04-03 11:54:00-04:00,129.0,129.1300048828125,129.0,129.1300048828125,129.1300048828125,2023
2024-04-03 11:55:00-04:00,129.14999389648438,129.16000366210938,129.14999389648438,129.16000366210938,129.16000366210938,1022
2024-04-03 11:57:00-04:00,129.1699981689453,129.1999969482422,129.1699981689453,129.1999969482422,129.1999969482422,933
2024-04-03 11:58:00-04:00,129.1699981689453,129.1699981689453,129.1699981689453,129.1699981689453,129.1699981689453,492
2024-04-03 11:59:00-04:00,129.18499755859375,129.18499755859375,129.18499755859375,129.18499755859375,129.18499755859375,554
2024-04-03 12:00:00-04:00,129.16000366210938,129.16000366210938,129.16000366210938,129.16000366210938,129.16000366210938,447
2024-04-03 12:01:00-04:00,129.1649932861328,129.2100067138672,129.13999938964844,129.2100067138672,129.2100067138672,866
2024-04-03 12:04:00-04:00,129.16000366210938,129.16000366210938,129.1300048828125,129.1300048828125,129.1300048828125,1887
2024-04-03 12:05:00-04:00,129.1199951171875,129.1199951171875,129.1199951171875,129.1199951171875,129.1199951171875,528
2024-04-03 12:06:00-04:00,129.15750122070312,129.15750122070312,129.15750122070312,129.15750122070312,129.15750122070312,211
2024-04-03 12:07:00-04:00,129.14999389648438,129.16000366210938,129.14999389648438,129.15499877929688,129.15499877929688,773
2024-04-03 12:09:00-04:00,129.15499877929688,129.15499877929688,129.15499877929688,129.15499877929688,129.15499877929688,105
2024-04-03 12:10:00-04:00,129.19000244140625,129.19000244140625,129.0500030517578,129.0500030517578,129.0500030517578,4119
2024-04-03 12:12:00-04:00,129.0800018310547,129.1199951171875,129.0800018310547,129.1199951171875,129.1199951171875,477
2024-04-03 12:14:00-04:00,129.14999389648438,129.14999389648438,129.14999389648438,129.14999389648438,129.14999389648438,449
2024-04-03 12:15:00-04:00,129.08999633789062,129.1013946533203,129.08999633789062,129.1013946533203,129.1013946533203,2178
2024-04-03 12:16:00-04:00,129.16000366210938,129.17999267578125,129.16000366210938,129.1699981689453,129.1699981689453,580
2024-04-03 12:17:00-04:00,129.17999267578125,129.17999267578125,129.17999267578125,129.17999267578125,129.17999267578125,158
2024-04-03 12:18:00-04:00,129.2100067138672,129.25999450683594,129.2100067138672,129.25999450683594,129.25999450683594,787
2024-04-03 12:19:00-04:00,129.27999877929688,129.33999633789062,129.27999877929688,129.33999633789062,129.33999633789062,770
2024-04-03 12:20:00-04:00,129.35000610351562,129.35000610351562,129.2899932861328,129.32000732421875,129.32000732421875,1269
2024-04-03 12:21:00-04:00,129.35000610351562,129.3699951171875,129.35000610351562,129.35499572753906,129.35499572753906,1044
2024-04-03 12:22:00-04:00,129.38999938964844,129.41000366210938,129.34010314941406,129.34010314941406,129.34010314941406,946
2024-04-03 12:23:00-04:00,129.41000366210938,129.4199981689453,129.41000366210938,129.4199981689453,129.4199981689453,689
2024-04-03 12:25:00-04:00,129.4499969482422,129.4499969482422,129.41000366210938,129.41000366210938,129.41000366210938,3204
2024-04-03 12:26:00-04:00,129.49000549316406,129.49000549316406,129.47500610351562,129.47500610351562,129.47500610351562,463
2024-04-03 12:27:00-04:00,129.51499938964844,129.5500030517578,129.51499938964844,129.5500030517578,129.5500030517578,404
2024-04-03 12:29:00-04:00,129.5500030517578,129.55999755859375,129.5500030517578,129.55999755859375,129.55999755859375,862
2024-04-03 12:30:00-04:00,129.60000610351562,129.60000610351562,129.60000610351562,129.60000610351562,129.60000610351562,911
2024-04-03 12:32:00-04:00,129.61000061035156,129.61000061035156,129.55999755859375,129.58999633789062,129.58999633789062,1576
2024-04-03 12:33:00-04:00,129.61000061035156,129.61500549316406,129.5800018310547,129.5800018310547,129.5800018310547,1198
2024-04-03 12:34:00-04:00,129.55999755859375,129.55999755859375,129.55999755859375,129.55999755859375,129.55999755859375,344
2024-04-03 12:35:00-04:00,129.57000732421875,129.61000061035156,129.57000732421875,129.61000061035156,129.61000061035156,1144
2024-04-03 12:36:00-04:00,129.5800018310547,129.5800018310547,129.57000732421875,129.57000732421875,129.57000732421875,1089
2024-04-03 12:37:00-04:00,129.61000061035156,129.61000061035156,129.5,129.5,129.5,2987
2024-04-03 12:38:00-04:00,129.49000549316406,129.49000549316406,129.3800048828125,129.3800048828125,129.3800048828125,1390
2024-04-03 12:39:00-04:00,129.3800048828125,129.4250030517578,129.33999633789062,129.33999633789062,129.33999633789062,1989
2024-04-03 12:40:00-04:00,129.4199981689453,129.52999877929688,129.4199981689453,129.52999877929688,129.52999877929688,2013
2024-04-03 12:41:00-04:00,129.55999755859375,129.60000610351562,129.55999755859375,129.55999755859375,129.55999755859375,927
2024-04-03 12:42:00-04:00,129.55999755859375,129.55999755859375,129.55999755859375,129.55999755859375,129.55999755859375,609
2024-04-03 12:43:00-04:00,129.5800018310547,129.60000610351562,129.5800018310547,129.60000610351562,129.60000610351562,719
2024-04-03 12:44:00-04:00,129.6300048828125,129.66000366210938,129.6300048828125,129.63499450683594,129.63499450683594,555
2024-04-03 12:45:00-04:00,129.66000366210938,129.66000366210938,129.66000366210938,129.66000366210938,129.66000366210938,605
2024-04-03 12:46:00-04:00,129.66000366210938,129.66000366210938,129.61000061035156,129.61000061035156,129.61000061035156,819
2024-04-03 12:47:00-04:00,129.63499450683594,129.63499450683594,129.63499450683594,129.63499450683594,129.63499450683594,337
2024-04-03 12:48:00-04:00,129.625,129.625,129.625,129.625,129.625,100
2024-04-03 12:49:00-04:00,129.64999389648438,129.6699981689453,129.64999389648438,129.6699981689453,129.6699981689453,1158
2024-04-03 12:50:00-04:00,129.6999969482422,129.6999969482422,129.6999969482422,129.6999969482422,129.6999969482422,708
2024-04-03 12:51:00-04:00,129.71499633789062,129.74000549316406,129.71499633789062,129.74000549316406,129.74000549316406,660
2024-04-03 12:53:00-04:00,129.7100067138672,129.72500610351562,129.7100067138672,129.72500610351562,129.72500610351562,514
2024-04-03 12:54:00-04:00,129.69000244140625,129.69000244140625,129.69000244140625,129.69000244140625,129.69000244140625,411
2024-04-03 12:55:00-04:00,129.72999572753906,129.72999572753906,129.69000244140625,129.69000244140625,129.69000244140625,1668
2024-04-03 12:57:00-04:00,129.72999572753906,129.72999572753906,129.6699981689453,129.6699981689453,129.6699981689453,1843
2024-04-03 12:59:00-04:00,129.69000244140625,129.69000244140625,129.69000244140625,129.69000244140625,129.69000244140625,237
2024-04-03 13:00:00-04:00,129.7100067138672,129.7100067138672,129.6999969482422,129.6999969482422,129.6999969482422,1278
2024-04-03 13:01:00-04:00,129.6699981689453,129.6699981689453,129.6699981689453,129.6699981689453,129.6699981689453,505
2024-04-03 13:02:00-04:00,129.66000366210938,129.66000366210938,129.6300048828125,129.6300048828125,129.6300048828125,458
2024-04-03 13:03:00-04:00,129.6300048828125,129.72000122070312,129.6300048828125,129.72000122070312,129.72000122070312,1434
2024-04-03 13:04:00-04:00,129.73919677734375,129.74000549316406,129.73919677734375,129.74000549316406,129.74000549316406,1005
2024-04-03 13:05:00-04:00,129.72000122070312,129.72000122070312,129.69000244140625,129.69000244140625,129.69000244140625,1311
2024-04-03 13:06:00-04:00,129.72000122070312,129.72000122070312,129.72000122070312,129.72000122070312,129.72000122070312,101
2024-04-03 13:07:00-04:00,129.7100067138672,129.7100067138672,129.7100067138672,129.7100067138672,129.7100067138672,332
2024-04-03 13:08:00-04:00,129.6699981689453,129.67999267578125,129.6699981689453,129.67999267578125,129.67999267578125,2796
2024-04-03 13:09:00-04:00,129.68499755859375,129.7100067138672,129.68499755859375,129.7100067138672,129.7100067138672,3759
2024-04-03 13:10:00-04:00,129.67999267578125,129.74000549316406,129.67999267578125,129.72999572753906,129.72999572753906,1605
2024-04-03 13:11:00-04:00,129.6999969482422,129.6999969482422,129.6999969482422,129.6999969482422,129.6999969482422,566
2024-04-03 13:12:00-04:00,129.67750549316406,129.67750549316406,129.67750549316406,129.67750549316406,129.67750549316406,146
2024-04-03 13:13:00-04:00,129.66000366210938,129.66000366210938,129.66000366210938,129.66000366210938,129.66000366210938,813
2024-04-03 13:14:00-04:00,129.69000244140625,129.69000244140625,129.6699981689453,129.6699981689453,129.6699981689453,1476
2024-04-03 13:15:00-04:00,129.64999389648438,129.64999389648438,129.64999389648438,129.64999389648438,129.64999389648438,667
2024-04-03 13:16:00-04:00,129.66000366210938,129.66000366210938,129.66000366210938,129.66000366210938,129.66000366210938,245
2024-04-03 13:17:00-04:00,129.66000366210938,129.66000366210938,129.6199951171875,129.66000366210938,129.66000366210938,850
2024-04-03 13:18:00-04:00,129.58999633789062,129.58999633789062,129.58999633789062,129.58999633789062,129.58999633789062,493
2024-04-03 13:19:00-04:00,129.64999389648438,129.6699981689453,129.64999389648438,129.6699981689453,129.6699981689453,1001
2024-04-03 13:20:00-04:00,129.67999267578125,129.6999969482422,129.67999267578125,129.6999969482422,129.6999969482422,1246
2024-04-03 13:21:00-04:00,129.64999389648438,129.6699981689453,129.64999389648438,129.6699981689453,129.6699981689453,546
2024-04-03 13:22:00-04:00,129.6999969482422,129.6999969482422,129.6999969482422,129.6999969482422,129.6999969482422,519
2024-04-03 13:23:00-04:00,129.72000122070312,129.77999877929688,129.7100067138672,129.7100067138672,129.7100067138672,3339
2024-04-03 13:24:00-04:00,129.7100067138672,129.7100067138672,129.6649932861328,129.6649932861328,129.6649932861328,920
2024-04-03 13:25:00-04:00,129.6999969482422,129.72999572753906,129.6999969482422,129.7100067138672,129.7100067138672,1548
2024-04-03 13:29:00-04:00,129.67999267578125,129.67999267578125,129.67999267578125,129.67999267578125,129.67999267578125,377
2024-04-03 13:31:00-04:00,129.67999267578125,129.68499755859375,129.67999267578125,129.68499755859375,129.68499755859375,798
2024-04-03 13:32:00-04:00,129.67999267578125,129.67999267578125,129.67999267578125,129.67999267578125,129.67999267578125,739
2024-04-03 13:33:00-04:00,129.6999969482422,129.6999969482422,129.6699981689453,129.6699981689453,129.6699981689453,880
2024-04-03 13:35:00-04:00,129.6699981689453,129.6699981689453,129.6699981689453,129.6699981689453,129.6699981689453,479
2024-04-03 13:36:00-04:00,129.66000366210938,129.66000366210938,129.63999938964844,129.63999938964844,129.63999938964844,490
2024-04-03 13:37:00-04:00,129.64109802246094,129.64109802246094,129.6300048828125,129.6300048828125,129.6300048828125,1143
2024-04-03 13:38:00-04:00,129.60000610351562,129.60000610351562,129.60000610351562,129.60000610351562,129.60000610351562,1479
2024-04-03 13:39:00-04:00,129.5800018310547,129.5800018310547,129.5800018310547,129.5800018310547,129.5800018310547,274
2024-04-03 13:40:00-04:00,129.6199951171875,129.63999938964844,129.60000610351562,129.63999938964844,129.63999938964844,1833
2024-04-03 13:41:00-04:00,129.63999938964844,129.63999938964844,129.6199951171875,129.6199951171875,129.6199951171875,1189
2024-04-03 13:43:00-04:00,129.6300048828125,129.6300048828125,129.60000610351562,129.60000610351562,129.60000610351562,500
2024-04-03 13:44:00-04:00,129.6199951171875,129.6199951171875,129.6199951171875,129.6199951171875,129.6199951171875,273
2024-04-03 13:45:00-04:00,129.61000061035156,129.61199951171875,129.60499572753906,129.61199951171875,129.61199951171875,1169
2024-04-03 13:46:00-04:00,129.6300048828125,129.63999938964844,129.61000061035156,129.61500549316406,129.61500549316406,2444
2024-04-03 13:48:00-04:00,129.64999389648438,129.66000366210938,129.64999389648438,129.64999389648438,129.64999389648438,1078
2024-04-03 13:49:00-04:00,129.64999389648438,129.64999389648438,129.64999389648438,129.64999389648438,129.64999389648438,380
2024-04-03 13:50:00-04:00,129.6300048828125,129.6300048828125,129.60000610351562,129.60499572753906,129.60499572753906,1386
2024-04-03 13:51:00-04:00,129.66000366210938,129.66000366210938,129.6300048828125,129.6300048828125,129.6300048828125,925
2024-04-03 13:52:00-04:00,129.6699981689453,129.6699981689453,129.66000366210938,129.66000366210938,129.66000366210938,412
2024-04-03 13:53:00-04:00,129.64999389648438,129.64999389648438,129.64999389648438,129.64999389648438,129.64999389648438,271
2024-04-03 13:54:00-04:00,129.67999267578125,129.6999969482422,129.67999267578125,129.6999969482422,129.6999969482422,1131
2024-04-03 13:56:00-04:00,129.6699981689453,129.6699981689453,129.6699981689453,129.6699981689453,129.6699981689453,1415
2024-04-03 13:59:00-04:00,129.6999969482422,129.6999969482422,129.6999969482422,129.6999969482422,129.6999969482422,354
2024-04-03 14:00:00-04:00,129.6999969482422,129.6999969482422,129.63999938964844,129.64999389648438,129.64999389648438,1323
2024-04-03 14:02:00-04:00,129.6300048828125,129.6300048828125,129.6300048828125,129.6300048828125,129.6300048828125,122
2024-04-03 14:03:00-04:00,129.66000366210938,129.74000549316406,129.66000366210938,129.74000549316406,129.74000549316406,1182
2024-04-03 14:04:00-04:00,129.7100067138672,129.7270050048828,129.7100067138672,129.71499633789062,129.71499633789062,655
2024-04-03 14:05:00-04:00,129.72000122070312,129.78599548339844,129.71499633789062,129.78599548339844,129.78599548339844,1551
2024-04-03 14:07:00-04:00,129.7899932861328,129.7899932861328,129.7899932861328,129.7899932861328,129.7899932861328,390
2024-04-03 14:08:00-04:00,129.7899932861328,129.82000732421875,129.7899932861328,129.7899932861328,129.7899932861328,533
2024-04-03 14:09:00-04:00,129.75999450683594,129.75999450683594,129.6199951171875,129.6300048828125,129.6300048828125,3320
2024-04-03 14:10:00-04:00,129.5850067138672,129.63999938964844,129.5850067138672,129.6199951171875,129.6199951171875,990
2024-04-03 14:11:00-04:00,129.64999389648438,129.66000366210938,129.64999389648438,129.66000366210938,129.66000366210938,527
2024-04-03 14:12:00-04:00,129.6999969482422,129.6999969482422,129.6999969482422,129.6999969482422,129.6999969482422,214
2024-04-03 14:13:00-04:00,129.67010498046875,129.67010498046875,129.67010498046875,129.67010498046875,129.67010498046875,421
2024-04-03 14:14:00-04:00,129.6699981689453,129.6699981689453,129.64999389648438,129.64999389648438,129.64999389648438,1186
2024-04-03 14:15:00-04:00,129.65499877929688,129.66000366210938,129.6300048828125,129.6300048828125,129.6300048828125,1385
2024-04-03 14:16:00-04:00,129.60000610351562,129.60000610351562,129.60000610351562,129.60000610351562,129.60000610351562,638
2024-04-03 14:17:00-04:00,129.57000732421875,129.57000732421875,129.55499267578125,129.55499267578125,129.55499267578125,489
2024-04-03 14:18:00-04:00,129.5800018310547,129.6300048828125,129.5800018310547,129.6199951171875,129.6199951171875,1212
2024-04-03 14:20:00-04:00,129.61000061035156,129.6199951171875,129.61000061035156,129.6199951171875,129.6199951171875,987
2024-04-03 14:21:00-04:00,129.61000061035156,129.61000061035156,129.61000061035156,129.61000061035156,129.61000061035156,490
2024-04-03 14:22:00-04:00,129.60000610351562,129.6199951171875,129.60000610351562,129.6199951171875,129.6199951171875,722
2024-04-03 14:23:00-04:00,129.63999938964844,129.66000366210938,129.63999938964844,129.65499877929688,129.65499877929688,1672
2024-04-03 14:25:00-04:00,129.64999389648438,129.64999389648438,129.625,129.625,129.625,1871
2024-04-03 14:26:00-04:00,129.6374969482422,129.6374969482422,129.61000061035156,129.61000061035156,129.61000061035156,1171
2024-04-03 14:27:00-04:00,129.5500030517578,129.5500030517578,129.5500030517578,129.5500030517578,129.5500030517578,819
2024-04-03 14:30:00-04:00,129.5800018310547,129.5800018310547,129.5399932861328,129.5399932861328,129.5399932861328,1680
2024-04-03 14:31:00-04:00,129.5399932861328,129.5399932861328,129.49000549316406,129.50999450683594,129.50999450683594,2535
2024-04-03 14:32:00-04:00,129.51499938964844,129.5399932861328,129.49000549316406,129.49000549316406,129.49000549316406,1450
2024-04-03 14:33:00-04:00,129.47000122070312,129.52000427246094,129.47000122070312,129.47000122070312,129.47000122070312,1580
2024-04-03 14:34:00-04:00,129.47000122070312,129.47000122070312,129.4600067138672,129.4600067138672,129.4600067138672,587
2024-04-03 14:35:00-04:00,129.5,129.50999450683594,129.5,129.50999450683594,129.50999450683594,609
2024-04-03 14:37:00-04:00,129.47000122070312,129.50999450683594,129.4499969482422,129.50999450683594,129.50999450683594,7597
2024-04-03 14:38:00-04:00,129.49000549316406,129.52000427246094,129.49000549316406,129.52000427246094,129.52000427246094,1649
2024-04-03 14:39:00-04:00,129.52499389648438,129.52499389648438,129.52499389648438,129.52499389648438,129.52499389648438,127
2024-04-03 14:40:00-04:00,129.52999877929688,129.5500030517578,129.52999877929688,129.52999877929688,129.52999877929688,705
2024-04-03 14:41:00-04:00,129.55999755859375,129.57000732421875,129.55999755859375,129.57000732421875,129.57000732421875,548
2024-04-03 14:42:00-04:00,129.5500030517578,129.5500030517578,129.52999877929688,129.52999877929688,129.52999877929688,1276
2024-04-03 14:43:00-04:00,129.52999877929688,129.52999877929688,129.52999877929688,129.52999877929688,129.52999877929688,846
2024-04-03 14:44:00-04:00,129.5500030517578,129.5500030517578,129.5500030517578,129.5500030517578,129.5500030517578,739
2024-04-03 14:45:00-04:00,129.58999633789062,129.58999633789062,129.57000732421875,129.57000732421875,129.57000732421875,1192
2024-04-03 14:46:00-04:00,129.5749969482422,129.5749969482422,129.5749969482422,129.5749969482422,129.5749969482422,827
2024-04-03 14:47:00-04:00,129.5800018310547,129.5800018310547,129.5800018310547,129.5800018310547,129.5800018310547,139
2024-04-03 14:48:00-04:00,129.5749969482422,129.5749969482422,129.54440307617188,129.5500030517578,129.5500030517578,3630
2024-04-03 14:49:00-04:00,129.5399932861328,129.5435028076172,129.49000549316406,129.49000549316406,129.49000549316406,2702
2024-04-03 14:50:00-04:00,129.52000427246094,129.57000732421875,129.52000427246094,129.57000732421875,129.57000732421875,2637
2024-04-03 14:51:00-04:00,129.5500030517578,129.5500030517578,129.5449981689453,129.5449981689453,129.5449981689453,871
2024-04-03 14:52:00-04:00,129.52999877929688,129.52999877929688,129.47999572753906,129.47999572753906,129.47999572753906,1402
2024-04-03 14:53:00-04:00,129.47999572753906,129.5399932861328,129.47999572753906,129.5399932861328,129.5399932861328,1107
2024-04-03 14:54:00-04:00,129.52000427246094,129.5500030517578,129.52000427246094,129.5500030517578,129.5500030517578,978
2024-04-03 14:55:00-04:00,129.55999755859375,129.58999633789062,129.52000427246094,129.52000427246094,129.52000427246094,2372
2024-04-03 14:56:00-04:00,129.49000549316406,129.50999450683594,129.4600067138672,129.5050048828125,129.5050048828125,1936
2024-04-03 14:57:00-04:00,129.51499938964844,129.5175018310547,129.51499938964844,129.5175018310547,129.5175018310547,280
2024-04-03 14:58:00-04:00,129.5041046142578,129.5041046142578,129.5041046142578,129.5041046142578,129.5041046142578,286
2024-04-03 14:59:00-04:00,129.51499938964844,129.5500030517578,129.51499938964844,129.5500030517578,129.5500030517578,1077
2024-04-03 15:00:00-04:00,129.52999877929688,129.52999877929688,129.46719360351562,129.46719360351562,129.46719360351562,1985
2024-04-03 15:01:00-04:00,129.5,129.5050048828125,129.4600067138672,129.4980010986328,129.4980010986328,2290
2024-04-03 15:02:00-04:00,129.5,129.55999755859375,129.47329711914062,129.55999755859375,129.55999755859375,1820
2024-04-03 15:03:00-04:00,129.5500030517578,129.5500030517578,129.5449981689453,129.5449981689453,129.5449981689453,696
2024-04-03 15:04:00-04:00,129.5399932861328,129.5399932861328,129.52999877929688,129.52999877929688,129.52999877929688,979
2024-04-03 15:05:00-04:00,129.52000427246094,129.52000427246094,129.50999450683594,129.52000427246094,129.52000427246094,950
2024-04-03 15:06:00-04:00,129.5399932861328,129.57000732421875,129.5399932861328,129.55999755859375,129.55999755859375,956
2024-04-03 15:07:00-04:00,129.5399932861328,129.5399932861328,129.5399932861328,129.5399932861328,129.5399932861328,906
2024-04-03 15:08:00-04:00,129.52999877929688,129.52999877929688,129.52000427246094,129.52000427246094,129.52000427246094,1246
2024-04-03 15:09:00-04:00,129.50999450683594,129.52999877929688,129.50999450683594,129.52000427246094,129.52000427246094,1533
2024-04-03 15:10:00-04:00,129.5399932861328,129.5449981689453,129.5399932861328,129.5399932861328,129.5399932861328,1424
2024-04-03 15:11:00-04:00,129.5399932861328,129.5399932861328,129.47000122070312,129.47000122070312,129.47000122070312,3221
2024-04-03 15:12:00-04:00,129.46499633789062,129.46499633789062,129.35000610351562,129.38999938964844,129.38999938964844,1404
2024-04-03 15:13:00-04:00,129.3699951171875,129.3699951171875,129.35499572753906,129.3699951171875,129.3699951171875,638
2024-04-03 15:14:00-04:00,129.35000610351562,129.36000061035156,129.18499755859375,129.18499755859375,129.18499755859375,5135
2024-04-03 15:15:00-04:00,129.17999267578125,129.2100067138672,128.99000549316406,129.2100067138672,129.2100067138672,5544
2024-04-03 15:16:00-04:00,129.19000244140625,129.27000427246094,129.19000244140625,129.24000549316406,129.24000549316406,3846
2024-04-03 15:17:00-04:00,129.1699981689453,129.1699981689453,129.1699981689453,129.1699981689453,129.1699981689453,1318
2024-04-03 15:19:00-04:00,129.13999938964844,129.14999389648438,129.13999938964844,129.14999389648438,129.14999389648438,867
2024-04-03 15:20:00-04:00,129.13999938964844,129.16000366210938,129.06500244140625,129.06500244140625,129.06500244140625,5102
2024-04-03 15:21:00-04:00,129.0399932861328,129.0399932861328,129.0399932861328,129.0399932861328,129.0399932861328,406
2024-04-03 15:22:00-04:00,129.07000732421875,129.10000610351562,129.07000732421875,129.10000610351562,129.10000610351562,649
2024-04-03 15:23:00-04:00,129.10000610351562,129.10000610351562,129.0800018310547,129.0800018310547,129.0800018310547,1803
2024-04-03 15:24:00-04:00,129.05999755859375,129.06500244140625,129.0399932861328,129.05999755859375,129.05999755859375,3428
2024-04-03 15:25:00-04:00,129.05499267578125,129.14999389648438,129.0500030517578,129.14500427246094,129.14500427246094,3637
2024-04-03 15:26:00-04:00,129.16000366210938,129.17999267578125,129.10000610351562,129.10000610351562,129.10000610351562,3374
2024-04-03 15:27:00-04:00,129.13999938964844,129.17999267578125,129.13999938964844,129.17999267578125,129.17999267578125,1339
2024-04-03 15:28:00-04:00,129.1999969482422,129.25999450683594,129.1999969482422,129.2550048828125,129.2550048828125,2286
2024-04-03 15:29:00-04:00,129.24000549316406,129.24000549316406,129.17999267578125,129.17999267578125,129.17999267578125,3878
2024-04-03 15:30:00-04:00,129.22000122070312,129.35000610351562,129.22000122070312,129.3300018310547,129.3300018310547,3602
2024-04-03 15:31:00-04:00,129.3300018310547,129.38999938964844,129.3300018310547,129.3800048828125,129.3800048828125,1266
2024-04-03 15:32:00-04:00,129.38999938964844,129.39999389648438,129.3699951171875,129.3699951171875,129.3699951171875,1905
2024-04-03 15:33:00-04:00,129.3699951171875,129.3699951171875,129.3000030517578,129.3000030517578,129.3000030517578,4135
2024-04-03 15:34:00-04:00,129.3000030517578,129.36000061035156,129.3000030517578,129.36000061035156,129.36000061035156,2548
2024-04-03 15:35:00-04:00,129.38999938964844,129.48500061035156,129.38999938964844,129.42999267578125,129.42999267578125,4987
2024-04-03 15:37:00-04:00,129.42999267578125,129.44000244140625,129.4250030517578,129.44000244140625,129.44000244140625,536
2024-04-03 15:38:00-04:00,129.47500610351562,129.5,129.47500610351562,129.47999572753906,129.47999572753906,2838
2024-04-03 15:39:00-04:00,129.47999572753906,129.47999572753906,129.4499969482422,129.4550018310547,129.4550018310547,6481
2024-04-03 15:40:00-04:00,129.47000122070312,129.5,129.4600067138672,129.47000122070312,129.47000122070312,2265
2024-04-03 15:41:00-04:00,129.47999572753906,129.52499389648438,129.47999572753906,129.50999450683594,129.50999450683594,2523
2024-04-03 15:42:00-04:00,129.52000427246094,129.52000427246094,129.49000549316406,129.52000427246094,129.52000427246094,3306
2024-04-03 15:43:00-04:00,129.5399932861328,129.58999633789062,129.5399932861328,129.5800018310547,129.5800018310547,1716
2024-04-03 15:44:00-04:00,129.57000732421875,129.57000732421875,129.5500030517578,129.57000732421875,129.57000732421875,1622
2024-04-03 15:45:00-04:00,129.5500030517578,129.55999755859375,129.52499389648438,129.55999755859375,129.55999755859375,3378
2024-04-03 15:46:00-04:00,129.57000732421875,129.60000610351562,129.5399932861328,129.60000610351562,129.60000610351562,4294
2024-04-03 15:47:00-04:00,129.58999633789062,129.6199951171875,129.5800018310547,129.6199951171875,129.6199951171875,4985
2024-04-03 15:48:00-04:00,129.6300048828125,129.6300048828125,129.57000732421875,129.60000610351562,129.60000610351562,4560
2024-04-03 15:49:00-04:00,129.60000610351562,129.72000122070312,129.5749969482422,129.7100067138672,129.7100067138672,5078
2024-04-03 15:50:00-04:00,129.6999969482422,129.6999969482422,129.61000061035156,129.6300048828125,129.6300048828125,4547
2024-04-03 15:51:00-04:00,129.6374969482422,129.63999938964844,129.56500244140625,129.5800018310547,129.5800018310547,3354
2024-04-03 15:52:00-04:00,129.5850067138672,129.6300048828125,129.5749969482422,129.61000061035156,129.61000061035156,6246
2024-04-03 15:53:00-04:00,129.6300048828125,129.69000244140625,129.61000061035156,129.61000061035156,129.61000061035156,3327
2024-04-03 15:54:00-04:00,129.6199951171875,129.6199951171875,129.49000549316406,129.50999450683594,129.50999450683594,8894
2024-04-03 15:55:00-04:00,129.47999572753906,129.57000732421875,129.47999572753906,129.5,129.5,7899
2024-04-03 15:56:00-04:00,129.5,129.58999633789062,129.5,129.5800018310547,129.5800018310547,9785
2024-04-03 15:57:00-04:00,129.55999755859375,129.5800018310547,129.50999450683594,129.52000427246094,129.52000427246094,9760
2024-04-03 15:58:00-04:00,129.52000427246094,129.5800018310547,129.51499938964844,129.5500030517578,129.5500030517578,16273
2024-04-03 15:59:00-04:00,129.55999755859375,129.64999389648438,129.50999450683594,129.6300048828125,129.6300048828125,25694
2024-04-04 09:30:00-04:00,130.6999969482422,130.74000549316406,130.6999969482422,130.74000549316406,130.74000549316406,7666
2024-04-04 09:31:00-04:00,130.58999633789062,130.58999633789062,130.47500610351562,130.5500030517578,130.5500030517578,889
2024-04-04 09:32:00-04:00,130.5500030517578,130.72000122070312,130.52000427246094,130.72000122070312,130.72000122070312,2369
2024-04-04 09:37:00-04:00,130.41000366210938,130.41000366210938,130.41000366210938,130.41000366210938,130.41000366210938,208
2024-04-04 09:38:00-04:00,130.3300018310547,130.38499450683594,130.3300018310547,130.38499450683594,130.38499450683594,380
2024-04-04 09:39:00-04:00,130.3000030517578,130.5,130.3000030517578,130.5,130.5,1238
2024-04-04 09:41:00-04:00,130.66000366210938,130.66000366210938,130.66000366210938,130.66000366210938,130.66000366210938,416
2024-04-04 09:42:00-04:00,130.64500427246094,130.8300018310547,130.64500427246094,130.8300018310547,130.8300018310547,285
2024-04-04 09:44:00-04:00,130.8800048828125,130.8800048828125,130.75770568847656,130.75770568847656,130.75770568847656,657
2024-04-04 09:45:00-04:00,130.84500122070312,130.89999389648438,130.84500122070312,130.89999389648438,130.89999389648438,525
2024-04-04 09:46:00-04:00,131.19000244140625,131.19000244140625,131.19000244140625,131.19000244140625,131.19000244140625,101
2024-04-04 09:47:00-04:00,130.92999267578125,130.92999267578125,130.89999389648438,130.89999389648438,130.89999389648438,1232
2024-04-04 09:48:00-04:00,131.0399932861328,131.0399932861328,131.0399932861328,131.0399932861328,131.0399932861328,674
2024-04-04 09:51:00-04:00,131.05999755859375,131.08999633789062,130.9803009033203,130.9803009033203,130.9803009033203,2441
2024-04-04 09:52:00-04:00,131.05999755859375,131.05999755859375,131.05999755859375,131.05999755859375,131.05999755859375,141
2024-04-04 09:53:00-04:00,131.0500030517578,131.0500030517578,130.9499969482422,131.02999877929688,131.02999877929688,1329
2024-04-04 09:55:00-04:00,130.9199981689453,130.9199981689453,130.9199981689453,130.9199981689453,130.9199981689453,409
2024-04-04 09:56:00-04:00,130.98500061035156,131.08999633789062,130.98500061035156,131.05999755859375,131.05999755859375,1745
2024-04-04 09:57:00-04:00,131.02000427246094,131.05670166015625,131.02000427246094,131.05670166015625,131.05670166015625,283
2024-04-04 09:58:00-04:00,131.02999877929688,131.02999877929688,131.02499389648438,131.02999877929688,131.02999877929688,472
2024-04-04 09:59:00-04:00,130.97000122070312,131.0399932861328,130.97000122070312,131.0399932861328,131.0399932861328,1611
2024-04-04 10:00:00-04:00,131.0399932861328,131.0449981689453,130.9199981689453,130.94000244140625,130.94000244140625,11630
2024-04-04 10:01:00-04:00,130.88999938964844,130.91000366210938,130.77999877929688,130.88999938964844,130.88999938964844,5011
2024-04-04 10:02:00-04:00,130.94000244140625,130.94000244140625,130.8699951171875,130.89999389648438,130.89999389648438,1140
2024-04-04 10:03:00-04:00,130.91000366210938,130.91000366210938,130.8699951171875,130.8699951171875,130.8699951171875,708
2024-04-04 10:04:00-04:00,130.9199981689453,130.9552001953125,130.88999938964844,130.9552001953125,130.9552001953125,779
2024-04-04 10:06:00-04:00,130.90249633789062,130.92999267578125,130.8800048828125,130.88499450683594,130.88499450683594,2249
2024-04-04 10:07:00-04:00,130.92999267578125,130.97999572753906,130.9199981689453,130.97999572753906,130.97999572753906,2216
2024-04-04 10:09:00-04:00,130.99000549316406,131.01499938964844,130.97000122070312,130.99249267578125,130.99249267578125,3417
2024-04-04 10:10:00-04:00,130.9949951171875,131.00999450683594,130.97000122070312,131.00999450683594,131.00999450683594,1077
2024-04-04 10:11:00-04:00,131.02000427246094,131.0500030517578,131.00999450683594,131.03500366210938,131.03500366210938,2235
2024-04-04 10:12:00-04:00,131.0399932861328,131.0399932861328,130.91000366210938,130.91000366210938,130.91000366210938,1341
2024-04-04 10:13:00-04:00,130.8699951171875,130.8699951171875,130.81500244140625,130.81500244140625,130.81500244140625,2303
2024-04-04 10:14:00-04:00,130.81500244140625,130.82000732421875,130.72999572753906,130.72999572753906,130.72999572753906,1532
2024-04-04 10:15:00-04:00,130.7100067138672,130.7100067138672,130.67999267578125,130.67999267578125,130.67999267578125,1026
2024-04-04 10:18:00-04:00,130.5800018310547,130.5800018310547,130.5,130.57000732421875,130.57000732421875,2984
2024-04-04 10:20:00-04:00,130.57000732421875,130.57000732421875,130.55499267578125,130.55499267578125,130.55499267578125,807
2024-04-04 10:21:00-04:00,130.61000061035156,130.61000061035156,130.55999755859375,130.61000061035156,130.61000061035156,1234
2024-04-04 10:22:00-04:00,130.5850067138672,130.5850067138672,130.5850067138672,130.5850067138672,130.5850067138672,743
2024-04-04 10:23:00-04:00,130.52999877929688,130.52999877929688,130.5,130.5,130.5,2042
2024-04-04 10:24:00-04:00,130.55999755859375,130.55999755859375,130.50999450683594,130.50999450683594,130.50999450683594,582
2024-04-04 10:25:00-04:00,130.57000732421875,130.63999938964844,130.55999755859375,130.61500549316406,130.61500549316406,2332
2024-04-04 10:27:00-04:00,130.74000549316406,130.74000549316406,130.66000366210938,130.69000244140625,130.69000244140625,1112
2024-04-04 10:28:00-04:00,130.67999267578125,130.67999267578125,130.67999267578125,130.67999267578125,130.67999267578125,500
2024-04-04 10:30:00-04:00,130.72000122070312,130.72000122070312,130.6300048828125,130.6300048828125,130.6300048828125,390
2024-04-04 10:31:00-04:00,130.69000244140625,130.69000244140625,130.69000244140625,130.69000244140625,130.69000244140625,246
2024-04-04 10:32:00-04:00,130.6300048828125,130.68499755859375,130.61000061035156,130.6699981689453,130.6699981689453,1451
2024-04-04 10:33:00-04:00,130.6649932861328,130.6649932861328,130.6199951171875,130.6199951171875,130.6199951171875,433
2024-04-04 10:34:00-04:00,130.6999969482422,130.6999969482422,130.67999267578125,130.6999969482422,130.6999969482422,590
2024-04-04 10:36:00-04:00,130.6750030517578,130.6750030517578,130.6750030517578,130.6750030517578,130.6750030517578,401
2024-04-04 10:37:00-04:00,130.7100067138672,130.7100067138672,130.7100067138672,130.7100067138672,130.7100067138672,345
2024-04-04 10:38:00-04:00,130.69000244140625,130.73500061035156,130.69000244140625,130.73500061035156,130.73500061035156,909
2024-04-04 10:39:00-04:00,130.75999450683594,130.75999450683594,130.7100067138672,130.7100067138672,130.7100067138672,1348
2024-04-04 10:40:00-04:00,130.77000427246094,130.77000427246094,130.77000427246094,130.77000427246094,130.77000427246094,290
2024-04-04 10:41:00-04:00,130.74000549316406,130.8300018310547,130.74000549316406,130.80999755859375,130.80999755859375,1434
2024-04-04 10:43:00-04:00,130.8000030517578,130.80999755859375,130.8000030517578,130.80999755859375,130.80999755859375,667
2024-04-04 10:45:00-04:00,130.77000427246094,130.7899932861328,130.75999450683594,130.77000427246094,130.77000427246094,744
2024-04-04 10:46:00-04:00,130.77000427246094,130.77000427246094,130.77000427246094,130.77000427246094,130.77000427246094,156
2024-04-04 10:47:00-04:00,130.81500244140625,130.8300018310547,130.7550048828125,130.7550048828125,130.7550048828125,945
2024-04-04 10:49:00-04:00,130.7899932861328,130.89500427246094,130.7899932861328,130.8280029296875,130.8280029296875,933
2024-04-04 10:50:00-04:00,130.7899932861328,130.85000610351562,130.77999877929688,130.8300018310547,130.8300018310547,4252
2024-04-04 10:51:00-04:00,130.85000610351562,130.85000610351562,130.85000610351562,130.85000610351562,130.85000610351562,226
2024-04-04 10:52:00-04:00,130.82000732421875,130.82000732421875,130.82000732421875,130.82000732421875,130.82000732421875,358
2024-04-04 10:53:00-04:00,130.80999755859375,130.80999755859375,130.80999755859375,130.80999755859375,130.80999755859375,735
2024-04-04 10:54:00-04:00,130.8925018310547,130.8925018310547,130.8249969482422,130.8249969482422,130.8249969482422,1603
2024-04-04 10:55:00-04:00,130.8249969482422,130.85000610351562,130.82000732421875,130.85000610351562,130.85000610351562,637
2024-04-04 10:58:00-04:00,130.8000030517578,130.8000030517578,130.7100067138672,130.7100067138672,130.7100067138672,3717
2024-04-04 10:59:00-04:00,130.67999267578125,130.67999267578125,130.67999267578125,130.67999267578125,130.67999267578125,228
2024-04-04 11:00:00-04:00,130.66000366210938,130.6999969482422,130.66000366210938,130.6699981689453,130.6699981689453,1503
2024-04-04 11:01:00-04:00,130.6750030517578,130.7100067138672,130.66000366210938,130.6699981689453,130.6699981689453,2152
2024-04-04 11:03:00-04:00,130.63999938964844,130.63999938964844,130.5800018310547,130.63499450683594,130.63499450683594,2404
2024-04-04 11:04:00-04:00,130.60000610351562,130.60000610351562,130.55999755859375,130.55999755859375,130.55999755859375,1151
2024-04-04 11:06:00-04:00,130.5,130.5,130.4600067138672,130.4600067138672,130.4600067138672,1208
2024-04-04 11:07:00-04:00,130.44000244140625,130.44000244140625,130.44000244140625,130.44000244140625,130.44000244140625,351
2024-04-04 11:08:00-04:00,130.42999267578125,130.44000244140625,130.40499877929688,130.40499877929688,130.40499877929688,1999
2024-04-04 11:10:00-04:00,130.39500427246094,130.47000122070312,130.39500427246094,130.42999267578125,130.42999267578125,2022
2024-04-04 11:11:00-04:00,130.41000366210938,130.41000366210938,130.41000366210938,130.41000366210938,130.41000366210938,463
2024-04-04 11:12:00-04:00,130.39999389648438,130.39999389648438,130.39500427246094,130.39500427246094,130.39500427246094,1085
2024-04-04 11:14:00-04:00,130.32000732421875,130.32000732421875,130.31500244140625,130.31500244140625,130.31500244140625,608
2024-04-04 11:16:00-04:00,130.36000061035156,130.36000061035156,130.3300018310547,130.3300018310547,130.3300018310547,1424
2024-04-04 11:19:00-04:00,130.2803955078125,130.3300018310547,130.2803955078125,130.2969970703125,130.2969970703125,1553
2024-04-04 11:20:00-04:00,130.3300018310547,130.3350067138672,130.30999755859375,130.3350067138672,130.3350067138672,1052
2024-04-04 11:21:00-04:00,130.36500549316406,130.36500549316406,130.36000061035156,130.36000061035156,130.36000061035156,555
2024-04-04 11:24:00-04:00,130.38999938964844,130.38999938964844,130.38999938964844,130.38999938964844,130.38999938964844,401
2024-04-04 11:25:00-04:00,130.36000061035156,130.41000366210938,130.36000061035156,130.38999938964844,130.38999938964844,1877
2024-04-04 11:26:00-04:00,130.4199981689453,130.4499969482422,130.41000366210938,130.4499969482422,130.4499969482422,2039
2024-04-04 11:27:00-04:00,130.4499969482422,130.4499969482422,130.35000610351562,130.38999938964844,130.38999938964844,2316
2024-04-04 11:29:00-04:00,130.3939971923828,130.39999389648438,130.36000061035156,130.36000061035156,130.36000061035156,1096
2024-04-04 11:30:00-04:00,130.36000061035156,130.36500549316406,130.32000732421875,130.32000732421875,130.32000732421875,939
2024-04-04 11:31:00-04:00,130.3206024169922,130.3206024169922,130.32000732421875,130.32000732421875,130.32000732421875,19273
2024-04-04 11:32:00-04:00,130.3300018310547,130.38999938964844,130.22999572753906,130.38999938964844,130.38999938964844,4445
2024-04-04 11:33:00-04:00,130.44000244140625,130.44000244140625,130.44000244140625,130.44000244140625,130.44000244140625,112
2024-04-04 11:34:00-04:00,130.44000244140625,130.44000244140625,130.39999389648438,130.39999389648438,130.39999389648438,894
2024-04-04 11:35:00-04:00,130.39999389648438,130.39999389648438,130.39999389648438,130.39999389648438,130.39999389648438,138
2024-04-04 11:36:00-04:00,130.35000610351562,130.44000244140625,130.35000610351562,130.44000244140625,130.44000244140625,1325
2024-04-04 11:37:00-04:00,130.36000061035156,130.36000061035156,130.36000061035156,130.36000061035156,130.36000061035156,314
2024-04-04 11:38:00-04:00,130.3300018310547,130.3300018310547,130.24000549316406,130.24000549316406,130.24000549316406,1510
2024-04-04 11:39:00-04:00,130.2100067138672,130.22000122070312,130.17449951171875,130.17449951171875,130.17449951171875,795
2024-04-04 11:41:00-04:00,130.22500610351562,130.22999572753906,130.2050018310547,130.2050018310547,130.2050018310547,874
2024-04-04 11:42:00-04:00,130.1999969482422,130.25999450683594,130.1999969482422,130.2449951171875,130.2449951171875,1610
2024-04-04 11:43:00-04:00,130.23049926757812,130.30999755859375,130.23049926757812,130.30499267578125,130.30499267578125,770
2024-04-04 11:44:00-04:00,130.27000427246094,130.27000427246094,130.25999450683594,130.25999450683594,130.25999450683594,545
2024-04-04 11:45:00-04:00,130.2449951171875,130.2449951171875,130.2449951171875,130.2449951171875,130.2449951171875,578
2024-04-04 11:46:00-04:00,130.22999572753906,130.22999572753906,130.1405029296875,130.19000244140625,130.19000244140625,1898
2024-04-04 11:47:00-04:00,130.1999969482422,130.2100067138672,130.17999267578125,130.19329833984375,130.19329833984375,2677
2024-04-04 11:49:00-04:00,130.13999938964844,130.13999938964844,130.125,130.125,130.125,338
2024-04-04 11:50:00-04:00,130.11000061035156,130.11000061035156,130.11000061035156,130.11000061035156,130.11000061035156,351
2024-04-04 11:51:00-04:00,130.14999389648438,130.1699981689453,130.14999389648438,130.1699981689453,130.1699981689453,1029
2024-04-04 11:52:00-04:00,130.1638946533203,130.1638946533203,130.1638946533203,130.1638946533203,130.1638946533203,330
2024-04-04 11:53:00-04:00,130.22000122070312,130.22000122070312,130.2100067138672,130.2100067138672,130.2100067138672,691
2024-04-04 11:55:00-04:00,130.21499633789062,130.24000549316406,130.2100067138672,130.24000549316406,130.24000549316406,1007
2024-04-04 11:56:00-04:00,130.25999450683594,130.25999450683594,130.25999450683594,130.25999450683594,130.25999450683594,740
2024-04-04 11:59:00-04:00,130.24000549316406,130.27999877929688,130.24000549316406,130.27999877929688,130.27999877929688,791
2024-04-04 12:00:00-04:00,130.27000427246094,130.2899932861328,130.25999450683594,130.27000427246094,130.27000427246094,1959
2024-04-04 12:01:00-04:00,130.27000427246094,130.27000427246094,130.26499938964844,130.26499938964844,130.26499938964844,433
2024-04-04 12:02:00-04:00,130.26499938964844,130.26499938964844,130.24000549316406,130.24000549316406,130.24000549316406,1335
2024-04-04 12:04:00-04:00,130.25,130.27000427246094,130.25,130.27000427246094,130.27000427246094,884
2024-04-04 12:05:00-04:00,130.27999877929688,130.3300018310547,130.27999877929688,130.2899932861328,130.2899932861328,3021
2024-04-04 12:06:00-04:00,130.32000732421875,130.32000732421875,130.32000732421875,130.32000732421875,130.32000732421875,101
2024-04-04 12:07:00-04:00,130.32000732421875,130.36000061035156,130.30999755859375,130.36000061035156,130.36000061035156,1217
2024-04-04 12:08:00-04:00,130.35000610351562,130.4199981689453,130.35000610351562,130.4199981689453,130.4199981689453,1021
2024-04-04 12:09:00-04:00,130.4199981689453,130.47000122070312,130.4199981689453,130.4600067138672,130.4600067138672,1120
2024-04-04 12:10:00-04:00,130.4600067138672,130.4600067138672,130.3699951171875,130.3699951171875,130.3699951171875,3376
2024-04-04 12:11:00-04:00,130.3300018310547,130.3300018310547,130.3300018310547,130.3300018310547,130.3300018310547,302
2024-04-04 12:12:00-04:00,130.3000030517578,130.30999755859375,130.27999877929688,130.30999755859375,130.30999755859375,1970
2024-04-04 12:13:00-04:00,130.3300018310547,130.33999633789062,130.3300018310547,130.33999633789062,130.33999633789062,498
2024-04-04 12:15:00-04:00,130.31500244140625,130.36990356445312,130.31500244140625,130.36990356445312,130.36990356445312,362
2024-04-04 12:16:00-04:00,130.3249969482422,130.3249969482422,130.3249969482422,130.3249969482422,130.3249969482422,120
2024-04-04 12:17:00-04:00,130.2899932861328,130.2899932861328,130.2899932861328,130.2899932861328,130.2899932861328,292
2024-04-04 12:18:00-04:00,130.32000732421875,130.32000732421875,130.32000732421875,130.32000732421875,130.32000732421875,182
2024-04-04 12:19:00-04:00,130.32000732421875,130.32000732421875,130.32000732421875,130.32000732421875,130.32000732421875,456
2024-04-04 12:20:00-04:00,130.32000732421875,130.32000732421875,130.32000732421875,130.32000732421875,130.32000732421875,359
2024-04-04 12:21:00-04:00,130.32000732421875,130.35000610351562,130.32000732421875,130.35000610351562,130.35000610351562,1227
2024-04-04 12:22:00-04:00,130.3800048828125,130.3800048828125,130.375,130.3800048828125,130.3800048828125,1406
2024-04-04 12:23:00-04:00,130.3699951171875,130.39999389648438,130.36000061035156,130.38999938964844,130.38999938964844,1722
2024-04-04 12:24:00-04:00,130.3800048828125,130.3800048828125,130.3800048828125,130.3800048828125,130.3800048828125,383
2024-04-04 12:25:00-04:00,130.3800048828125,130.38999938964844,130.36000061035156,130.3800048828125,130.3800048828125,1693
2024-04-04 12:26:00-04:00,130.38999938964844,130.38999938964844,130.3800048828125,130.3800048828125,130.3800048828125,947
2024-04-04 12:27:00-04:00,130.35000610351562,130.35000610351562,130.33999633789062,130.33999633789062,130.33999633789062,1480
2024-04-04 12:28:00-04:00,130.36500549316406,130.36500549316406,130.36500549316406,130.36500549316406,130.36500549316406,905
2024-04-04 12:30:00-04:00,130.33999633789062,130.35000610351562,130.32000732421875,130.35000610351562,130.35000610351562,2083
2024-04-04 12:31:00-04:00,130.3699951171875,130.3699951171875,130.3699951171875,130.3699951171875,130.3699951171875,344
2024-04-04 12:33:00-04:00,130.36000061035156,130.36000061035156,130.30999755859375,130.30999755859375,130.30999755859375,2047
2024-04-04 12:35:00-04:00,130.31500244140625,130.31500244140625,130.31500244140625,130.31500244140625,130.31500244140625,749
2024-04-04 12:36:00-04:00,130.34500122070312,130.34500122070312,130.3300018310547,130.3300018310547,130.3300018310547,547
2024-04-04 12:37:00-04:00,130.3300018310547,130.35000610351562,130.3300018310547,130.3300018310547,130.3300018310547,1983
2024-04-04 12:40:00-04:00,130.33999633789062,130.33999633789062,130.3300018310547,130.3300018310547,130.3300018310547,755
2024-04-04 12:41:00-04:00,130.3300018310547,130.3300018310547,130.30999755859375,130.30999755859375,130.30999755859375,2049
2024-04-04 12:42:00-04:00,130.32000732421875,130.32000732421875,130.28030395507812,130.2899932861328,130.2899932861328,1969
2024-04-04 12:43:00-04:00,130.28500366210938,130.2899932861328,130.28500366210938,130.2899932861328,130.2899932861328,398
2024-04-04 12:44:00-04:00,130.2899932861328,130.3300018310547,130.2899932861328,130.3300018310547,130.3300018310547,2011
2024-04-04 12:45:00-04:00,130.33999633789062,130.33999633789062,130.33999633789062,130.33999633789062,130.33999633789062,1463
2024-04-04 12:46:00-04:00,130.33999633789062,130.33999633789062,130.32000732421875,130.32000732421875,130.32000732421875,1541
2024-04-04 12:47:00-04:00,130.30999755859375,130.30999755859375,130.2899932861328,130.2899932861328,130.2899932861328,590
2024-04-04 12:48:00-04:00,130.30999755859375,130.33999633789062,130.30999755859375,130.3300018310547,130.3300018310547,855
2024-04-04 12:49:00-04:00,130.3300018310547,130.3300018310547,130.32000732421875,130.3300018310547,130.3300018310547,1314
2024-04-04 12:50:00-04:00,130.32000732421875,130.32000732421875,130.302001953125,130.302001953125,130.302001953125,1681
2024-04-04 12:51:00-04:00,130.30999755859375,130.30999755859375,130.30999755859375,130.30999755859375,130.30999755859375,2338
2024-04-04 12:52:00-04:00,130.30999755859375,130.35000610351562,130.30999755859375,130.35000610351562,130.35000610351562,1537
2024-04-04 12:53:00-04:00,130.33999633789062,130.33999633789062,130.33999633789062,130.33999633789062,130.33999633789062,387
2024-04-04 12:54:00-04:00,130.36000061035156,130.3699951171875,130.35000610351562,130.35000610351562,130.35000610351562,878
2024-04-04 12:55:00-04:00,130.3800048828125,130.38999938964844,130.3800048828125,130.38999938964844,130.38999938964844,1108
2024-04-04 12:56:00-04:00,130.4199981689453,130.42999267578125,130.4199981689453,130.42999267578125,130.42999267578125,1541
2024-04-04 12:57:00-04:00,130.4199981689453,130.4199981689453,130.39999389648438,130.39999389648438,130.39999389648438,3898
2024-04-04 12:58:00-04:00,130.41000366210938,130.4499969482422,130.41000366210938,130.4499969482422,130.4499969482422,2573
2024-04-04 12:59:00-04:00,130.4199981689453,130.4499969482422,130.4199981689453,130.4499969482422,130.4499969482422,675
2024-04-04 13:00:00-04:00,130.44500732421875,130.49000549316406,130.44500732421875,130.49000549316406,130.49000549316406,804
2024-04-04 13:01:00-04:00,130.52999877929688,130.57000732421875,130.52999877929688,130.5399932861328,130.5399932861328,3560
2024-04-04 13:02:00-04:00,130.50999450683594,130.52000427246094,130.5,130.52000427246094,130.52000427246094,1637
2024-04-04 13:03:00-04:00,130.52000427246094,130.52999877929688,130.50999450683594,130.50999450683594,130.50999450683594,1592
2024-04-04 13:05:00-04:00,130.49000549316406,130.49000549316406,130.49000549316406,130.49000549316406,130.49000549316406,655
2024-04-04 13:06:00-04:00,130.47999572753906,130.47999572753906,130.4499969482422,130.4499969482422,130.4499969482422,916
2024-04-04 13:08:00-04:00,130.42999267578125,130.42999267578125,130.42999267578125,130.42999267578125,130.42999267578125,236
2024-04-04 13:09:00-04:00,130.4499969482422,130.46749877929688,130.4499969482422,130.4499969482422,130.4499969482422,1632
2024-04-04 13:10:00-04:00,130.4499969482422,130.4499969482422,130.4499969482422,130.4499969482422,130.4499969482422,691
2024-04-04 13:11:00-04:00,130.4499969482422,130.4499969482422,130.4499969482422,130.4499969482422,130.4499969482422,108
2024-04-04 13:12:00-04:00,130.44000244140625,130.44000244140625,130.44000244140625,130.44000244140625,130.44000244140625,625
2024-04-04 13:13:00-04:00,130.4499969482422,130.4499969482422,130.4499969482422,130.4499969482422,130.4499969482422,711
2024-04-04 13:14:00-04:00,130.44000244140625,130.44000244140625,130.4199981689453,130.4199981689453,130.4199981689453,1526
2024-04-04 13:15:00-04:00,130.42999267578125,130.42999267578125,130.4250030517578,130.4250030517578,130.4250030517578,844
2024-04-04 13:16:00-04:00,130.4199981689453,130.4199981689453,130.39999389648438,130.39999389648438,130.39999389648438,1598
2024-04-04 13:17:00-04:00,130.38999938964844,130.38999938964844,130.38999938964844,130.38999938964844,130.38999938964844,880
2024-04-04 13:18:00-04:00,130.38999938964844,130.38999938964844,130.3699951171875,130.3699951171875,130.3699951171875,1531
2024-04-04 13:19:00-04:00,130.3800048828125,130.4199981689453,130.3800048828125,130.4199981689453,130.4199981689453,2334
2024-04-04 13:20:00-04:00,130.47000122070312,130.49000549316406,130.4499969482422,130.4499969482422,130.4499969482422,3397
2024-04-04 13:21:00-04:00,130.4600067138672,130.47000122070312,130.4600067138672,130.46499633789062,130.46499633789062,822
2024-04-04 13:22:00-04:00,130.4499969482422,130.4499969482422,130.39999389648438,130.39999389648438,130.39999389648438,1358
2024-04-04 13:23:00-04:00,130.39999389648438,130.41000366210938,130.38999938964844,130.39999389648438,130.39999389648438,962
2024-04-04 13:24:00-04:00,130.39999389648438,130.39999389648438,130.39999389648438,130.39999389648438,130.39999389648438,263
2024-04-04 13:25:00-04:00,130.41549682617188,130.41549682617188,130.3800048828125,130.3800048828125,130.3800048828125,2069
2024-04-04 13:26:00-04:00,130.3699951171875,130.3699951171875,130.32000732421875,130.32000732421875,130.32000732421875,1971
2024-04-04 13:28:00-04:00,130.3249969482422,130.3300018310547,130.27000427246094,130.27000427246094,130.27000427246094,2312
2024-04-04 13:29:00-04:00,130.25,130.25,130.22999572753906,130.22999572753906,130.22999572753906,1077
2024-04-04 13:31:00-04:00,130.2100067138672,130.2100067138672,130.1999969482422,130.2100067138672,130.2100067138672,2010
2024-04-04 13:32:00-04:00,130.1699981689453,130.1699981689453,130.10000610351562,130.11000061035156,130.11000061035156,1987
2024-04-04 13:33:00-04:00,130.1199951171875,130.1300048828125,130.11000061035156,130.11000061035156,130.11000061035156,1673
2024-04-04 13:34:00-04:00,130.10000610351562,130.10000610351562,130.05999755859375,130.05999755859375,130.05999755859375,597
2024-04-04 13:35:00-04:00,130.10000610351562,130.11000061035156,130.0800018310547,130.11000061035156,130.11000061035156,1595
2024-04-04 13:36:00-04:00,130.08999633789062,130.08999633789062,130.08999633789062,130.08999633789062,130.08999633789062,416
2024-04-04 13:37:00-04:00,130.0800018310547,130.0800018310547,130.0399932861328,130.0399932861328,130.0399932861328,919
2024-04-04 13:38:00-04:00,130.00999450683594,130.00999450683594,129.99000549316406,129.99000549316406,129.99000549316406,547
2024-04-04 13:39:00-04:00,130.02000427246094,130.02000427246094,130.0,130.0,130.0,1357
2024-04-04 13:40:00-04:00,129.9499969482422,129.95750427246094,129.9499969482422,129.9550018310547,129.9550018310547,539
2024-04-04 13:41:00-04:00,129.9550018310547,129.97999572753906,129.9550018310547,129.97999572753906,129.97999572753906,1142
2024-04-04 13:42:00-04:00,129.97999572753906,129.99000549316406,129.9600067138672,129.97999572753906,129.97999572753906,1636
2024-04-04 13:43:00-04:00,129.9600067138672,129.9600067138672,129.9600067138672,129.9600067138672,129.9600067138672,908
2024-04-04 13:44:00-04:00,129.92999267578125,129.9499969482422,129.92999267578125,129.9499969482422,129.9499969482422,1534
2024-04-04 13:45:00-04:00,129.9499969482422,129.9499969482422,129.9499969482422,129.9499969482422,129.9499969482422,1333
2024-04-04 13:47:00-04:00,129.92999267578125,129.94000244140625,129.9199981689453,129.94000244140625,129.94000244140625,1839
2024-04-04 13:48:00-04:00,129.94000244140625,129.9600067138672,129.94000244140625,129.9600067138672,129.9600067138672,1264
2024-04-04 13:49:00-04:00,129.99000549316406,129.99000549316406,129.99000549316406,129.99000549316406,129.99000549316406,1099
2024-04-04 13:52:00-04:00,129.97000122070312,129.97999572753906,129.97000122070312,129.97999572753906,129.97999572753906,860
2024-04-04 13:53:00-04:00,129.97999572753906,129.97999572753906,129.9499969482422,129.9499969482422,129.9499969482422,1924
2024-04-04 13:54:00-04:00,129.93499755859375,129.93499755859375,129.93499755859375,129.93499755859375,129.93499755859375,367
2024-04-04 13:55:00-04:00,129.94500732421875,129.99000549316406,129.94500732421875,129.99000549316406,129.99000549316406,2089
2024-04-04 13:56:00-04:00,129.99000549316406,129.99000549316406,129.97999572753906,129.97999572753906,129.97999572753906,1011
2024-04-04 13:57:00-04:00,129.9600067138672,129.9853973388672,129.9499969482422,129.97000122070312,129.97000122070312,1229
2024-04-04 13:58:00-04:00,129.97000122070312,129.97000122070312,129.8249969482422,129.8249969482422,129.8249969482422,4464
2024-04-04 13:59:00-04:00,129.8300018310547,129.83999633789062,129.82000732421875,129.83999633789062,129.83999633789062,2205
2024-04-04 14:00:00-04:00,129.82000732421875,129.82000732421875,129.72000122070312,129.72000122070312,129.72000122070312,1492
2024-04-04 14:01:00-04:00,129.72999572753906,129.72999572753906,129.7100067138672,129.7100067138672,129.7100067138672,1023
2024-04-04 14:02:00-04:00,129.72000122070312,129.72999572753906,129.6999969482422,129.7100067138672,129.7100067138672,2381
2024-04-04 14:03:00-04:00,129.77000427246094,129.77499389648438,129.75999450683594,129.75999450683594,129.75999450683594,811
2024-04-04 14:04:00-04:00,129.75,129.7550048828125,129.74000549316406,129.74000549316406,129.74000549316406,1383
2024-04-04 14:05:00-04:00,129.72999572753906,129.72999572753906,129.72500610351562,129.72500610351562,129.72500610351562,646
2024-04-04 14:06:00-04:00,129.74000549316406,129.74000549316406,129.60000610351562,129.60000610351562,129.60000610351562,2028
2024-04-04 14:07:00-04:00,129.58999633789062,129.58999633789062,129.5399932861328,129.5500030517578,129.5500030517578,2516
2024-04-04 14:08:00-04:00,129.5800018310547,129.5800018310547,129.52999877929688,129.5399932861328,129.5399932861328,1436
2024-04-04 14:09:00-04:00,129.5,129.5,129.4499969482422,129.4499969482422,129.4499969482422,1070
2024-04-04 14:10:00-04:00,129.44000244140625,129.44000244140625,129.3300018310547,129.3300018310547,129.3300018310547,1785
2024-04-04 14:11:00-04:00,129.33999633789062,129.4199981689453,129.33999633789062,129.4199981689453,129.4199981689453,1521
2024-04-04 14:12:00-04:00,129.44000244140625,129.4499969482422,129.42999267578125,129.42999267578125,129.42999267578125,1894
2024-04-04 14:13:00-04:00,129.39999389648438,129.39999389648438,129.3800048828125,129.3800048828125,129.3800048828125,1266
2024-04-04 14:14:00-04:00,129.36000061035156,129.36000061035156,129.35000610351562,129.35000610351562,129.35000610351562,922
2024-04-04 14:15:00-04:00,129.25999450683594,129.25999450683594,129.22999572753906,129.22999572753906,129.22999572753906,849
2024-04-04 14:16:00-04:00,129.1999969482422,129.1999969482422,129.16000366210938,129.19000244140625,129.19000244140625,1485
2024-04-04 14:17:00-04:00,129.1699981689453,129.1999969482422,129.16000366210938,129.16000366210938,129.16000366210938,1767
2024-04-04 14:18:00-04:00,129.16000366210938,129.16000366210938,129.08999633789062,129.10000610351562,129.10000610351562,1955
2024-04-04 14:19:00-04:00,129.11000061035156,129.14999389648438,129.08999633789062,129.1199951171875,129.1199951171875,3171
2024-04-04 14:20:00-04:00,129.10000610351562,129.14999389648438,129.0399932861328,129.14999389648438,129.14999389648438,2809
2024-04-04 14:21:00-04:00,129.13999938964844,129.13999938964844,129.10000610351562,129.10000610351562,129.10000610351562,1298
2024-04-04 14:22:00-04:00,129.16000366210938,129.22999572753906,129.16000366210938,129.19000244140625,129.19000244140625,1708
2024-04-04 14:23:00-04:00,129.19000244140625,129.2899932861328,129.19000244140625,129.2899932861328,129.2899932861328,917
2024-04-04 14:24:00-04:00,129.27999877929688,129.32000732421875,129.25999450683594,129.30999755859375,129.30999755859375,1848
2024-04-04 14:25:00-04:00,129.33999633789062,129.33999633789062,129.33999633789062,129.33999633789062,129.33999633789062,1704
2024-04-04 14:26:00-04:00,129.3300018310547,129.3300018310547,129.25,129.2899932861328,129.2899932861328,3413
2024-04-04 14:27:00-04:00,129.25,129.25,129.1300048828125,129.1300048828125,129.1300048828125,4455
2024-04-04 14:28:00-04:00,129.08999633789062,129.08999633789062,129.0399932861328,129.0399932861328,129.0399932861328,2454
2024-04-04 14:29:00-04:00,129.07000732421875,129.0800018310547,129.03500366210938,129.03500366210938,129.03500366210938,1614
2024-04-04 14:30:00-04:00,129.0,129.00869750976562,128.77499389648438,128.77499389648438,128.77499389648438,4445
2024-04-04 14:31:00-04:00,128.82000732421875,128.82000732421875,128.71449279785156,128.71449279785156,128.71449279785156,1782
2024-04-04 14:32:00-04:00,128.6999969482422,128.6999969482422,128.3699951171875,128.3800048828125,128.3800048828125,16490
2024-04-04 14:33:00-04:00,128.4499969482422,128.52999877929688,128.4499969482422,128.5,128.5,3604
2024-04-04 14:34:00-04:00,128.50999450683594,128.50999450683594,128.42999267578125,128.42999267578125,128.42999267578125,1873
2024-04-04 14:35:00-04:00,128.4600067138672,128.58999633789062,128.4600067138672,128.58999633789062,128.58999633789062,2171
2024-04-04 14:36:00-04:00,128.67999267578125,128.75,128.67999267578125,128.72000122070312,128.72000122070312,1318
2024-04-04 14:37:00-04:00,128.75999450683594,128.8699951171875,128.75999450683594,128.8699951171875,128.8699951171875,1208
2024-04-04 14:38:00-04:00,128.82000732421875,128.82000732421875,128.75,128.77000427246094,128.77000427246094,1925
2024-04-04 14:39:00-04:00,128.75999450683594,128.75999450683594,128.7362060546875,128.7449951171875,128.7449951171875,1544
2024-04-04 14:40:00-04:00,128.7100067138672,128.7100067138672,128.6300048828125,128.6300048828125,128.6300048828125,1329
2024-04-04 14:41:00-04:00,128.61000061035156,128.61000061035156,128.52999877929688,128.52999877929688,128.52999877929688,1415
2024-04-04 14:42:00-04:00,128.63999938964844,128.63999938964844,128.57000732421875,128.57000732421875,128.57000732421875,2072
2024-04-04 14:43:00-04:00,128.5399932861328,128.61000061035156,128.5399932861328,128.61000061035156,128.61000061035156,483
2024-04-04 14:44:00-04:00,128.55999755859375,128.55999755859375,128.38999938964844,128.38999938964844,128.38999938964844,1704
2024-04-04 14:45:00-04:00,128.47999572753906,128.60000610351562,128.47999572753906,128.60000610351562,128.60000610351562,1641
2024-04-04 14:46:00-04:00,128.60499572753906,128.67999267578125,128.60499572753906,128.67999267578125,128.67999267578125,929
2024-04-04 14:47:00-04:00,128.61000061035156,128.72000122070312,128.61000061035156,128.63999938964844,128.63999938964844,2155
2024-04-04 14:48:00-04:00,128.63999938964844,128.6999969482422,128.63999938964844,128.6999969482422,128.6999969482422,619
2024-04-04 14:49:00-04:00,128.66000366210938,128.7100067138672,128.63999938964844,128.7100067138672,128.7100067138672,1400
2024-04-04 14:50:00-04:00,128.66000366210938,128.6999969482422,128.63999938964844,128.6699981689453,128.6699981689453,2155
2024-04-04 14:51:00-04:00,128.72000122070312,128.72000122070312,128.6999969482422,128.6999969482422,128.6999969482422,1375
2024-04-04 14:52:00-04:00,128.7100067138672,128.7100067138672,128.60000610351562,128.60000610351562,128.60000610351562,1650
2024-04-04 14:53:00-04:00,128.57000732421875,128.61000061035156,128.55999755859375,128.61000061035156,128.61000061035156,1959
2024-04-04 14:54:00-04:00,128.58999633789062,128.6199951171875,128.5800018310547,128.6199951171875,128.6199951171875,745
2024-04-04 14:55:00-04:00,128.5800018310547,128.5800018310547,128.3300018310547,128.3300018310547,128.3300018310547,2834
2024-04-04 14:56:00-04:00,128.32000732421875,128.3800048828125,128.30999755859375,128.3800048828125,128.3800048828125,1464
2024-04-04 14:57:00-04:00,128.3699951171875,128.4199981689453,128.3699951171875,128.3699951171875,128.3699951171875,1189
2024-04-04 14:58:00-04:00,128.3800048828125,128.3800048828125,128.26499938964844,128.26499938964844,128.26499938964844,2140
2024-04-04 14:59:00-04:00,128.3000030517578,128.3000030517578,128.24000549316406,128.27000427246094,128.27000427246094,2275
2024-04-04 15:00:00-04:00,128.19000244140625,128.19000244140625,128.11000061035156,128.11000061035156,128.11000061035156,2403
2024-04-04 15:01:00-04:00,128.02000427246094,128.02000427246094,127.91000366210938,127.93499755859375,127.93499755859375,1369
2024-04-04 15:02:00-04:00,127.94999694824219,128.05999755859375,127.9000015258789,128.05999755859375,128.05999755859375,4786
2024-04-04 15:03:00-04:00,128.1199951171875,128.3000030517578,128.1199951171875,128.27000427246094,128.27000427246094,2181
2024-04-04 15:04:00-04:00,128.22000122070312,128.22000122070312,128.10000610351562,128.10000610351562,128.10000610351562,2033
2024-04-04 15:05:00-04:00,128.16000366210938,128.35499572753906,128.16000366210938,128.35499572753906,128.35499572753906,1143
2024-04-04 15:06:00-04:00,128.27999877929688,128.33999633789062,128.25,128.33999633789062,128.33999633789062,1931
2024-04-04 15:07:00-04:00,128.36000061035156,128.42999267578125,128.27000427246094,128.27999877929688,128.27999877929688,2870
2024-04-04 15:08:00-04:00,128.24000549316406,128.3249969482422,128.24000549316406,128.32000732421875,128.32000732421875,2376
2024-04-04 15:09:00-04:00,128.33999633789062,128.3800048828125,128.2899932861328,128.33999633789062,128.33999633789062,1944
2024-04-04 15:10:00-04:00,128.3000030517578,128.3000030517578,128.1999969482422,128.1999969482422,128.1999969482422,2498
2024-04-04 15:11:00-04:00,128.24000549316406,128.24000549316406,128.2100067138672,128.2100067138672,128.2100067138672,703
2024-04-04 15:12:00-04:00,128.17999267578125,128.2050018310547,128.1699981689453,128.1999969482422,128.1999969482422,1688
2024-04-04 15:13:00-04:00,128.22000122070312,128.22999572753906,128.19000244140625,128.19500732421875,128.19500732421875,1108
2024-04-04 15:14:00-04:00,128.1999969482422,128.25,128.1300048828125,128.25,128.25,4505
2024-04-04 15:15:00-04:00,128.2100067138672,128.2100067138672,128.16000366210938,128.16000366210938,128.16000366210938,880
2024-04-04 15:16:00-04:00,128.17999267578125,128.2100067138672,128.1750030517578,128.17999267578125,128.17999267578125,583
2024-04-04 15:17:00-04:00,128.17999267578125,128.17999267578125,128.07000732421875,128.07000732421875,128.07000732421875,2064
2024-04-04 15:18:00-04:00,128.05999755859375,128.2100067138672,128.05999755859375,128.1999969482422,128.1999969482422,1416
2024-04-04 15:19:00-04:00,128.22999572753906,128.23500061035156,128.16000366210938,128.17999267578125,128.17999267578125,2505
2024-04-04 15:20:00-04:00,128.19000244140625,128.36000061035156,128.19000244140625,128.36000061035156,128.36000061035156,2463
2024-04-04 15:21:00-04:00,128.30999755859375,128.30999755859375,128.24000549316406,128.24000549316406,128.24000549316406,2040
2024-04-04 15:22:00-04:00,128.27000427246094,128.2899932861328,128.22900390625,128.22999572753906,128.22999572753906,2059
2024-04-04 15:23:00-04:00,128.25999450683594,128.27499389648438,128.24000549316406,128.27499389648438,128.27499389648438,807
2024-04-04 15:24:00-04:00,128.25,128.25,128.2100067138672,128.22000122070312,128.22000122070312,1953
2024-04-04 15:25:00-04:00,128.22999572753906,128.27999877929688,128.22999572753906,128.27999877929688,128.27999877929688,2051
2024-04-04 15:26:00-04:00,128.24000549316406,128.24000549316406,128.2100067138672,128.22999572753906,128.22999572753906,3258
2024-04-04 15:27:00-04:00,128.22000122070312,128.24000549316406,128.1199951171875,128.1199951171875,128.1199951171875,3346
2024-04-04 15:28:00-04:00,128.00999450683594,128.02999877929688,127.94999694824219,127.95999908447266,127.95999908447266,2576
2024-04-04 15:29:00-04:00,127.94999694824219,127.94999694824219,127.86000061035156,127.87999725341797,127.87999725341797,1857
2024-04-04 15:30:00-04:00,127.87999725341797,127.94999694824219,127.87999725341797,127.88999938964844,127.88999938964844,2076
2024-04-04 15:31:00-04:00,127.87999725341797,127.91000366210938,127.87999725341797,127.88999938964844,127.88999938964844,2582
2024-04-04 15:32:00-04:00,127.83999633789062,127.83999633789062,127.7699966430664,127.7699966430664,127.7699966430664,3189
2024-04-04 15:33:00-04:00,127.83000183105469,127.93000030517578,127.83000183105469,127.93000030517578,127.93000030517578,1993
2024-04-04 15:34:00-04:00,127.90499877929688,127.94000244140625,127.90499877929688,127.91999816894531,127.91999816894531,2487
2024-04-04 15:35:00-04:00,127.9000015258789,127.9000015258789,127.7300033569336,127.75,127.75,4092
2024-04-04 15:36:00-04:00,127.75,127.75,127.69000244140625,127.69000244140625,127.69000244140625,1723
2024-04-04 15:37:00-04:00,127.73999786376953,127.8550033569336,127.73999786376953,127.83999633789062,127.83999633789062,1995
2024-04-04 15:38:00-04:00,127.80999755859375,127.80999755859375,127.69000244140625,127.69000244140625,127.69000244140625,3071
2024-04-04 15:39:00-04:00,127.70999908447266,127.7300033569336,127.67500305175781,127.69000244140625,127.69000244140625,1827
2024-04-04 15:40:00-04:00,127.66999816894531,127.72000122070312,127.62000274658203,127.66000366210938,127.66000366210938,3229
2024-04-04 15:41:00-04:00,127.66000366210938,127.66000366210938,127.52999877929688,127.54000091552734,127.54000091552734,2528
2024-04-04 15:42:00-04:00,127.55000305175781,127.6500015258789,127.55000305175781,127.63500213623047,127.63500213623047,4054
2024-04-04 15:43:00-04:00,127.61000061035156,127.61000061035156,127.58000183105469,127.58000183105469,127.58000183105469,1510
2024-04-04 15:44:00-04:00,127.58000183105469,127.6500015258789,127.55999755859375,127.6500015258789,127.6500015258789,2891
2024-04-04 15:45:00-04:00,127.6500015258789,127.76000213623047,127.63999938964844,127.75,127.75,5298
2024-04-04 15:46:00-04:00,127.75,127.7699966430664,127.72000122070312,127.76000213623047,127.76000213623047,2896
2024-04-04 15:47:00-04:00,127.72000122070312,127.76000213623047,127.70999908447266,127.73999786376953,127.73999786376953,5364
2024-04-04 15:48:00-04:00,127.7699966430664,127.79000091552734,127.76000213623047,127.76000213623047,127.76000213623047,3276
2024-04-04 15:49:00-04:00,127.78500366210938,127.87999725341797,127.70999908447266,127.87999725341797,127.87999725341797,3831
2024-04-04 15:50:00-04:00,127.9000015258789,127.91999816894531,127.66500091552734,127.66500091552734,127.66500091552734,10194
2024-04-04 15:51:00-04:00,127.66500091552734,127.7300033569336,127.58999633789062,127.70050048828125,127.70050048828125,6891
2024-04-04 15:52:00-04:00,127.76000213623047,127.78500366210938,127.70999908447266,127.7750015258789,127.7750015258789,6610
2024-04-04 15:53:00-04:00,127.74500274658203,127.7699966430664,127.5199966430664,127.55000305175781,127.55000305175781,13214
2024-04-04 15:54:00-04:00,127.56999969482422,127.76000213623047,127.55000305175781,127.70999908447266,127.70999908447266,8278
2024-04-04 15:55:00-04:00,127.79000091552734,127.8499984741211,127.76000213623047,127.76000213623047,127.76000213623047,11490
2024-04-04 15:56:00-04:00,127.75,127.76499938964844,127.48999786376953,127.51000213623047,127.51000213623047,10378
2024-04-04 15:57:00-04:00,127.5199966430664,127.54000091552734,127.4000015258789,127.43000030517578,127.43000030517578,13482
2024-04-04 15:58:00-04:00,127.41999816894531,127.4800033569336,127.4000015258789,127.41999816894531,127.41999816894531,12799
2024-04-04 15:59:00-04:00,127.41000366210938,127.44000244140625,127.36000061035156,127.41999816894531,127.41999816894531,28599
2024-04-05 09:30:00-04:00,127.87999725341797,127.87999725341797,127.87000274658203,127.87000274658203,127.87000274658203,5801
2024-04-05 09:31:00-04:00,127.8499984741211,127.8499984741211,127.8499984741211,127.8499984741211,127.8499984741211,535
2024-04-05 09:32:00-04:00,128.11000061035156,128.1199951171875,128.05999755859375,128.05999755859375,128.05999755859375,357
2024-04-05 09:34:00-04:00,128.08999633789062,128.08999633789062,128.08999633789062,128.08999633789062,128.08999633789062,179
2024-04-05 09:37:00-04:00,128.13999938964844,128.13999938964844,128.13999938964844,128.13999938964844,128.13999938964844,638
2024-04-05 09:42:00-04:00,128.22999572753906,128.27000427246094,128.11000061035156,128.11500549316406,128.11500549316406,1679
2024-04-05 09:43:00-04:00,128.25,128.27999877929688,128.08999633789062,128.14999389648438,128.14999389648438,916
2024-04-05 09:45:00-04:00,128.10000610351562,128.10000610351562,127.95999908447266,127.95999908447266,127.95999908447266,780
2024-04-05 09:46:00-04:00,128.1300048828125,128.1300048828125,128.1300048828125,128.1300048828125,128.1300048828125,121
2024-04-05 09:47:00-04:00,128.1199951171875,128.1199951171875,128.1199951171875,128.1199951171875,128.1199951171875,285
2024-04-05 09:49:00-04:00,128.22999572753906,128.22999572753906,128.1199951171875,128.1199951171875,128.1199951171875,537
2024-04-05 09:50:00-04:00,128.32000732421875,128.3300018310547,128.25,128.25,128.25,1363
2024-04-05 09:51:00-04:00,128.27000427246094,128.27000427246094,128.27000427246094,128.27000427246094,128.27000427246094,728
2024-04-05 09:57:00-04:00,128.5050048828125,128.5050048828125,128.39999389648438,128.40499877929688,128.40499877929688,1028
2024-04-05 09:59:00-04:00,128.3000030517578,128.30999755859375,128.3000030517578,128.30999755859375,128.30999755859375,462
2024-04-05 10:00:00-04:00,128.27999877929688,128.2899932861328,128.27999877929688,128.2899932861328,128.2899932861328,628
2024-04-05 10:01:00-04:00,128.23500061035156,128.27999877929688,128.23500061035156,128.27999877929688,128.27999877929688,951
2024-04-05 10:02:00-04:00,128.1999969482422,128.1999969482422,128.14999389648438,128.14999389648438,128.14999389648438,1653
2024-04-05 10:03:00-04:00,128.10000610351562,128.1199951171875,128.10000610351562,128.11000061035156,128.11000061035156,2262
2024-04-05 10:05:00-04:00,128.19000244140625,128.3300018310547,128.18499755859375,128.3300018310547,128.3300018310547,1415
2024-04-05 10:06:00-04:00,128.3000030517578,128.3000030517578,128.1999969482422,128.1999969482422,128.1999969482422,1644
2024-04-05 10:07:00-04:00,128.11000061035156,128.11000061035156,127.94999694824219,127.98999786376953,127.98999786376953,1460
2024-04-05 10:08:00-04:00,128.05999755859375,128.07000732421875,128.00999450683594,128.00999450683594,128.00999450683594,2163
2024-04-05 10:09:00-04:00,128.0850067138672,128.11000061035156,128.0850067138672,128.08999633789062,128.08999633789062,968
2024-04-05 10:11:00-04:00,128.1199951171875,128.1199951171875,128.1199951171875,128.1199951171875,128.1199951171875,404
2024-04-05 10:12:00-04:00,128.19000244140625,128.19000244140625,128.19000244140625,128.19000244140625,128.19000244140625,261
2024-04-05 10:13:00-04:00,128.25,128.25,128.25,128.25,128.25,504
2024-04-05 10:14:00-04:00,128.1999969482422,128.2100067138672,128.1999969482422,128.2100067138672,128.2100067138672,592
2024-04-05 10:15:00-04:00,128.14999389648438,128.14999389648438,128.14999389648438,128.14999389648438,128.14999389648438,895
2024-04-05 10:16:00-04:00,128.1300048828125,128.1300048828125,128.1300048828125,128.1300048828125,128.1300048828125,404
2024-04-05 10:17:00-04:00,128.125,128.125,128.11500549316406,128.11500549316406,128.11500549316406,256
2024-04-05 10:18:00-04:00,128.05999755859375,128.05999755859375,127.95999908447266,127.95999908447266,127.95999908447266,1265
2024-04-05 10:20:00-04:00,128.10000610351562,128.10000610351562,128.08999633789062,128.08999633789062,128.08999633789062,566
2024-04-05 10:22:00-04:00,128.08999633789062,128.14999389648438,128.08999633789062,128.14999389648438,128.14999389648438,796
2024-04-05 10:23:00-04:00,128.13499450683594,128.14500427246094,128.13499450683594,128.14500427246094,128.14500427246094,575
2024-04-05 10:24:00-04:00,128.19500732421875,128.3300018310547,128.19500732421875,128.3300018310547,128.3300018310547,2402
2024-04-05 10:25:00-04:00,128.1999969482422,128.1999969482422,128.1999969482422,128.1999969482422,128.1999969482422,928
2024-04-05 10:26:00-04:00,128.1699981689453,128.1999969482422,128.1300048828125,128.1300048828125,128.1300048828125,1103
2024-04-05 10:27:00-04:00,128.0800018310547,128.0800018310547,128.05999755859375,128.05999755859375,128.05999755859375,1227
2024-04-05 10:28:00-04:00,128.08999633789062,128.08999633789062,128.08999633789062,128.08999633789062,128.08999633789062,1000
2024-04-05 10:31:00-04:00,128.33999633789062,128.33999633789062,128.33999633789062,128.33999633789062,128.33999633789062,103
2024-04-05 10:32:00-04:00,128.36000061035156,128.42999267578125,128.36000061035156,128.41000366210938,128.41000366210938,677
2024-04-05 10:33:00-04:00,128.42999267578125,128.42999267578125,128.42999267578125,128.42999267578125,128.42999267578125,277
2024-04-05 10:34:00-04:00,128.36500549316406,128.36500549316406,128.35000610351562,128.35000610351562,128.35000610351562,903
2024-04-05 10:35:00-04:00,128.4040069580078,128.4040069580078,128.32000732421875,128.32000732421875,128.32000732421875,854
2024-04-05 10:36:00-04:00,128.30999755859375,128.36000061035156,128.30999755859375,128.36000061035156,128.36000061035156,1063
2024-04-05 10:38:00-04:00,128.35499572753906,128.35499572753906,128.35499572753906,128.35499572753906,128.35499572753906,135
2024-04-05 10:40:00-04:00,128.3000030517578,128.3000030517578,128.3000030517578,128.3000030517578,128.3000030517578,239
2024-04-05 10:42:00-04:00,128.3800048828125,128.3800048828125,128.3800048828125,128.3800048828125,128.3800048828125,1107
2024-04-05 10:43:00-04:00,128.3300018310547,128.41000366210938,128.27999877929688,128.41000366210938,128.41000366210938,11962
2024-04-05 10:44:00-04:00,128.39999389648438,128.39999389648438,128.39999389648438,128.39999389648438,128.39999389648438,458
2024-04-05 10:45:00-04:00,128.32000732421875,128.4499969482422,128.32000732421875,128.4499969482422,128.4499969482422,1083
2024-04-05 10:46:00-04:00,128.44000244140625,128.44000244140625,128.44000244140625,128.44000244140625,128.44000244140625,453
2024-04-05 10:47:00-04:00,128.5,128.5,128.5,128.5,128.5,163
2024-04-05 10:48:00-04:00,128.43499755859375,128.55999755859375,128.43499755859375,128.55999755859375,128.55999755859375,660
2024-04-05 10:49:00-04:00,128.56500244140625,128.56500244140625,128.56500244140625,128.56500244140625,128.56500244140625,744
2024-04-05 10:51:00-04:00,128.8000030517578,128.8000030517578,128.77499389648438,128.77499389648438,128.77499389648438,804
2024-04-05 10:53:00-04:00,128.75,128.75,128.74000549316406,128.75,128.75,925
2024-04-05 10:55:00-04:00,128.7449951171875,128.77999877929688,128.74000549316406,128.77999877929688,128.77999877929688,719
2024-04-05 10:56:00-04:00,128.77000427246094,128.84500122070312,128.77000427246094,128.84500122070312,128.84500122070312,1796
2024-04-05 10:57:00-04:00,128.91000366210938,128.91000366210938,128.91000366210938,128.91000366210938,128.91000366210938,209
2024-04-05 10:58:00-04:00,128.86000061035156,128.86000061035156,128.85000610351562,128.85000610351562,128.85000610351562,516
2024-04-05 10:59:00-04:00,128.76499938964844,128.76499938964844,128.76499938964844,128.76499938964844,128.76499938964844,552
2024-04-05 11:01:00-04:00,128.6999969482422,128.6999969482422,128.6699981689453,128.6699981689453,128.6699981689453,480
2024-04-05 11:02:00-04:00,128.61000061035156,128.61000061035156,128.5800018310547,128.5800018310547,128.5800018310547,913
2024-04-05 11:04:00-04:00,128.66000366210938,128.66000366210938,128.5500030517578,128.5500030517578,128.5500030517578,606
2024-04-05 11:05:00-04:00,128.5399932861328,128.5500030517578,128.5,128.5500030517578,128.5500030517578,932
2024-04-05 11:07:00-04:00,128.6699981689453,128.6699981689453,128.6699981689453,128.6699981689453,128.6699981689453,448
2024-04-05 11:08:00-04:00,128.67999267578125,128.77000427246094,128.67999267578125,128.77000427246094,128.77000427246094,1504
2024-04-05 11:09:00-04:00,128.74000549316406,128.75,128.73500061035156,128.75,128.75,672
2024-04-05 11:10:00-04:00,128.73500061035156,128.81959533691406,128.72999572753906,128.81959533691406,128.81959533691406,1788
2024-04-05 11:11:00-04:00,128.8300018310547,128.8300018310547,128.7899932861328,128.7899932861328,128.7899932861328,1476
2024-04-05 11:12:00-04:00,128.74000549316406,128.74000549316406,128.7100067138672,128.7100067138672,128.7100067138672,731
2024-04-05 11:13:00-04:00,128.6699981689453,128.6699981689453,128.6699981689453,128.6699981689453,128.6699981689453,176
2024-04-05 11:14:00-04:00,128.67999267578125,128.67999267578125,128.67999267578125,128.67999267578125,128.67999267578125,165
2024-04-05 11:15:00-04:00,128.64500427246094,128.6649932861328,128.6300048828125,128.66000366210938,128.66000366210938,2460
2024-04-05 11:16:00-04:00,128.6300048828125,128.6300048828125,128.6300048828125,128.6300048828125,128.6300048828125,431
2024-04-05 11:18:00-04:00,128.66000366210938,128.6649932861328,128.61000061035156,128.61000061035156,128.61000061035156,2525
2024-04-05 11:19:00-04:00,128.67999267578125,128.69000244140625,128.67999267578125,128.69000244140625,128.69000244140625,623
2024-04-05 11:20:00-04:00,128.77000427246094,128.77999877929688,128.77000427246094,128.77999877929688,128.77999877929688,719
2024-04-05 11:21:00-04:00,128.7100067138672,128.7100067138672,128.7100067138672,128.7100067138672,128.7100067138672,1587
2024-04-05 11:23:00-04:00,128.74000549316406,128.74000549316406,128.74000549316406,128.74000549316406,128.74000549316406,285
2024-04-05 11:25:00-04:00,128.8000030517578,128.8300018310547,128.8000030517578,128.8300018310547,128.8300018310547,1176
2024-04-05 11:26:00-04:00,128.85000610351562,128.87930297851562,128.83999633789062,128.83999633789062,128.83999633789062,814
2024-04-05 11:27:00-04:00,128.8300018310547,128.8300018310547,128.80999755859375,128.80999755859375,128.80999755859375,1420
2024-04-05 11:28:00-04:00,128.87249755859375,128.87249755859375,128.87249755859375,128.87249755859375,128.87249755859375,299
2024-04-05 11:29:00-04:00,128.89999389648438,128.9199981689453,128.89999389648438,128.9199981689453,128.9199981689453,1636
2024-04-05 11:30:00-04:00,128.97999572753906,128.97999572753906,128.9199981689453,128.9499969482422,128.9499969482422,1030
2024-04-05 11:32:00-04:00,128.99000549316406,128.99000549316406,128.99000549316406,128.99000549316406,128.99000549316406,796
2024-04-05 11:33:00-04:00,128.99000549316406,129.02000427246094,128.99000549316406,129.02000427246094,129.02000427246094,1002
2024-04-05 11:34:00-04:00,128.99000549316406,129.0500030517578,128.99000549316406,129.00999450683594,129.00999450683594,999
2024-04-05 11:35:00-04:00,128.97000122070312,128.97000122070312,128.94000244140625,128.94000244140625,128.94000244140625,397
2024-04-05 11:36:00-04:00,128.89999389648438,128.9199981689453,128.89500427246094,128.9199981689453,128.9199981689453,1020
2024-04-05 11:37:00-04:00,128.9499969482422,128.9499969482422,128.9499969482422,128.9499969482422,128.9499969482422,371
2024-04-05 11:38:00-04:00,128.99000549316406,129.0,128.99000549316406,129.0,129.0,896
2024-04-05 11:40:00-04:00,129.01499938964844,129.0800018310547,129.01499938964844,129.0800018310547,129.0800018310547,1180
2024-04-05 11:41:00-04:00,129.0500030517578,129.0500030517578,129.00999450683594,129.00999450683594,129.00999450683594,846
2024-04-05 11:42:00-04:00,129.0482940673828,129.0482940673828,129.0482940673828,129.0482940673828,129.0482940673828,224
2024-04-05 11:43:00-04:00,129.11000061035156,129.11000061035156,129.11000061035156,129.11000061035156,129.11000061035156,709
2024-04-05 11:44:00-04:00,129.08999633789062,129.10000610351562,129.02999877929688,129.02999877929688,129.02999877929688,798
2024-04-05 11:45:00-04:00,129.13999938964844,129.14999389648438,129.13999938964844,129.14999389648438,129.14999389648438,1018
2024-04-05 11:46:00-04:00,129.19000244140625,129.22999572753906,129.17999267578125,129.22999572753906,129.22999572753906,1350
2024-04-05 11:47:00-04:00,129.22000122070312,129.22000122070312,129.22000122070312,129.22000122070312,129.22000122070312,616
2024-04-05 11:49:00-04:00,129.3000030517578,129.3000030517578,129.1999969482422,129.1999969482422,129.1999969482422,1203
2024-04-05 11:51:00-04:00,129.3000030517578,129.3000030517578,129.22999572753906,129.22999572753906,129.22999572753906,259
2024-04-05 11:52:00-04:00,129.1999969482422,129.22000122070312,129.17999267578125,129.17999267578125,129.17999267578125,1020
2024-04-05 11:55:00-04:00,129.3000030517578,129.41000366210938,129.3000030517578,129.41000366210938,129.41000366210938,853
2024-04-05 11:56:00-04:00,129.38999938964844,129.4250030517578,129.38999938964844,129.4250030517578,129.4250030517578,539
2024-04-05 11:57:00-04:00,129.41000366210938,129.42999267578125,129.41000366210938,129.42999267578125,129.42999267578125,435
2024-04-05 11:58:00-04:00,129.39999389648438,129.39999389648438,129.39999389648438,129.39999389648438,129.39999389648438,257
2024-04-05 12:00:00-04:00,129.39500427246094,129.4499969482422,129.37669372558594,129.4499969482422,129.4499969482422,590
2024-04-05 12:01:00-04:00,129.41000366210938,129.41000366210938,129.3699951171875,129.3699951171875,129.3699951171875,978
2024-04-05 12:03:00-04:00,129.3800048828125,129.3800048828125,129.3800048828125,129.3800048828125,129.3800048828125,264
2024-04-05 12:04:00-04:00,129.3300018310547,129.36000061035156,129.3300018310547,129.36000061035156,129.36000061035156,407
2024-04-05 12:05:00-04:00,129.3300018310547,129.3300018310547,129.3300018310547,129.3300018310547,129.3300018310547,154
2024-04-05 12:06:00-04:00,129.30999755859375,129.30999755859375,129.30999755859375,129.30999755859375,129.30999755859375,234
2024-04-05 12:07:00-04:00,129.2899932861328,129.30999755859375,129.2899932861328,129.30999755859375,129.30999755859375,310
2024-04-05 12:08:00-04:00,129.2899932861328,129.38499450683594,129.2899932861328,129.3699951171875,129.3699951171875,1416
2024-04-05 12:09:00-04:00,129.38999938964844,129.38999938964844,129.38999938964844,129.38999938964844,129.38999938964844,540
2024-04-05 12:10:00-04:00,129.3699951171875,129.3800048828125,129.36000061035156,129.3800048828125,129.3800048828125,324
2024-04-05 12:11:00-04:00,129.36000061035156,129.36000061035156,129.36000061035156,129.36000061035156,129.36000061035156,286
2024-04-05 12:13:00-04:00,129.35499572753906,129.37750244140625,129.35499572753906,129.375,129.375,891
2024-04-05 12:14:00-04:00,129.3300018310547,129.33999633789062,129.30499267578125,129.33999633789062,129.33999633789062,1266
2024-04-05 12:15:00-04:00,129.3699951171875,129.3699951171875,129.33999633789062,129.33999633789062,129.33999633789062,635
2024-04-05 12:16:00-04:00,129.3300018310547,129.3300018310547,129.30499267578125,129.30499267578125,129.30499267578125,490
2024-04-05 12:17:00-04:00,129.27999877929688,129.27999877929688,129.27999877929688,129.27999877929688,129.27999877929688,411
2024-04-05 12:18:00-04:00,129.35000610351562,129.35000610351562,129.32000732421875,129.32000732421875,129.32000732421875,1233
2024-04-05 12:19:00-04:00,129.30499267578125,129.3699951171875,129.30499267578125,129.3300018310547,129.3300018310547,1501
2024-04-05 12:20:00-04:00,129.36000061035156,129.36000061035156,129.36000061035156,129.36000061035156,129.36000061035156,674
2024-04-05 12:21:00-04:00,129.3300018310547,129.3300018310547,129.3000030517578,129.30999755859375,129.30999755859375,848
2024-04-05 12:22:00-04:00,129.31500244140625,129.31500244140625,129.31500244140625,129.31500244140625,129.31500244140625,303
2024-04-05 12:23:00-04:00,129.35000610351562,129.3800048828125,129.35000610351562,129.3699951171875,129.3699951171875,604
2024-04-05 12:24:00-04:00,129.3800048828125,129.39500427246094,129.3800048828125,129.39500427246094,129.39500427246094,1822
2024-04-05 12:25:00-04:00,129.39999389648438,129.4199981689453,129.3699951171875,129.3699951171875,129.3699951171875,1880
2024-04-05 12:26:00-04:00,129.39999389648438,129.42999267578125,129.39999389648438,129.42999267578125,129.42999267578125,2014
2024-04-05 12:27:00-04:00,129.42999267578125,129.47999572753906,129.42999267578125,129.47999572753906,129.47999572753906,1662
2024-04-05 12:28:00-04:00,129.4499969482422,129.4499969482422,129.4499969482422,129.4499969482422,129.4499969482422,477
2024-04-05 12:29:00-04:00,129.47999572753906,129.47999572753906,129.44000244140625,129.44000244140625,129.44000244140625,717
2024-04-05 12:30:00-04:00,129.42999267578125,129.42999267578125,129.38999938964844,129.38999938964844,129.38999938964844,1312
2024-04-05 12:31:00-04:00,129.4199981689453,129.4199981689453,129.40499877929688,129.41000366210938,129.41000366210938,995
2024-04-05 12:32:00-04:00,129.38999938964844,129.38999938964844,129.38999938964844,129.38999938964844,129.38999938964844,187
2024-04-05 12:33:00-04:00,129.41000366210938,129.41000366210938,129.3800048828125,129.38999938964844,129.38999938964844,2236
2024-04-05 12:34:00-04:00,129.41000366210938,129.41000366210938,129.39500427246094,129.39500427246094,129.39500427246094,1407
2024-04-05 12:38:00-04:00,129.49000549316406,129.52000427246094,129.47999572753906,129.47999572753906,129.47999572753906,1536
2024-04-05 12:39:00-04:00,129.5,129.5,129.5,129.5,129.5,645
2024-04-05 12:40:00-04:00,129.47999572753906,129.47999572753906,129.47000122070312,129.47999572753906,129.47999572753906,1171
2024-04-05 12:41:00-04:00,129.4499969482422,129.4499969482422,129.4499969482422,129.4499969482422,129.4499969482422,343
2024-04-05 12:42:00-04:00,129.4600067138672,129.4600067138672,129.4600067138672,129.4600067138672,129.4600067138672,347
2024-04-05 12:43:00-04:00,129.47999572753906,129.5,129.47999572753906,129.5,129.5,850
2024-04-05 12:44:00-04:00,129.49249267578125,129.49249267578125,129.4600067138672,129.47000122070312,129.47000122070312,1718
2024-04-05 12:45:00-04:00,129.5,129.5,129.5,129.5,129.5,398
2024-04-05 12:46:00-04:00,129.52999877929688,129.5800018310547,129.50999450683594,129.52999877929688,129.52999877929688,2283
2024-04-05 12:47:00-04:00,129.5500030517578,129.5500030517578,129.5,129.5,129.5,588
2024-04-05 12:48:00-04:00,129.5,129.5,129.4600067138672,129.4600067138672,129.4600067138672,703
2024-04-05 12:49:00-04:00,129.47999572753906,129.47999572753906,129.4499969482422,129.4499969482422,129.4499969482422,1256
2024-04-05 12:50:00-04:00,129.49000549316406,129.49000549316406,129.49000549316406,129.49000549316406,129.49000549316406,447
2024-04-05 12:51:00-04:00,129.5,129.5,129.5,129.5,129.5,345
2024-04-05 12:52:00-04:00,129.52999877929688,129.5500030517578,129.52999877929688,129.5500030517578,129.5500030517578,599
2024-04-05 12:54:00-04:00,129.5500030517578,129.5500030517578,129.5500030517578,129.5500030517578,129.5500030517578,588
2024-04-05 12:55:00-04:00,129.60000610351562,129.60000610351562,129.59500122070312,129.59500122070312,129.59500122070312,436
2024-04-05 12:56:00-04:00,129.5800018310547,129.5800018310547,129.5800018310547,129.5800018310547,129.5800018310547,244
2024-04-05 12:57:00-04:00,129.5821075439453,129.5821075439453,129.5800018310547,129.5800018310547,129.5800018310547,505
2024-04-05 12:58:00-04:00,129.57000732421875,129.5800018310547,129.5467071533203,129.5800018310547,129.5800018310547,3586
2024-04-05 12:59:00-04:00,129.61000061035156,129.64999389648438,129.61000061035156,129.64999389648438,129.64999389648438,1260
2024-04-05 13:00:00-04:00,129.63340759277344,129.63340759277344,129.61000061035156,129.61000061035156,129.61000061035156,531
2024-04-05 13:01:00-04:00,129.58999633789062,129.58999633789062,129.47000122070312,129.47000122070312,129.47000122070312,669
2024-04-05 13:02:00-04:00,129.47000122070312,129.47999572753906,129.47000122070312,129.47999572753906,129.47999572753906,498
2024-04-05 13:04:00-04:00,129.39999389648438,129.39999389648438,129.39999389648438,129.39999389648438,129.39999389648438,653
2024-04-05 13:07:00-04:00,129.30999755859375,129.30999755859375,129.27000427246094,129.27000427246094,129.27000427246094,510
2024-04-05 13:08:00-04:00,129.22000122070312,129.25999450683594,129.2050018310547,129.25999450683594,129.25999450683594,1460
2024-04-05 13:09:00-04:00,129.27000427246094,129.27000427246094,129.25,129.25,129.25,481
2024-04-05 13:10:00-04:00,129.27000427246094,129.27499389648438,129.22999572753906,129.26499938964844,129.26499938964844,1193
2024-04-05 13:11:00-04:00,129.1999969482422,129.22999572753906,129.1999969482422,129.22999572753906,129.22999572753906,402
2024-04-05 13:13:00-04:00,129.19000244140625,129.2100067138672,129.16000366210938,129.1699981689453,129.1699981689453,822
2024-04-05 13:14:00-04:00,129.08999633789062,129.08999633789062,129.0399932861328,129.0500030517578,129.0500030517578,966
2024-04-05 13:15:00-04:00,129.0500030517578,129.0500030517578,129.0500030517578,129.0500030517578,129.0500030517578,211
2024-04-05 13:17:00-04:00,129.11000061035156,129.11000061035156,129.0449981689453,129.08999633789062,129.08999633789062,1499
2024-04-05 13:18:00-04:00,129.01499938964844,129.0399932861328,129.00999450683594,129.0399932861328,129.0399932861328,939
2024-04-05 13:20:00-04:00,129.11000061035156,129.1300048828125,129.11000061035156,129.1300048828125,129.1300048828125,289
2024-04-05 13:21:00-04:00,129.125,129.125,129.125,129.125,129.125,552
2024-04-05 13:22:00-04:00,129.07000732421875,129.07000732421875,128.99000549316406,128.99000549316406,128.99000549316406,837
2024-04-05 13:23:00-04:00,129.00999450683594,129.00999450683594,129.00999450683594,129.00999450683594,129.00999450683594,359
2024-04-05 13:24:00-04:00,128.97000122070312,128.97000122070312,128.97000122070312,128.97000122070312,128.97000122070312,287
2024-04-05 13:25:00-04:00,129.0500030517578,129.0500030517578,129.01499938964844,129.01499938964844,129.01499938964844,602
2024-04-05 13:27:00-04:00,128.9600067138672,128.9600067138672,128.9600067138672,128.9600067138672,128.9600067138672,397
2024-04-05 13:28:00-04:00,128.94000244140625,128.94000244140625,128.94000244140625,128.94000244140625,128.94000244140625,801
2024-04-05 13:32:00-04:00,129.02499389648438,129.02499389648438,129.02499389648438,129.02499389648438,129.02499389648438,143
2024-04-05 13:33:00-04:00,129.07000732421875,129.07000732421875,129.0500030517578,129.0500030517578,129.0500030517578,917
2024-04-05 13:34:00-04:00,129.0500030517578,129.0500030517578,129.02000427246094,129.039306640625,129.039306640625,867
2024-04-05 13:35:00-04:00,128.97000122070312,128.97000122070312,128.94500732421875,128.94500732421875,128.94500732421875,495
2024-04-05 13:37:00-04:00,128.8800048828125,128.8800048828125,128.8800048828125,128.8800048828125,128.8800048828125,222
2024-04-05 13:38:00-04:00,128.9199981689453,128.93499755859375,128.9199981689453,128.93499755859375,128.93499755859375,796
2024-04-05 13:39:00-04:00,128.9199981689453,128.9199981689453,128.7899932861328,128.7899932861328,128.7899932861328,1898
2024-04-05 13:40:00-04:00,128.83999633789062,128.91000366210938,128.82000732421875,128.91000366210938,128.91000366210938,4402
2024-04-05 13:41:00-04:00,128.94000244140625,128.94000244140625,128.8800048828125,128.91000366210938,128.91000366210938,1991
2024-04-05 13:42:00-04:00,128.94000244140625,128.9499969482422,128.8800048828125,128.8800048828125,128.8800048828125,1332
2024-04-05 13:43:00-04:00,128.8800048828125,128.88999938964844,128.85000610351562,128.85000610351562,128.85000610351562,887
2024-04-05 13:44:00-04:00,128.83999633789062,128.8800048828125,128.83999633789062,128.85000610351562,128.85000610351562,995
2024-04-05 13:45:00-04:00,128.8800048828125,128.8800048828125,128.8300018310547,128.8300018310547,128.8300018310547,1262
2024-04-05 13:46:00-04:00,128.80999755859375,128.80999755859375,128.74000549316406,128.74000549316406,128.74000549316406,1398
2024-04-05 13:47:00-04:00,128.7550048828125,128.7899932861328,128.7550048828125,128.7899932861328,128.7899932861328,517
2024-04-05 13:48:00-04:00,128.85000610351562,128.85000610351562,128.84500122070312,128.85000610351562,128.85000610351562,573
2024-04-05 13:49:00-04:00,128.85000610351562,128.88999938964844,128.81500244140625,128.81500244140625,128.81500244140625,2480
2024-04-05 13:50:00-04:00,128.89999389648438,128.89999389648438,128.89999389648438,128.89999389648438,128.89999389648438,515
2024-04-05 13:51:00-04:00,128.89999389648438,128.89999389648438,128.8800048828125,128.8800048828125,128.8800048828125,1088
2024-04-05 13:52:00-04:00,128.8699951171875,128.8699951171875,128.82000732421875,128.82000732421875,128.82000732421875,584
2024-04-05 13:53:00-04:00,128.8000030517578,128.85000610351562,128.8000030517578,128.85000610351562,128.85000610351562,1032
2024-04-05 13:54:00-04:00,128.8582000732422,128.8582000732422,128.8582000732422,128.8582000732422,128.8582000732422,894
2024-04-05 13:56:00-04:00,128.89999389648438,128.89999389648438,128.88999938964844,128.88999938964844,128.88999938964844,393
2024-04-05 13:57:00-04:00,128.8800048828125,128.8800048828125,128.77999877929688,128.85000610351562,128.85000610351562,3020
2024-04-05 13:58:00-04:00,128.83999633789062,128.94000244140625,128.8300018310547,128.94000244140625,128.94000244140625,1725
2024-04-05 14:00:00-04:00,128.94000244140625,128.94000244140625,128.94000244140625,128.94000244140625,128.94000244140625,666
2024-04-05 14:01:00-04:00,128.88999938964844,128.88999938964844,128.83999633789062,128.83999633789062,128.83999633789062,1060
2024-04-05 14:02:00-04:00,128.8000030517578,128.8000030517578,128.8000030517578,128.8000030517578,128.8000030517578,1379
2024-04-05 14:05:00-04:00,128.91000366210938,128.9600067138672,128.91000366210938,128.9600067138672,128.9600067138672,1078
2024-04-05 14:07:00-04:00,129.00999450683594,129.1199951171875,129.0,129.00999450683594,129.00999450683594,2250
2024-04-05 14:08:00-04:00,129.08999633789062,129.08999633789062,129.08999633789062,129.08999633789062,129.08999633789062,156
2024-04-05 14:09:00-04:00,129.1199951171875,129.19000244140625,129.1199951171875,129.19000244140625,129.19000244140625,937
2024-04-05 14:10:00-04:00,129.2100067138672,129.22999572753906,129.14999389648438,129.14999389648438,129.14999389648438,596
2024-04-05 14:11:00-04:00,129.07000732421875,129.07000732421875,129.05999755859375,129.05999755859375,129.05999755859375,244
2024-04-05 14:12:00-04:00,129.09500122070312,129.09500122070312,128.97999572753906,128.97999572753906,128.97999572753906,764
2024-04-05 14:13:00-04:00,128.9499969482422,128.9499969482422,128.94500732421875,128.9499969482422,128.9499969482422,817
2024-04-05 14:15:00-04:00,128.9250030517578,128.9250030517578,128.91000366210938,128.91000366210938,128.91000366210938,680
2024-04-05 14:16:00-04:00,128.8699951171875,128.8800048828125,128.8300018310547,128.85499572753906,128.85499572753906,2053
2024-04-05 14:17:00-04:00,128.89999389648438,128.89999389648438,128.86000061035156,128.89999389648438,128.89999389648438,1622
2024-04-05 14:18:00-04:00,128.9499969482422,128.9499969482422,128.8699951171875,128.8699951171875,128.8699951171875,1118
2024-04-05 14:20:00-04:00,128.8699951171875,128.9600067138672,128.86000061035156,128.9600067138672,128.9600067138672,1859
2024-04-05 14:21:00-04:00,128.9499969482422,128.9499969482422,128.9499969482422,128.9499969482422,128.9499969482422,242
2024-04-05 14:22:00-04:00,128.9499969482422,128.9499969482422,128.9499969482422,128.9499969482422,128.9499969482422,323
2024-04-05 14:23:00-04:00,128.94000244140625,128.94000244140625,128.89999389648438,128.89999389648438,128.89999389648438,1378
2024-04-05 14:24:00-04:00,128.8699951171875,128.8699951171875,128.8300018310547,128.8300018310547,128.8300018310547,1675
2024-04-05 14:25:00-04:00,128.8350067138672,128.86000061035156,128.8300018310547,128.8300018310547,128.8300018310547,2483
2024-04-05 14:26:00-04:00,128.89999389648438,128.89999389648438,128.89999389648438,128.89999389648438,128.89999389648438,427
2024-04-05 14:27:00-04:00,128.875,128.875,128.8699951171875,128.8699951171875,128.8699951171875,884
2024-04-05 14:28:00-04:00,128.85159301757812,128.86000061035156,128.8000030517578,128.8000030517578,128.8000030517578,2784
2024-04-05 14:29:00-04:00,128.72999572753906,128.72999572753906,128.69000244140625,128.69000244140625,128.69000244140625,910
2024-04-05 14:30:00-04:00,128.69000244140625,128.72999572753906,128.64999389648438,128.64999389648438,128.64999389648438,1983
2024-04-05 14:31:00-04:00,128.74000549316406,128.74000549316406,128.74000549316406,128.74000549316406,128.74000549316406,212
2024-04-05 14:32:00-04:00,128.73500061035156,128.73500061035156,128.73500061035156,128.73500061035156,128.73500061035156,191
2024-04-05 14:33:00-04:00,128.74000549316406,128.75,128.74000549316406,128.7449951171875,128.7449951171875,845
2024-04-05 14:34:00-04:00,128.75999450683594,128.75999450683594,128.7550048828125,128.7550048828125,128.7550048828125,381
2024-04-05 14:35:00-04:00,128.7550048828125,128.77000427246094,128.7550048828125,128.76499938964844,128.76499938964844,1071
2024-04-05 14:36:00-04:00,128.77999877929688,128.85000610351562,128.76499938964844,128.85000610351562,128.85000610351562,2924
2024-04-05 14:37:00-04:00,128.8800048828125,128.91000366210938,128.84500122070312,128.84500122070312,128.84500122070312,3227
2024-04-05 14:38:00-04:00,128.82000732421875,128.82000732421875,128.81500244140625,128.81500244140625,128.81500244140625,592
2024-04-05 14:39:00-04:00,128.83999633789062,128.8699951171875,128.8350067138672,128.8699951171875,128.8699951171875,1834
2024-04-05 14:41:00-04:00,128.85000610351562,128.85000610351562,128.77999877929688,128.7899932861328,128.7899932861328,2380
2024-04-05 14:42:00-04:00,128.75999450683594,128.75999450683594,128.7550048828125,128.7550048828125,128.7550048828125,590
2024-04-05 14:43:00-04:00,128.72999572753906,128.75999450683594,128.72999572753906,128.7449951171875,128.7449951171875,1486
2024-04-05 14:44:00-04:00,128.75,128.7899932861328,128.6999969482422,128.6999969482422,128.6999969482422,2140
2024-04-05 14:45:00-04:00,128.67999267578125,128.75,128.67999267578125,128.75,128.75,762
2024-04-05 14:47:00-04:00,128.6999969482422,128.6999969482422,128.69000244140625,128.69000244140625,128.69000244140625,491
2024-04-05 14:48:00-04:00,128.69000244140625,128.72000122070312,128.64999389648438,128.69000244140625,128.69000244140625,3312
2024-04-05 14:49:00-04:00,128.66000366210938,128.66000366210938,128.6199951171875,128.6199951171875,128.6199951171875,1617
2024-04-05 14:50:00-04:00,128.66000366210938,128.72000122070312,128.65499877929688,128.67999267578125,128.67999267578125,1914
2024-04-05 14:51:00-04:00,128.6699981689453,128.6699981689453,128.6199951171875,128.6199951171875,128.6199951171875,1381
2024-04-05 14:52:00-04:00,128.60000610351562,128.6300048828125,128.60000610351562,128.6300048828125,128.6300048828125,357
2024-04-05 14:53:00-04:00,128.61000061035156,128.6699981689453,128.58999633789062,128.6699981689453,128.6699981689453,3107
2024-04-05 14:55:00-04:00,128.65040588378906,128.67999267578125,128.57000732421875,128.59500122070312,128.59500122070312,3731
2024-04-05 14:56:00-04:00,128.60000610351562,128.61000061035156,128.52499389648438,128.52499389648438,128.52499389648438,2123
2024-04-05 14:57:00-04:00,128.5399932861328,128.6199951171875,128.52999877929688,128.5399932861328,128.5399932861328,7402
2024-04-05 14:58:00-04:00,128.52999877929688,128.5800018310547,128.50999450683594,128.55999755859375,128.55999755859375,3995
2024-04-05 14:59:00-04:00,128.55999755859375,128.60000610351562,128.5500030517578,128.5500030517578,128.5500030517578,2027
2024-04-05 15:00:00-04:00,128.58999633789062,128.66000366210938,128.58999633789062,128.65499877929688,128.65499877929688,3181
2024-04-05 15:01:00-04:00,128.67999267578125,128.75,128.67999267578125,128.74000549316406,128.74000549316406,3890
2024-04-05 15:02:00-04:00,128.72000122070312,128.74249267578125,128.6300048828125,128.6300048828125,128.6300048828125,2508
2024-04-05 15:03:00-04:00,128.64999389648438,128.67999267578125,128.63999938964844,128.6750030517578,128.6750030517578,2392
2024-04-05 15:04:00-04:00,128.63999938964844,128.66000366210938,128.6199951171875,128.65499877929688,128.65499877929688,1445
2024-04-05 15:05:00-04:00,128.6750030517578,128.67999267578125,128.6649932861328,128.6649932861328,128.6649932861328,1256
2024-04-05 15:06:00-04:00,128.67999267578125,128.7100067138672,128.6699981689453,128.7100067138672,128.7100067138672,3368
2024-04-05 15:07:00-04:00,128.67999267578125,128.69000244140625,128.6300048828125,128.6300048828125,128.6300048828125,2756
2024-04-05 15:08:00-04:00,128.63999938964844,128.63999938964844,128.52999877929688,128.58999633789062,128.58999633789062,4360
2024-04-05 15:09:00-04:00,128.58999633789062,128.58999633789062,128.58999633789062,128.58999633789062,128.58999633789062,177
2024-04-05 15:10:00-04:00,128.60000610351562,128.66000366210938,128.60000610351562,128.6300048828125,128.6300048828125,2138
2024-04-05 15:11:00-04:00,128.6300048828125,128.63999938964844,128.6199951171875,128.63999938964844,128.63999938964844,1692
2024-04-05 15:12:00-04:00,128.63999938964844,128.69000244140625,128.63999938964844,128.64999389648438,128.64999389648438,9093
2024-04-05 15:13:00-04:00,128.64999389648438,128.6999969482422,128.64999389648438,128.67999267578125,128.67999267578125,2002
2024-04-05 15:14:00-04:00,128.6699981689453,128.7050018310547,128.6699981689453,128.7050018310547,128.7050018310547,1338
2024-04-05 15:15:00-04:00,128.7100067138672,128.74000549316406,128.69000244140625,128.69000244140625,128.69000244140625,1376
2024-04-05 15:16:00-04:00,128.64999389648438,128.6699981689453,128.63999938964844,128.63999938964844,128.63999938964844,2822
2024-04-05 15:17:00-04:00,128.60000610351562,128.6300048828125,128.58399963378906,128.58399963378906,128.58399963378906,2867
2024-04-05 15:18:00-04:00,128.63999938964844,128.65249633789062,128.63999938964844,128.64500427246094,128.64500427246094,1071
2024-04-05 15:19:00-04:00,128.64500427246094,128.72000122070312,128.64500427246094,128.72000122070312,128.72000122070312,1597
2024-04-05 15:20:00-04:00,128.6999969482422,128.6999969482422,128.60000610351562,128.60000610351562,128.60000610351562,2691
2024-04-05 15:21:00-04:00,128.61599731445312,128.61599731445312,128.55999755859375,128.5850067138672,128.5850067138672,3783
2024-04-05 15:22:00-04:00,128.59750366210938,128.6300048828125,128.59750366210938,128.60000610351562,128.60000610351562,2019
2024-04-05 15:23:00-04:00,128.63999938964844,128.63999938964844,128.58999633789062,128.58999633789062,128.58999633789062,699
2024-04-05 15:24:00-04:00,128.57000732421875,128.5800018310547,128.5399932861328,128.56500244140625,128.56500244140625,3651
2024-04-05 15:25:00-04:00,128.58999633789062,128.60000610351562,128.5749969482422,128.5749969482422,128.5749969482422,2066
2024-04-05 15:26:00-04:00,128.5800018310547,128.5800018310547,128.56100463867188,128.56100463867188,128.56100463867188,877
2024-04-05 15:27:00-04:00,128.57000732421875,128.5749969482422,128.5399932861328,128.5749969482422,128.5749969482422,1730
2024-04-05 15:28:00-04:00,128.6300048828125,128.64999389648438,128.6199951171875,128.6300048828125,128.6300048828125,1256
2024-04-05 15:29:00-04:00,128.6300048828125,128.6300048828125,128.58999633789062,128.60000610351562,128.60000610351562,2105
2024-04-05 15:30:00-04:00,128.5800018310547,128.5800018310547,128.37100219726562,128.38999938964844,128.38999938964844,11307
2024-04-05 15:31:00-04:00,128.39999389648438,128.50999450683594,128.3800048828125,128.50999450683594,128.50999450683594,6218
2024-04-05 15:32:00-04:00,128.52000427246094,128.5500030517578,128.50100708007812,128.5500030517578,128.5500030517578,1843
2024-04-05 15:33:00-04:00,128.5500030517578,128.6199951171875,128.5500030517578,128.61000061035156,128.61000061035156,2350
2024-04-05 15:34:00-04:00,128.6199951171875,128.64999389648438,128.61500549316406,128.64100646972656,128.64100646972656,1252
2024-04-05 15:35:00-04:00,128.6750030517578,128.6750030517578,128.5260009765625,128.5260009765625,128.5260009765625,3026
2024-04-05 15:36:00-04:00,128.52000427246094,128.52999877929688,128.47999572753906,128.48300170898438,128.48300170898438,1924
2024-04-05 15:37:00-04:00,128.47999572753906,128.47999572753906,128.375,128.4199981689453,128.4199981689453,3471
2024-04-05 15:38:00-04:00,128.41000366210938,128.4550018310547,128.4010009765625,128.43499755859375,128.43499755859375,2669
2024-04-05 15:40:00-04:00,128.49000549316406,128.49000549316406,128.42999267578125,128.4499969482422,128.4499969482422,5639
2024-04-05 15:41:00-04:00,128.44000244140625,128.44000244140625,128.3000030517578,128.3000030517578,128.3000030517578,10140
2024-04-05 15:42:00-04:00,128.28500366210938,128.30999755859375,128.17999267578125,128.2209930419922,128.2209930419922,6984
2024-04-05 15:43:00-04:00,128.25999450683594,128.3300018310547,128.25999450683594,128.30999755859375,128.30999755859375,2554
2024-04-05 15:44:00-04:00,128.35000610351562,128.36500549316406,128.3300018310547,128.3300018310547,128.3300018310547,1754
2024-04-05 15:45:00-04:00,128.30999755859375,128.375,128.3000030517578,128.35000610351562,128.35000610351562,1856
2024-04-05 15:46:00-04:00,128.35499572753906,128.38999938964844,128.33299255371094,128.38499450683594,128.38499450683594,3584
2024-04-05 15:47:00-04:00,128.3800048828125,128.3800048828125,128.32000732421875,128.322998046875,128.322998046875,4575
2024-04-05 15:48:00-04:00,128.3300018310547,128.35000610351562,128.30999755859375,128.30999755859375,128.30999755859375,3951
2024-04-05 15:49:00-04:00,128.32000732421875,128.36749267578125,128.29100036621094,128.36749267578125,128.36749267578125,10713
2024-04-05 15:50:00-04:00,128.32000732421875,128.38999938964844,128.3000030517578,128.3800048828125,128.3800048828125,8453
2024-04-05 15:51:00-04:00,128.36000061035156,128.375,128.30999755859375,128.31500244140625,128.31500244140625,6408
2024-04-05 15:52:00-04:00,128.31500244140625,128.3300018310547,128.25999450683594,128.27999877929688,128.27999877929688,5482
2024-04-05 15:53:00-04:00,128.30999755859375,128.3699951171875,128.281005859375,128.3300018310547,128.3300018310547,11867
2024-04-05 15:54:00-04:00,128.3300018310547,128.33999633789062,128.27999877929688,128.3300018310547,128.3300018310547,8075
2024-04-05 15:55:00-04:00,128.375,128.39999389648438,128.3000030517578,128.3000030517578,128.3000030517578,9595
2024-04-05 15:56:00-04:00,128.3000030517578,128.32000732421875,128.23500061035156,128.25,128.25,11870
2024-04-05 15:57:00-04:00,128.25999450683594,128.3699951171875,128.25999450683594,128.36000061035156,128.36000061035156,20497
2024-04-05 15:58:00-04:00,128.36000061035156,128.3699951171875,128.24000549316406,128.24000549316406,128.24000549316406,17823
2024-04-05 15:59:00-04:00,128.23500061035156,128.3300018310547,128.2100067138672,128.27000427246094,128.27000427246094,38475
