Datetime,Open,High,Low,Close,Adj Close,Volume
2024-04-08 09:30:00-04:00,2904.090087890625,2912.0,2904.090087890625,2912.0,2912.0,7401
2024-04-08 09:31:00-04:00,2909.52490234375,2909.52490234375,2909.320068359375,2909.320068359375,2909.320068359375,1611
2024-04-08 09:33:00-04:00,2907.659912109375,2908.75,2907.659912109375,2908.75,2908.75,756
2024-04-08 09:34:00-04:00,2911.219970703125,2911.219970703125,2909.070068359375,2909.070068359375,2909.070068359375,1342
2024-04-08 09:35:00-04:00,2908.35009765625,2908.35009765625,2908.0,2908.0,2908.0,1433
2024-04-08 09:37:00-04:00,2905.60009765625,2905.60009765625,2905.60009765625,2905.60009765625,2905.60009765625,1161
2024-04-08 09:40:00-04:00,2907.0,2907.0,2907.0,2907.0,2907.0,239
2024-04-08 09:41:00-04:00,2905.695068359375,2905.695068359375,2905.695068359375,2905.695068359375,2905.695068359375,316
2024-04-08 09:42:00-04:00,2905.655029296875,2905.655029296875,2905.655029296875,2905.655029296875,2905.655029296875,1056
2024-04-08 09:43:00-04:00,2909.3798828125,2909.89990234375,2909.179931640625,2909.89990234375,2909.89990234375,1861
2024-04-08 09:44:00-04:00,2915.0,2915.0,2911.0,2911.0048828125,2911.0048828125,649
2024-04-08 09:45:00-04:00,2914.0,2914.0,2914.0,2914.0,2914.0,702
2024-04-08 09:47:00-04:00,2912.18994140625,2912.18994140625,2912.18994140625,2912.18994140625,2912.18994140625,673
2024-04-08 09:48:00-04:00,2913.429931640625,2917.784912109375,2913.429931640625,2917.784912109375,2917.784912109375,1444
2024-04-08 09:52:00-04:00,2918.544921875,2918.544921875,2918.544921875,2918.544921875,2918.544921875,856
2024-04-08 09:55:00-04:00,2916.8798828125,2916.8798828125,2916.8798828125,2916.8798828125,2916.8798828125,956
2024-04-08 09:56:00-04:00,2921.330078125,2921.530029296875,2921.330078125,2921.530029296875,2921.530029296875,966
2024-04-08 09:57:00-04:00,2924.360107421875,2924.360107421875,2924.360107421875,2924.360107421875,2924.360107421875,189
2024-04-08 09:58:00-04:00,2930.824951171875,2930.824951171875,2927.68994140625,2927.68994140625,2927.68994140625,1050
2024-04-08 09:59:00-04:00,2924.919921875,2925.1201171875,2924.919921875,2924.919921875,2924.919921875,1106
2024-04-08 10:01:00-04:00,2924.85009765625,2924.85009765625,2924.85009765625,2924.85009765625,2924.85009765625,268
2024-04-08 10:02:00-04:00,2921.699951171875,2921.699951171875,2920.77001953125,2921.1201171875,2921.1201171875,2566
2024-04-08 10:03:00-04:00,2917.409912109375,2917.409912109375,2917.409912109375,2917.409912109375,2917.409912109375,952
2024-04-08 10:05:00-04:00,2919.030029296875,2920.5,2919.030029296875,2919.1298828125,2919.1298828125,1162
2024-04-08 10:06:00-04:00,2920.489990234375,2920.5,2920.489990234375,2920.5,2920.5,840
2024-04-08 10:09:00-04:00,2920.0,2920.0,2917.27001953125,2917.27001953125,2917.27001953125,1509
2024-04-08 10:17:00-04:00,2919.580078125,2921.205078125,2915.39990234375,2921.205078125,2921.205078125,2697
2024-04-08 10:20:00-04:00,2917.294921875,2917.294921875,2917.294921875,2917.294921875,2917.294921875,329
2024-04-08 10:22:00-04:00,2917.264892578125,2917.27001953125,2917.264892578125,2917.27001953125,2917.27001953125,554
2024-04-08 10:25:00-04:00,2919.719970703125,2921.219970703125,2919.719970703125,2921.219970703125,2921.219970703125,4489
2024-04-08 10:28:00-04:00,2927.64990234375,2928.409912109375,2926.89990234375,2926.89990234375,2926.89990234375,1293
2024-04-08 10:29:00-04:00,2926.31494140625,2927.27001953125,2926.31494140625,2927.27001953125,2927.27001953125,561
2024-04-08 10:30:00-04:00,2929.969970703125,2932.0,2929.969970703125,2930.169921875,2930.169921875,2930
2024-04-08 10:31:00-04:00,2931.360107421875,2931.360107421875,2930.1201171875,2930.1201171875,2930.1201171875,1505
2024-04-08 10:32:00-04:00,2930.0,2930.0,2928.52001953125,2928.52001953125,2928.52001953125,2050
2024-04-08 10:36:00-04:00,2929.06005859375,2929.06005859375,2929.06005859375,2929.06005859375,2929.06005859375,2052
2024-04-08 10:47:00-04:00,2926.610107421875,2926.610107421875,2926.610107421875,2926.610107421875,2926.610107421875,281
2024-04-08 10:48:00-04:00,2923.77001953125,2923.77001953125,2923.77001953125,2923.77001953125,2923.77001953125,219
2024-04-08 10:50:00-04:00,2923.199951171875,2925.159912109375,2923.199951171875,2925.159912109375,2925.159912109375,989
2024-04-08 10:56:00-04:00,2924.680908203125,2924.680908203125,2924.680908203125,2924.680908203125,2924.680908203125,267
2024-04-08 10:57:00-04:00,2924.14990234375,2924.14990234375,2924.14990234375,2924.14990234375,2924.14990234375,112
2024-04-08 10:59:00-04:00,2924.330078125,2924.330078125,2924.330078125,2924.330078125,2924.330078125,513
2024-04-08 11:00:00-04:00,2926.27001953125,2926.27001953125,2926.27001953125,2926.27001953125,2926.27001953125,1832
2024-04-08 11:02:00-04:00,2923.199951171875,2924.35009765625,2923.199951171875,2924.35009765625,2924.35009765625,807
2024-04-08 11:04:00-04:00,2922.9150390625,2922.9150390625,2920.830078125,2920.830078125,2920.830078125,566
2024-04-08 11:05:00-04:00,2920.0,2922.544921875,2920.0,2922.544921875,2922.544921875,312
2024-04-08 11:06:00-04:00,2921.02001953125,2921.02001953125,2921.02001953125,2921.02001953125,2921.02001953125,520
2024-04-08 11:08:00-04:00,2920.0,2920.0,2920.0,2920.0,2920.0,227
2024-04-08 11:09:00-04:00,2921.610107421875,2921.610107421875,2921.610107421875,2921.610107421875,2921.610107421875,592
2024-04-08 11:12:00-04:00,2920.0,2920.0,2918.699951171875,2918.699951171875,2918.699951171875,1654
2024-04-08 11:15:00-04:00,2922.292236328125,2922.292236328125,2922.292236328125,2922.292236328125,2922.292236328125,423
2024-04-08 11:16:00-04:00,2918.60009765625,2918.60009765625,2916.3798828125,2916.3798828125,2916.3798828125,959
2024-04-08 11:21:00-04:00,2917.969970703125,2917.969970703125,2917.969970703125,2917.969970703125,2917.969970703125,273
2024-04-08 11:22:00-04:00,2916.780029296875,2916.780029296875,2916.780029296875,2916.780029296875,2916.780029296875,292
2024-04-08 11:23:00-04:00,2918.909912109375,2918.909912109375,2918.909912109375,2918.909912109375,2918.909912109375,299
2024-04-08 11:24:00-04:00,2918.330078125,2919.199951171875,2917.2900390625,2917.2900390625,2917.2900390625,2234
2024-04-08 11:27:00-04:00,2917.110107421875,2917.110107421875,2917.110107421875,2917.110107421875,2917.110107421875,811
2024-04-08 11:30:00-04:00,2915.0,2915.0,2913.7900390625,2913.7900390625,2913.7900390625,1429
2024-04-08 11:34:00-04:00,2912.830078125,2912.830078125,2912.830078125,2912.830078125,2912.830078125,299
2024-04-08 11:35:00-04:00,2912.6298828125,2913.68994140625,2912.6298828125,2913.68994140625,2913.68994140625,364
2024-04-08 11:36:00-04:00,2912.6298828125,2912.6298828125,2912.6298828125,2912.6298828125,2912.6298828125,967
2024-04-08 11:38:00-04:00,2909.17529296875,2909.17529296875,2908.7548828125,2908.7548828125,2908.7548828125,812
2024-04-08 11:39:00-04:00,2910.7900390625,2911.22998046875,2910.072509765625,2911.2099609375,2911.2099609375,1548
2024-04-08 11:40:00-04:00,2905.580078125,2905.580078125,2905.580078125,2905.580078125,2905.580078125,291
2024-04-08 11:41:00-04:00,2908.639892578125,2908.639892578125,2908.639892578125,2908.639892578125,2908.639892578125,199
2024-04-08 11:42:00-04:00,2910.169921875,2910.169921875,2910.169921875,2910.169921875,2910.169921875,471
2024-04-08 11:45:00-04:00,2912.72998046875,2912.72998046875,2912.72998046875,2912.72998046875,2912.72998046875,902
2024-04-08 11:48:00-04:00,2910.800048828125,2912.080078125,2910.800048828125,2912.080078125,2912.080078125,1319
2024-04-08 11:54:00-04:00,2912.0400390625,2912.0400390625,2912.0400390625,2912.0400390625,2912.0400390625,474
2024-04-08 11:56:00-04:00,2909.320068359375,2909.320068359375,2908.989990234375,2908.989990234375,2908.989990234375,401
2024-04-08 11:57:00-04:00,2910.8701171875,2910.8701171875,2910.8701171875,2910.8701171875,2910.8701171875,1632
2024-04-08 12:10:00-04:00,2911.02001953125,2911.02001953125,2911.02001953125,2911.02001953125,2911.02001953125,979
2024-04-08 12:17:00-04:00,2910.889892578125,2910.889892578125,2910.889892578125,2910.889892578125,2910.889892578125,770
2024-04-08 12:22:00-04:00,2908.75,2908.75,2908.739990234375,2908.739990234375,2908.739990234375,815
2024-04-08 12:23:00-04:00,2906.0,2906.0,2906.0,2906.0,2906.0,1201
2024-04-08 12:25:00-04:00,2909.110107421875,2909.14990234375,2909.110107421875,2909.14990234375,2909.14990234375,1374
2024-04-08 12:26:00-04:00,2909.050048828125,2909.050048828125,2909.050048828125,2909.050048828125,2909.050048828125,877
2024-04-08 12:29:00-04:00,2913.25,2913.25,2913.25,2913.25,2913.25,1051
2024-04-08 12:38:00-04:00,2915.465087890625,2915.465087890625,2915.465087890625,2915.465087890625,2915.465087890625,286
2024-04-08 12:40:00-04:00,2915.2548828125,2915.2548828125,2915.2548828125,2915.2548828125,2915.2548828125,1880
2024-04-08 12:54:00-04:00,2917.39990234375,2917.47998046875,2917.39990234375,2917.47998046875,2917.47998046875,776
2024-04-08 12:56:00-04:00,2918.320068359375,2918.56005859375,2918.320068359375,2918.56005859375,2918.56005859375,1786
2024-04-08 13:01:00-04:00,2919.550048828125,2919.550048828125,2918.090087890625,2918.090087890625,2918.090087890625,2344
2024-04-08 13:21:00-04:00,2922.14990234375,2922.14990234375,2920.719970703125,2920.719970703125,2920.719970703125,2103
2024-04-08 13:25:00-04:00,2920.949951171875,2920.949951171875,2920.949951171875,2920.949951171875,2920.949951171875,518
2024-04-08 13:27:00-04:00,2921.830078125,2921.830078125,2921.830078125,2921.830078125,2921.830078125,1346
2024-04-08 13:38:00-04:00,2923.0849609375,2923.0849609375,2923.0849609375,2923.0849609375,2923.0849609375,1539
2024-04-08 13:47:00-04:00,2924.72998046875,2924.72998046875,2924.72998046875,2924.72998046875,2924.72998046875,287
2024-04-08 13:48:00-04:00,2922.800048828125,2922.800048828125,2922.52001953125,2922.52001953125,2922.52001953125,1245
2024-04-08 13:49:00-04:00,2920.75,2920.75,2920.75,2920.75,2920.75,733
2024-04-08 13:52:00-04:00,2921.580078125,2921.580078125,2921.580078125,2921.580078125,2921.580078125,477
2024-04-08 13:57:00-04:00,2919.070068359375,2923.64990234375,2919.070068359375,2923.64990234375,2923.64990234375,937
2024-04-08 13:59:00-04:00,2925.52001953125,2925.52001953125,2925.52001953125,2925.52001953125,2925.52001953125,403
2024-04-08 14:04:00-04:00,2923.75,2923.75,2923.75,2923.75,2923.75,231
2024-04-08 14:06:00-04:00,2923.550048828125,2923.550048828125,2923.550048828125,2923.550048828125,2923.550048828125,1005
2024-04-08 14:14:00-04:00,2924.6298828125,2926.080078125,2923.89990234375,2923.949951171875,2923.949951171875,1115
2024-04-08 14:18:00-04:00,2923.8798828125,2923.8798828125,2923.8798828125,2923.8798828125,2923.8798828125,902
2024-04-08 14:22:00-04:00,2923.1875,2923.1875,2923.1875,2923.1875,2923.1875,635
2024-04-08 14:23:00-04:00,2923.0,2923.0,2923.0,2923.0,2923.0,391
2024-04-08 14:24:00-04:00,2923.0,2923.0,2922.101318359375,2922.93505859375,2922.93505859375,589
2024-04-08 14:25:00-04:00,2922.445068359375,2922.445068359375,2922.445068359375,2922.445068359375,2922.445068359375,701
2024-04-08 14:28:00-04:00,2922.070068359375,2922.070068359375,2922.070068359375,2922.070068359375,2922.070068359375,464
2024-04-08 14:31:00-04:00,2922.242431640625,2922.242431640625,2922.242431640625,2922.242431640625,2922.242431640625,165
2024-04-08 14:32:00-04:00,2925.0,2925.0,2925.0,2925.0,2925.0,885
2024-04-08 14:37:00-04:00,2921.554931640625,2921.554931640625,2921.554931640625,2921.554931640625,2921.554931640625,337
2024-04-08 14:38:00-04:00,2919.429931640625,2919.429931640625,2919.429931640625,2919.429931640625,2919.429931640625,2549
2024-04-08 14:48:00-04:00,2919.4599609375,2919.4599609375,2919.4599609375,2919.4599609375,2919.4599609375,386
2024-04-08 14:49:00-04:00,2921.449951171875,2921.449951171875,2921.449951171875,2921.449951171875,2921.449951171875,1367
2024-04-08 14:53:00-04:00,2922.280029296875,2922.280029296875,2922.280029296875,2922.280029296875,2922.280029296875,738
2024-04-08 14:55:00-04:00,2924.699951171875,2925.739990234375,2924.699951171875,2925.68994140625,2925.68994140625,517
2024-04-08 14:56:00-04:00,2924.7900390625,2926.409912109375,2924.7900390625,2926.409912109375,2926.409912109375,1192
2024-04-08 14:57:00-04:00,2925.02001953125,2925.02001953125,2925.02001953125,2925.02001953125,2925.02001953125,1134
2024-04-08 14:58:00-04:00,2927.080078125,2927.27001953125,2927.080078125,2927.27001953125,2927.27001953125,923
2024-04-08 14:59:00-04:00,2927.8701171875,2929.449951171875,2927.8701171875,2928.97998046875,2928.97998046875,2000
2024-04-08 15:00:00-04:00,2930.10009765625,2930.10009765625,2929.06005859375,2929.06005859375,2929.06005859375,730
2024-04-08 15:01:00-04:00,2929.779052734375,2930.89990234375,2929.779052734375,2930.0,2930.0,3060
2024-04-08 15:02:00-04:00,2929.52490234375,2930.199951171875,2929.52490234375,2930.0,2930.0,1472
2024-04-08 15:04:00-04:00,2930.9599609375,2930.969970703125,2930.10009765625,2930.10009765625,2930.10009765625,2109
2024-04-08 15:07:00-04:00,2932.864990234375,2932.864990234375,2931.360107421875,2931.360107421875,2931.360107421875,1934
2024-04-08 15:08:00-04:00,2931.360107421875,2931.360107421875,2930.93994140625,2930.93994140625,2930.93994140625,1106
2024-04-08 15:09:00-04:00,2931.89990234375,2931.89990234375,2931.89990234375,2931.89990234375,2931.89990234375,1622
2024-04-08 15:12:00-04:00,2929.47998046875,2929.47998046875,2928.260009765625,2928.260009765625,2928.260009765625,1379
2024-04-08 15:16:00-04:00,2929.235107421875,2929.544921875,2929.235107421875,2929.544921875,2929.544921875,1069
2024-04-08 15:19:00-04:00,2928.050048828125,2928.050048828125,2927.0,2928.0,2928.0,2220
2024-04-08 15:21:00-04:00,2926.5048828125,2926.5048828125,2926.5048828125,2926.5048828125,2926.5048828125,489
2024-04-08 15:22:00-04:00,2926.5048828125,2926.5048828125,2926.199951171875,2926.199951171875,2926.199951171875,833
2024-04-08 15:24:00-04:00,2924.739990234375,2924.739990234375,2922.679931640625,2922.679931640625,2922.679931640625,491
2024-04-08 15:25:00-04:00,2925.080078125,2925.080078125,2924.909912109375,2924.909912109375,2924.909912109375,1161
2024-04-08 15:26:00-04:00,2926.199951171875,2926.419921875,2926.199951171875,2926.419921875,2926.419921875,722
2024-04-08 15:27:00-04:00,2926.794921875,2926.794921875,2926.794921875,2926.794921875,2926.794921875,967
2024-04-08 15:30:00-04:00,2928.919921875,2929.7099609375,2928.72998046875,2929.39990234375,2929.39990234375,2716
2024-04-08 15:31:00-04:00,2929.929931640625,2929.929931640625,2929.929931640625,2929.929931640625,2929.929931640625,383
2024-04-08 15:32:00-04:00,2930.969970703125,2931.489990234375,2930.969970703125,2931.489990234375,2931.489990234375,1944
2024-04-08 15:34:00-04:00,2934.0,2934.1298828125,2933.89990234375,2933.89990234375,2933.89990234375,1386
2024-04-08 15:37:00-04:00,2934.47998046875,2934.47998046875,2933.139892578125,2933.514892578125,2933.514892578125,2753
2024-04-08 15:38:00-04:00,2932.47021484375,2932.47021484375,2932.47021484375,2932.47021484375,2932.47021484375,1202
2024-04-08 15:40:00-04:00,2934.31005859375,2934.635009765625,2934.31005859375,2934.635009765625,2934.635009765625,1078
2024-04-08 15:41:00-04:00,2934.695068359375,2934.695068359375,2933.409912109375,2933.860107421875,2933.860107421875,1978
2024-04-08 15:42:00-04:00,2931.93994140625,2931.93994140625,2931.93994140625,2931.93994140625,2931.93994140625,627
2024-04-08 15:43:00-04:00,2932.669921875,2933.260009765625,2932.590087890625,2933.260009765625,2933.260009765625,582
2024-04-08 15:44:00-04:00,2931.580078125,2931.580078125,2931.580078125,2931.580078125,2931.580078125,672
2024-04-08 15:45:00-04:00,2932.011474609375,2932.011474609375,2932.011474609375,2932.011474609375,2932.011474609375,131
2024-04-08 15:46:00-04:00,2931.794921875,2931.794921875,2931.794921875,2931.794921875,2931.794921875,463
2024-04-08 15:47:00-04:00,2931.3525390625,2931.3525390625,2931.3525390625,2931.3525390625,2931.3525390625,651
2024-04-08 15:48:00-04:00,2931.72509765625,2931.72509765625,2931.72509765625,2931.72509765625,2931.72509765625,878
2024-04-08 15:49:00-04:00,2931.4599609375,2931.4599609375,2931.4599609375,2931.4599609375,2931.4599609375,1069
2024-04-08 15:50:00-04:00,2932.64990234375,2932.820068359375,2932.64990234375,2932.820068359375,2932.820068359375,1272
2024-04-08 15:52:00-04:00,2932.344970703125,2932.344970703125,2932.25,2932.25,2932.25,1327
2024-04-08 15:53:00-04:00,2931.35009765625,2931.35009765625,2931.35009765625,2931.35009765625,2931.35009765625,609
2024-04-08 15:54:00-04:00,2932.10009765625,2932.10009765625,2932.10009765625,2932.10009765625,2932.10009765625,1625
2024-04-08 15:55:00-04:00,2932.2099609375,2932.929931640625,2931.77001953125,2932.929931640625,2932.929931640625,4910
2024-04-08 15:56:00-04:00,2932.18505859375,2933.159912109375,2932.18505859375,2933.159912109375,2933.159912109375,1393
2024-04-08 15:57:00-04:00,2933.159912109375,2933.159912109375,2932.090087890625,2932.090087890625,2932.090087890625,3773
2024-04-08 15:58:00-04:00,2933.110107421875,2933.2099609375,2931.77490234375,2933.2099609375,2933.2099609375,3658
2024-04-08 15:59:00-04:00,2933.18994140625,2937.52001953125,2932.89990234375,2933.1201171875,2933.1201171875,12461
2024-04-09 09:31:00-04:00,2959.0,2965.10009765625,2955.0,2965.10009765625,2965.10009765625,8836
2024-04-09 09:32:00-04:00,2960.10009765625,2960.10009765625,2942.10009765625,2942.10009765625,2942.10009765625,3633
2024-04-09 09:34:00-04:00,2944.31005859375,2948.97998046875,2944.31005859375,2948.97998046875,2948.97998046875,961
2024-04-09 09:36:00-04:00,2944.989990234375,2944.989990234375,2941.5419921875,2943.044921875,2943.044921875,1028
2024-04-09 09:37:00-04:00,2946.0,2946.0,2946.0,2946.0,2946.0,1286
2024-04-09 09:41:00-04:00,2951.449951171875,2951.449951171875,2951.449951171875,2951.449951171875,2951.449951171875,245
2024-04-09 09:42:00-04:00,2949.89501953125,2949.89501953125,2944.889892578125,2946.580078125,2946.580078125,2104
2024-04-09 09:45:00-04:00,2937.02490234375,2937.02490234375,2937.02490234375,2937.02490234375,2937.02490234375,938
2024-04-09 09:47:00-04:00,2935.780029296875,2935.780029296875,2935.780029296875,2935.780029296875,2935.780029296875,506
2024-04-09 09:48:00-04:00,2935.760009765625,2936.18994140625,2935.760009765625,2936.18994140625,2936.18994140625,1620
2024-04-09 09:52:00-04:00,2936.570068359375,2936.570068359375,2933.27001953125,2935.544921875,2935.544921875,1337
2024-04-09 09:55:00-04:00,2931.594970703125,2931.594970703125,2931.594970703125,2931.594970703125,2931.594970703125,263
2024-04-09 09:57:00-04:00,2936.489990234375,2936.489990234375,2936.489990234375,2936.489990234375,2936.489990234375,766
2024-04-09 10:02:00-04:00,2933.3349609375,2933.3349609375,2933.3349609375,2933.3349609375,2933.3349609375,499
2024-04-09 10:05:00-04:00,2933.389892578125,2933.39501953125,2928.449951171875,2930.324951171875,2930.324951171875,1828
2024-04-09 10:06:00-04:00,2929.2099609375,2931.699951171875,2929.10498046875,2929.4951171875,2929.4951171875,1509
2024-04-09 10:08:00-04:00,2927.72998046875,2927.72998046875,2927.72998046875,2927.72998046875,2927.72998046875,1604
2024-04-09 10:12:00-04:00,2923.06005859375,2923.2900390625,2919.580078125,2919.580078125,2919.580078125,2049
2024-04-09 10:14:00-04:00,2917.449951171875,2917.449951171875,2916.06005859375,2916.52001953125,2916.52001953125,641
2024-04-09 10:15:00-04:00,2921.169921875,2921.169921875,2919.394287109375,2919.394287109375,2919.394287109375,325
2024-04-09 10:16:00-04:00,2913.739990234375,2913.739990234375,2913.739990234375,2913.739990234375,2913.739990234375,365
2024-04-09 10:17:00-04:00,2915.610107421875,2916.921875,2912.0,2913.0,2913.0,3484
2024-04-09 10:21:00-04:00,2911.9599609375,2911.9599609375,2911.9599609375,2911.9599609375,2911.9599609375,4564
2024-04-09 10:30:00-04:00,2905.0,2905.0,2900.0,2900.0,2900.0,4597
2024-04-09 10:31:00-04:00,2899.340087890625,2899.340087890625,2899.340087890625,2899.340087890625,2899.340087890625,824
2024-04-09 10:32:00-04:00,2896.929931640625,2896.929931640625,2890.0,2892.84033203125,2892.84033203125,3401
2024-04-09 10:34:00-04:00,2898.639892578125,2898.639892578125,2898.639892578125,2898.639892578125,2898.639892578125,537
2024-04-09 10:36:00-04:00,2893.02001953125,2893.02001953125,2893.02001953125,2893.02001953125,2893.02001953125,594
2024-04-09 10:37:00-04:00,2895.330078125,2895.330078125,2895.330078125,2895.330078125,2895.330078125,845
2024-04-09 10:39:00-04:00,2896.860107421875,2896.860107421875,2896.1650390625,2896.169921875,2896.169921875,1190
2024-04-09 10:40:00-04:00,2895.830078125,2895.830078125,2889.800048828125,2889.800048828125,2889.800048828125,2097
2024-04-09 10:41:00-04:00,2882.47998046875,2884.3798828125,2882.47998046875,2884.3798828125,2884.3798828125,519
2024-04-09 10:42:00-04:00,2884.33740234375,2884.33740234375,2884.33740234375,2884.33740234375,2884.33740234375,829
2024-04-09 10:43:00-04:00,2879.169921875,2879.169921875,2879.169921875,2879.169921875,2879.169921875,1468
2024-04-09 10:45:00-04:00,2883.320068359375,2883.550048828125,2881.639892578125,2881.639892578125,2881.639892578125,2364
2024-04-09 10:47:00-04:00,2881.5400390625,2881.5400390625,2881.5400390625,2881.5400390625,2881.5400390625,1261
2024-04-09 10:50:00-04:00,2879.0,2881.530029296875,2879.0,2881.530029296875,2881.530029296875,1218
2024-04-09 10:51:00-04:00,2885.02001953125,2885.02001953125,2885.02001953125,2885.02001953125,2885.02001953125,1391
2024-04-09 10:52:00-04:00,2887.655029296875,2887.655029296875,2887.655029296875,2887.655029296875,2887.655029296875,236
2024-04-09 10:53:00-04:00,2887.8798828125,2887.8798828125,2887.8798828125,2887.8798828125,2887.8798828125,1188
2024-04-09 10:58:00-04:00,2889.39990234375,2889.39990234375,2884.139892578125,2884.139892578125,2884.139892578125,1036
2024-04-09 11:00:00-04:00,2888.64990234375,2888.64990234375,2888.64990234375,2888.64990234375,2888.64990234375,226
2024-04-09 11:01:00-04:00,2891.52001953125,2891.52001953125,2891.52001953125,2891.52001953125,2891.52001953125,765
2024-04-09 11:02:00-04:00,2895.429931640625,2895.429931640625,2895.429931640625,2895.429931640625,2895.429931640625,902
2024-04-09 11:05:00-04:00,2899.7451171875,2900.0,2899.31005859375,2899.31005859375,2899.31005859375,1817
2024-04-09 11:06:00-04:00,2901.889892578125,2901.889892578125,2900.27001953125,2900.27001953125,2900.27001953125,1170
2024-04-09 11:07:00-04:00,2896.7900390625,2896.7900390625,2896.7900390625,2896.7900390625,2896.7900390625,1433
2024-04-09 11:12:00-04:00,2898.85009765625,2898.85009765625,2898.85009765625,2898.85009765625,2898.85009765625,687
2024-04-09 11:13:00-04:00,2898.199951171875,2898.199951171875,2898.199951171875,2898.199951171875,2898.199951171875,274
2024-04-09 11:14:00-04:00,2894.610107421875,2894.610107421875,2894.445068359375,2894.445068359375,2894.445068359375,479
2024-04-09 11:15:00-04:00,2894.889892578125,2894.889892578125,2894.889892578125,2894.889892578125,2894.889892578125,1096
2024-04-09 11:19:00-04:00,2897.0849609375,2897.0849609375,2897.0849609375,2897.0849609375,2897.0849609375,602
2024-04-09 11:21:00-04:00,2895.0,2896.3701171875,2894.800048828125,2896.3701171875,2896.3701171875,2935
2024-04-09 11:25:00-04:00,2898.22998046875,2898.22998046875,2898.22998046875,2898.22998046875,2898.22998046875,189
2024-04-09 11:27:00-04:00,2899.610107421875,2899.610107421875,2899.610107421875,2899.610107421875,2899.610107421875,1274
2024-04-09 11:32:00-04:00,2897.919921875,2897.919921875,2897.919921875,2897.919921875,2897.919921875,907
2024-04-09 11:38:00-04:00,2898.39990234375,2898.39990234375,2898.39990234375,2898.39990234375,2898.39990234375,618
2024-04-09 11:41:00-04:00,2897.469970703125,2897.469970703125,2897.469970703125,2897.469970703125,2897.469970703125,538
2024-04-09 11:42:00-04:00,2898.1298828125,2898.1298828125,2898.1298828125,2898.1298828125,2898.1298828125,555
2024-04-09 11:43:00-04:00,2900.300048828125,2900.300048828125,2900.300048828125,2900.300048828125,2900.300048828125,738
2024-04-09 11:44:00-04:00,2902.6298828125,2902.6298828125,2902.6298828125,2902.6298828125,2902.6298828125,428
2024-04-09 11:46:00-04:00,2901.590087890625,2901.590087890625,2901.590087890625,2901.590087890625,2901.590087890625,209
2024-04-09 11:47:00-04:00,2901.43505859375,2901.43505859375,2898.93994140625,2899.39990234375,2899.39990234375,1659
2024-04-09 11:48:00-04:00,2900.3701171875,2900.3701171875,2900.3701171875,2900.3701171875,2900.3701171875,651
2024-04-09 11:51:00-04:00,2900.0,2900.0,2900.0,2900.0,2900.0,646
2024-04-09 11:54:00-04:00,2898.5,2902.030029296875,2898.5,2902.030029296875,2902.030029296875,1115
2024-04-09 11:56:00-04:00,2907.3701171875,2907.3701171875,2906.800048828125,2906.800048828125,2906.800048828125,1129
2024-04-09 11:57:00-04:00,2905.2900390625,2905.2900390625,2901.7900390625,2901.7900390625,2901.7900390625,1579
2024-04-09 12:01:00-04:00,2907.885009765625,2907.885009765625,2907.885009765625,2907.885009765625,2907.885009765625,639
2024-04-09 12:02:00-04:00,2902.780029296875,2902.780029296875,2902.780029296875,2902.780029296875,2902.780029296875,316
2024-04-09 12:05:00-04:00,2904.300048828125,2904.300048828125,2904.300048828125,2904.300048828125,2904.300048828125,241
2024-04-09 12:08:00-04:00,2904.14501953125,2904.14501953125,2904.14501953125,2904.14501953125,2904.14501953125,1640
2024-04-09 12:14:00-04:00,2908.794921875,2908.794921875,2905.699951171875,2905.699951171875,2905.699951171875,869
2024-04-09 12:15:00-04:00,2904.780029296875,2904.780029296875,2904.780029296875,2904.780029296875,2904.780029296875,1308
2024-04-09 12:19:00-04:00,2910.919921875,2910.919921875,2910.919921875,2910.919921875,2910.919921875,2312
2024-04-09 12:27:00-04:00,2911.77001953125,2911.77001953125,2911.77001953125,2911.77001953125,2911.77001953125,446
2024-04-09 12:29:00-04:00,2911.489990234375,2911.489990234375,2911.489990234375,2911.489990234375,2911.489990234375,248
2024-04-09 12:30:00-04:00,2911.219970703125,2911.219970703125,2911.219970703125,2911.219970703125,2911.219970703125,1537
2024-04-09 12:36:00-04:00,2911.534912109375,2911.534912109375,2911.534912109375,2911.534912109375,2911.534912109375,544
2024-04-09 12:37:00-04:00,2912.6201171875,2912.6201171875,2912.6201171875,2912.6201171875,2912.6201171875,1121
2024-04-09 12:49:00-04:00,2914.449951171875,2914.449951171875,2914.449951171875,2914.449951171875,2914.449951171875,323
2024-04-09 12:50:00-04:00,2912.6201171875,2912.6201171875,2912.6201171875,2912.6201171875,2912.6201171875,1873
2024-04-09 12:55:00-04:00,2910.675048828125,2910.675048828125,2910.675048828125,2910.675048828125,2910.675048828125,341
2024-04-09 12:57:00-04:00,2910.9599609375,2910.9599609375,2910.9599609375,2910.9599609375,2910.9599609375,219
2024-04-09 12:58:00-04:00,2913.0,2913.0,2911.72998046875,2911.72998046875,2911.72998046875,387
2024-04-09 12:59:00-04:00,2909.591796875,2909.591796875,2909.591796875,2909.591796875,2909.591796875,1633
2024-04-09 13:02:00-04:00,2913.25,2913.25,2912.6298828125,2912.6298828125,2912.6298828125,2186
2024-04-09 13:09:00-04:00,2914.985107421875,2914.985107421875,2914.985107421875,2914.985107421875,2914.985107421875,1615
2024-04-09 13:18:00-04:00,2917.97998046875,2917.97998046875,2917.97998046875,2917.97998046875,2917.97998046875,178
2024-04-09 13:19:00-04:00,2917.9951171875,2917.9951171875,2917.9951171875,2917.9951171875,2917.9951171875,2912
2024-04-09 13:29:00-04:00,2910.489990234375,2910.489990234375,2910.489990234375,2910.489990234375,2910.489990234375,1215
2024-04-09 13:37:00-04:00,2916.599853515625,2916.599853515625,2916.599853515625,2916.599853515625,2916.599853515625,503
2024-04-09 13:40:00-04:00,2915.81005859375,2915.81005859375,2915.81005859375,2915.81005859375,2915.81005859375,1118
2024-04-09 13:49:00-04:00,2911.22998046875,2911.22998046875,2911.22998046875,2911.22998046875,2911.22998046875,642
2024-04-09 13:51:00-04:00,2914.320068359375,2914.320068359375,2914.320068359375,2914.320068359375,2914.320068359375,554
2024-04-09 13:55:00-04:00,2913.195068359375,2913.195068359375,2913.195068359375,2913.195068359375,2913.195068359375,2183
2024-04-09 14:11:00-04:00,2915.85009765625,2915.85009765625,2915.85009765625,2915.85009765625,2915.85009765625,717
2024-04-09 14:15:00-04:00,2916.6298828125,2916.6298828125,2916.6298828125,2916.6298828125,2916.6298828125,838
2024-04-09 14:18:00-04:00,2916.6298828125,2916.669921875,2915.97998046875,2915.97998046875,2915.97998046875,1298
2024-04-09 14:24:00-04:00,2915.219970703125,2915.22998046875,2914.4150390625,2914.4150390625,2914.4150390625,1985
2024-04-09 14:25:00-04:00,2914.360107421875,2914.43505859375,2914.360107421875,2914.43505859375,2914.43505859375,453
2024-04-09 14:27:00-04:00,2913.784912109375,2913.784912109375,2913.784912109375,2913.784912109375,2913.784912109375,717
2024-04-09 14:29:00-04:00,2912.280029296875,2912.280029296875,2912.280029296875,2912.280029296875,2912.280029296875,321
2024-04-09 14:30:00-04:00,2914.580078125,2914.580078125,2914.580078125,2914.580078125,2914.580078125,313
2024-04-09 14:31:00-04:00,2914.242431640625,2914.242431640625,2914.22509765625,2914.22509765625,2914.22509765625,227
2024-04-09 14:32:00-04:00,2914.22998046875,2914.22998046875,2914.22998046875,2914.22998046875,2914.22998046875,358
2024-04-09 14:34:00-04:00,2913.909912109375,2913.909912109375,2913.909912109375,2913.909912109375,2913.909912109375,438
2024-04-09 14:36:00-04:00,2914.320068359375,2914.320068359375,2914.320068359375,2914.320068359375,2914.320068359375,773
2024-04-09 14:41:00-04:00,2911.39990234375,2912.22509765625,2911.39990234375,2912.22509765625,2912.22509765625,571
2024-04-09 14:42:00-04:00,2910.219970703125,2910.219970703125,2909.550048828125,2909.85009765625,2909.85009765625,1443
2024-04-09 14:44:00-04:00,2907.205078125,2907.205078125,2907.205078125,2907.205078125,2907.205078125,355
2024-04-09 14:46:00-04:00,2903.690185546875,2903.690185546875,2903.690185546875,2903.690185546875,2903.690185546875,315
2024-04-09 14:48:00-04:00,2906.945068359375,2906.945068359375,2906.945068359375,2906.945068359375,2906.945068359375,234
2024-04-09 14:49:00-04:00,2906.77001953125,2906.77001953125,2906.77001953125,2906.77001953125,2906.77001953125,769
2024-04-09 14:54:00-04:00,2905.219970703125,2905.219970703125,2905.219970703125,2905.219970703125,2905.219970703125,650
2024-04-09 14:56:00-04:00,2905.195068359375,2906.889892578125,2903.264892578125,2903.264892578125,2903.264892578125,932
2024-04-09 15:00:00-04:00,2904.830078125,2904.830078125,2903.35009765625,2903.35009765625,2903.35009765625,1014
2024-04-09 15:03:00-04:00,2906.02001953125,2906.02001953125,2906.02001953125,2906.02001953125,2906.02001953125,442
2024-04-09 15:06:00-04:00,2907.02001953125,2907.02001953125,2907.02001953125,2907.02001953125,2907.02001953125,1728
2024-04-09 15:15:00-04:00,2908.0,2908.0,2908.0,2908.0,2908.0,474
2024-04-09 15:17:00-04:00,2908.0,2908.0,2905.580078125,2905.580078125,2905.580078125,1019
2024-04-09 15:20:00-04:00,2907.580078125,2907.75,2907.580078125,2907.75,2907.75,947
2024-04-09 15:22:00-04:00,2909.22998046875,2909.22998046875,2907.780029296875,2907.780029296875,2907.780029296875,1578
2024-04-09 15:26:00-04:00,2908.5048828125,2908.5048828125,2908.5048828125,2908.5048828125,2908.5048828125,1845
2024-04-09 15:29:00-04:00,2907.989990234375,2907.989990234375,2907.844970703125,2907.844970703125,2907.844970703125,1121
2024-04-09 15:30:00-04:00,2907.827880859375,2907.827880859375,2905.550048828125,2906.2451171875,2906.2451171875,1817
2024-04-09 15:31:00-04:00,2906.0,2906.800048828125,2904.830078125,2904.830078125,2904.830078125,6169
2024-04-09 15:34:00-04:00,2904.0400390625,2904.0400390625,2904.0400390625,2904.0400390625,2904.0400390625,573
2024-04-09 15:35:00-04:00,2905.590087890625,2905.590087890625,2905.590087890625,2905.590087890625,2905.590087890625,489
2024-04-09 15:36:00-04:00,2906.0,2906.0,2906.0,2906.0,2906.0,593
2024-04-09 15:37:00-04:00,2903.14990234375,2903.159912109375,2903.14990234375,2903.159912109375,2903.159912109375,660
2024-04-09 15:39:00-04:00,2903.044921875,2903.044921875,2900.840087890625,2900.840087890625,2900.840087890625,892
2024-04-09 15:41:00-04:00,2902.485107421875,2902.485107421875,2902.485107421875,2902.485107421875,2902.485107421875,787
2024-04-09 15:42:00-04:00,2904.639892578125,2904.639892578125,2904.639892578125,2904.639892578125,2904.639892578125,452
2024-04-09 15:43:00-04:00,2904.219970703125,2904.219970703125,2904.219970703125,2904.219970703125,2904.219970703125,233
2024-04-09 15:44:00-04:00,2903.264892578125,2905.669921875,2903.264892578125,2904.5,2904.5,3050
2024-04-09 15:45:00-04:00,2902.844970703125,2902.844970703125,2902.844970703125,2902.844970703125,2902.844970703125,273
2024-04-09 15:47:00-04:00,2903.81005859375,2903.81005859375,2903.81005859375,2903.81005859375,2903.81005859375,857
2024-04-09 15:48:00-04:00,2904.5,2904.5,2904.5,2904.5,2904.5,256
2024-04-09 15:49:00-04:00,2904.97998046875,2904.97998046875,2904.5,2904.5,2904.5,2076
2024-04-09 15:51:00-04:00,2904.97998046875,2904.97998046875,2904.090087890625,2904.090087890625,2904.090087890625,2873
2024-04-09 15:52:00-04:00,2904.580078125,2911.699951171875,2904.580078125,2910.889892578125,2910.889892578125,5330
2024-04-09 15:53:00-04:00,2911.800048828125,2911.800048828125,2911.800048828125,2911.800048828125,2911.800048828125,153
2024-04-09 15:54:00-04:00,2912.929931640625,2915.10009765625,2912.929931640625,2915.10009765625,2915.10009765625,2577
2024-04-09 15:55:00-04:00,2913.3701171875,2913.3701171875,2913.3701171875,2913.3701171875,2913.3701171875,2659
2024-04-09 15:56:00-04:00,2920.31005859375,2921.6201171875,2920.31005859375,2920.780029296875,2920.780029296875,4147
2024-04-09 15:57:00-04:00,2920.280029296875,2925.699951171875,2920.280029296875,2921.735107421875,2921.735107421875,5956
2024-04-09 15:58:00-04:00,2921.735107421875,2924.239990234375,2919.719970703125,2924.239990234375,2924.239990234375,5073
2024-04-09 15:59:00-04:00,2925.050048828125,2927.969970703125,2923.830078125,2925.989990234375,2925.989990234375,9222
2024-04-10 09:36:00-04:00,2913.0,2916.14990234375,2905.110107421875,2915.43994140625,2915.43994140625,7576
2024-04-10 09:37:00-04:00,2910.864990234375,2910.864990234375,2905.5400390625,2905.5400390625,2905.5400390625,908
2024-04-10 09:38:00-04:00,2902.419921875,2910.909912109375,2902.419921875,2910.909912109375,2910.909912109375,1452
2024-04-10 09:40:00-04:00,2910.85009765625,2910.969970703125,2910.85009765625,2910.969970703125,2910.969970703125,1422
2024-04-10 09:41:00-04:00,2910.85009765625,2910.85009765625,2903.260009765625,2903.260009765625,2903.260009765625,453
2024-04-10 09:43:00-04:00,2904.330078125,2904.330078125,2901.22998046875,2901.22998046875,2901.22998046875,463
2024-04-10 09:44:00-04:00,2909.6201171875,2910.77001953125,2909.6201171875,2910.77001953125,2910.77001953125,1195
2024-04-10 09:46:00-04:00,2902.929931640625,2902.929931640625,2902.929931640625,2902.929931640625,2902.929931640625,287
2024-04-10 09:47:00-04:00,2907.179931640625,2907.179931640625,2907.179931640625,2907.179931640625,2907.179931640625,562
2024-04-10 09:48:00-04:00,2910.5,2910.5,2910.5,2910.5,2910.5,527
2024-04-10 09:49:00-04:00,2907.919921875,2907.919921875,2907.919921875,2907.919921875,2907.919921875,664
2024-04-10 09:51:00-04:00,2903.14990234375,2910.030029296875,2903.14990234375,2907.919921875,2907.919921875,1248
2024-04-10 09:52:00-04:00,2912.639892578125,2912.639892578125,2910.0,2910.0,2910.0,785
2024-04-10 09:54:00-04:00,2912.85009765625,2912.85009765625,2910.0,2910.0,2910.0,1132
2024-04-10 09:55:00-04:00,2910.0,2910.0,2910.0,2910.0,2910.0,2527
2024-04-10 10:00:00-04:00,2904.4599609375,2906.35009765625,2904.4599609375,2906.35009765625,2906.35009765625,338
2024-04-10 10:01:00-04:00,2911.39501953125,2917.14990234375,2910.0,2917.14990234375,2917.14990234375,3040
2024-04-10 10:04:00-04:00,2912.5849609375,2912.5849609375,2912.5849609375,2912.5849609375,2912.5849609375,109
2024-04-10 10:05:00-04:00,2911.148193359375,2911.148193359375,2911.148193359375,2911.148193359375,2911.148193359375,463
2024-04-10 10:07:00-04:00,2911.949951171875,2914.169921875,2911.949951171875,2914.169921875,2914.169921875,1147
2024-04-10 10:10:00-04:00,2911.949951171875,2916.3798828125,2911.949951171875,2916.3798828125,2916.3798828125,815
2024-04-10 10:13:00-04:00,2910.610107421875,2910.610107421875,2910.610107421875,2910.610107421875,2910.610107421875,143
2024-04-10 10:14:00-04:00,2907.280029296875,2907.280029296875,2907.280029296875,2907.280029296875,2907.280029296875,389
2024-04-10 10:15:00-04:00,2916.31494140625,2916.31494140625,2912.22998046875,2912.22998046875,2912.22998046875,360
2024-04-10 10:16:00-04:00,2916.0,2918.89501953125,2915.93994140625,2918.89501953125,2918.89501953125,925
2024-04-10 10:17:00-04:00,2916.989990234375,2919.14990234375,2916.93994140625,2916.93994140625,2916.93994140625,1867
2024-04-10 10:21:00-04:00,2921.10498046875,2921.10498046875,2921.10498046875,2921.10498046875,2921.10498046875,315
2024-04-10 10:22:00-04:00,2921.10498046875,2921.10498046875,2921.10498046875,2921.10498046875,2921.10498046875,269
2024-04-10 10:23:00-04:00,2921.10498046875,2923.22509765625,2921.10498046875,2923.22509765625,2923.22509765625,669
2024-04-10 10:24:00-04:00,2918.43994140625,2920.985107421875,2918.219970703125,2918.219970703125,2918.219970703125,1634
2024-04-10 10:25:00-04:00,2918.780029296875,2919.719970703125,2918.780029296875,2919.719970703125,2919.719970703125,558
2024-04-10 10:26:00-04:00,2920.2099609375,2920.2099609375,2920.2099609375,2920.2099609375,2920.2099609375,185
2024-04-10 10:28:00-04:00,2920.155029296875,2920.155029296875,2920.155029296875,2920.155029296875,2920.155029296875,884
2024-04-10 10:31:00-04:00,2920.409912109375,2921.340087890625,2919.31005859375,2921.340087890625,2921.340087890625,1838
2024-04-10 10:32:00-04:00,2924.89990234375,2928.320068359375,2924.034912109375,2926.02001953125,2926.02001953125,2636
2024-04-10 10:37:00-04:00,2926.330078125,2926.330078125,2926.330078125,2926.330078125,2926.330078125,122
2024-04-10 10:38:00-04:00,2929.81494140625,2929.81494140625,2929.81494140625,2929.81494140625,2929.81494140625,369
2024-04-10 10:39:00-04:00,2929.81494140625,2929.81494140625,2929.81494140625,2929.81494140625,2929.81494140625,669
2024-04-10 10:40:00-04:00,2933.60009765625,2933.60009765625,2931.300048828125,2931.300048828125,2931.300048828125,795
2024-04-10 10:42:00-04:00,2932.199951171875,2932.199951171875,2932.199951171875,2932.199951171875,2932.199951171875,472
2024-04-10 10:43:00-04:00,2931.669921875,2936.945068359375,2931.199951171875,2934.465087890625,2934.465087890625,3497
2024-04-10 10:44:00-04:00,2933.659912109375,2936.8798828125,2930.219970703125,2936.8798828125,2936.8798828125,1729
2024-04-10 10:46:00-04:00,2932.5048828125,2934.0,2930.280029296875,2930.280029296875,2930.280029296875,1208
2024-04-10 10:48:00-04:00,2934.080078125,2939.625,2934.0,2934.0,2934.0,890
2024-04-10 10:49:00-04:00,2937.300048828125,2937.300048828125,2937.300048828125,2937.300048828125,2937.300048828125,1404
2024-04-10 10:51:00-04:00,2942.625,2942.625,2939.360107421875,2939.360107421875,2939.360107421875,773
2024-04-10 10:52:00-04:00,2939.360107421875,2942.9951171875,2939.360107421875,2940.97998046875,2940.97998046875,1609
2024-04-10 10:53:00-04:00,2942.6298828125,2942.6298828125,2939.510009765625,2939.510009765625,2939.510009765625,823
2024-04-10 10:54:00-04:00,2940.0048828125,2940.0048828125,2934.699951171875,2937.56005859375,2937.56005859375,4455
2024-04-10 10:55:00-04:00,2933.02001953125,2935.550048828125,2930.75,2930.75,2930.75,1526
2024-04-10 10:56:00-04:00,2937.030029296875,2939.60009765625,2937.030029296875,2939.60009765625,2939.60009765625,651
2024-04-10 10:57:00-04:00,2935.81005859375,2935.81005859375,2935.81005859375,2935.81005859375,2935.81005859375,701
2024-04-10 11:00:00-04:00,2937.860107421875,2938.610107421875,2937.330078125,2938.610107421875,2938.610107421875,1848
2024-04-10 11:01:00-04:00,2940.3798828125,2941.0,2940.3798828125,2941.0,2941.0,1735
2024-04-10 11:03:00-04:00,2938.60009765625,2938.60009765625,2938.60009765625,2938.60009765625,2938.60009765625,739
2024-04-10 11:04:00-04:00,2939.699951171875,2942.0,2939.699951171875,2942.0,2942.0,3098
2024-04-10 11:05:00-04:00,2940.27490234375,2940.27490234375,2940.27490234375,2940.27490234375,2940.27490234375,535
2024-04-10 11:06:00-04:00,2943.0,2945.4599609375,2943.0,2943.35009765625,2943.35009765625,1776
2024-04-10 11:07:00-04:00,2944.864990234375,2945.824951171875,2944.864990234375,2945.824951171875,2945.824951171875,1574
2024-04-10 11:10:00-04:00,2943.9599609375,2945.985107421875,2943.9599609375,2945.985107421875,2945.985107421875,537
2024-04-10 11:11:00-04:00,2945.0,2945.0,2945.0,2945.0,2945.0,481
2024-04-10 11:12:00-04:00,2941.89990234375,2941.89990234375,2941.89990234375,2941.89990234375,2941.89990234375,466
2024-04-10 11:13:00-04:00,2939.919921875,2939.919921875,2937.830078125,2938.14990234375,2938.14990234375,1869
2024-04-10 11:14:00-04:00,2938.0400390625,2940.0400390625,2938.0400390625,2940.014892578125,2940.014892578125,2264
2024-04-10 11:15:00-04:00,2938.7900390625,2938.7900390625,2938.7900390625,2938.7900390625,2938.7900390625,421
2024-04-10 11:16:00-04:00,2936.72998046875,2938.0,2936.719970703125,2938.0,2938.0,1439
2024-04-10 11:17:00-04:00,2933.389892578125,2936.054931640625,2933.389892578125,2936.054931640625,2936.054931640625,647
2024-04-10 11:18:00-04:00,2936.81005859375,2938.429931640625,2936.81005859375,2938.429931640625,2938.429931640625,721
2024-04-10 11:19:00-04:00,2940.830078125,2940.830078125,2940.35009765625,2940.35009765625,2940.35009765625,1447
2024-04-10 11:27:00-04:00,2943.989990234375,2945.550048828125,2943.7099609375,2943.7099609375,2943.7099609375,2994
2024-04-10 11:29:00-04:00,2945.909912109375,2946.06005859375,2945.909912109375,2946.06005859375,2946.06005859375,1503
2024-04-10 11:34:00-04:00,2942.554931640625,2942.554931640625,2942.554931640625,2942.554931640625,2942.554931640625,381
2024-04-10 11:36:00-04:00,2943.800048828125,2945.735107421875,2943.800048828125,2945.735107421875,2945.735107421875,1896
2024-04-10 11:38:00-04:00,2942.554931640625,2942.554931640625,2942.554931640625,2942.554931640625,2942.554931640625,1861
2024-04-10 11:42:00-04:00,2942.60009765625,2942.60009765625,2942.60009765625,2942.60009765625,2942.60009765625,217
2024-04-10 11:43:00-04:00,2942.75,2942.75,2938.93994140625,2939.679931640625,2939.679931640625,12573
2024-04-10 11:44:00-04:00,2936.35498046875,2936.35498046875,2934.864990234375,2934.864990234375,2934.864990234375,11653
2024-04-10 11:46:00-04:00,2933.969970703125,2933.969970703125,2931.510009765625,2931.510009765625,2931.510009765625,644
2024-04-10 11:48:00-04:00,2937.18994140625,2937.18994140625,2937.18994140625,2937.18994140625,2937.18994140625,927
2024-04-10 11:51:00-04:00,2933.300048828125,2933.300048828125,2933.300048828125,2933.300048828125,2933.300048828125,907
2024-04-10 11:54:00-04:00,2935.7099609375,2935.7099609375,2935.7099609375,2935.7099609375,2935.7099609375,879
2024-04-10 11:55:00-04:00,2936.949951171875,2937.239990234375,2936.949951171875,2937.239990234375,2937.239990234375,635
2024-04-10 11:57:00-04:00,2935.0,2935.0,2935.0,2935.0,2935.0,937
2024-04-10 12:02:00-04:00,2933.825927734375,2933.825927734375,2933.825927734375,2933.825927734375,2933.825927734375,440
2024-04-10 12:04:00-04:00,2941.93994140625,2941.93994140625,2941.93994140625,2941.93994140625,2941.93994140625,876
2024-04-10 12:05:00-04:00,2940.72998046875,2940.72998046875,2940.72998046875,2940.72998046875,2940.72998046875,506
2024-04-10 12:06:00-04:00,2943.858154296875,2943.858154296875,2943.858154296875,2943.858154296875,2943.858154296875,337
2024-04-10 12:07:00-04:00,2935.080078125,2935.080078125,2935.080078125,2935.080078125,2935.080078125,529
2024-04-10 12:13:00-04:00,2938.544921875,2938.544921875,2938.544921875,2938.544921875,2938.544921875,600
2024-04-10 12:14:00-04:00,2936.090087890625,2936.090087890625,2936.090087890625,2936.090087890625,2936.090087890625,1009
2024-04-10 12:18:00-04:00,2938.56005859375,2939.489990234375,2934.2099609375,2934.2099609375,2934.2099609375,886
2024-04-10 12:19:00-04:00,2938.31494140625,2938.31494140625,2938.31494140625,2938.31494140625,2938.31494140625,534
2024-04-10 12:21:00-04:00,2938.324951171875,2938.324951171875,2938.324951171875,2938.324951171875,2938.324951171875,951
2024-04-10 12:24:00-04:00,2937.360107421875,2937.360107421875,2937.360107421875,2937.360107421875,2937.360107421875,142
2024-04-10 12:25:00-04:00,2940.159912109375,2940.159912109375,2940.159912109375,2940.159912109375,2940.159912109375,673
2024-04-10 12:26:00-04:00,2942.094970703125,2942.094970703125,2942.094970703125,2942.094970703125,2942.094970703125,1030
2024-04-10 12:27:00-04:00,2940.610107421875,2940.610107421875,2940.610107421875,2940.610107421875,2940.610107421875,105
2024-04-10 12:28:00-04:00,2940.159912109375,2940.159912109375,2940.159912109375,2940.159912109375,2940.159912109375,514
2024-04-10 12:29:00-04:00,2939.75,2939.75,2939.75,2939.75,2939.75,171
2024-04-10 12:30:00-04:00,2939.56005859375,2939.56005859375,2939.56005859375,2939.56005859375,2939.56005859375,296
2024-04-10 12:31:00-04:00,2940.7900390625,2940.7900390625,2940.7900390625,2940.7900390625,2940.7900390625,423
2024-04-10 12:33:00-04:00,2940.044921875,2940.044921875,2940.044921875,2940.044921875,2940.044921875,1368
2024-04-10 12:38:00-04:00,2938.909912109375,2938.909912109375,2938.909912109375,2938.909912109375,2938.909912109375,1636
2024-04-10 12:47:00-04:00,2937.3798828125,2937.3798828125,2937.3798828125,2937.3798828125,2937.3798828125,363
2024-04-10 12:48:00-04:00,2939.18994140625,2939.18994140625,2939.18994140625,2939.18994140625,2939.18994140625,805
2024-04-10 12:52:00-04:00,2940.794921875,2941.95166015625,2940.794921875,2941.95166015625,2941.95166015625,418
2024-04-10 12:53:00-04:00,2942.68994140625,2944.590087890625,2942.68994140625,2944.590087890625,2944.590087890625,2061
2024-04-10 12:56:00-04:00,2942.550048828125,2942.550048828125,2942.550048828125,2942.550048828125,2942.550048828125,886
2024-04-10 13:01:00-04:00,2941.429931640625,2941.429931640625,2941.429931640625,2941.429931640625,2941.429931640625,670
2024-04-10 13:02:00-04:00,2941.1201171875,2941.1201171875,2939.8525390625,2939.8525390625,2939.8525390625,966
2024-04-10 13:06:00-04:00,2936.0,2936.0,2935.050048828125,2935.050048828125,2935.050048828125,896
2024-04-10 13:07:00-04:00,2935.864990234375,2936.010009765625,2935.864990234375,2936.010009765625,2936.010009765625,788
2024-04-10 13:09:00-04:00,2938.199951171875,2938.199951171875,2935.8701171875,2935.8701171875,2935.8701171875,1052
2024-04-10 13:10:00-04:00,2937.6201171875,2938.699951171875,2937.6201171875,2938.639892578125,2938.639892578125,1037
2024-04-10 13:11:00-04:00,2938.639892578125,2938.639892578125,2938.639892578125,2938.639892578125,2938.639892578125,437
2024-04-10 13:12:00-04:00,2938.639892578125,2938.639892578125,2938.639892578125,2938.639892578125,2938.639892578125,411
2024-04-10 13:14:00-04:00,2941.260009765625,2941.260009765625,2941.260009765625,2941.260009765625,2941.260009765625,556
2024-04-10 13:15:00-04:00,2939.800048828125,2939.800048828125,2939.800048828125,2939.800048828125,2939.800048828125,789
2024-04-10 13:17:00-04:00,2938.195068359375,2940.75,2938.195068359375,2940.75,2940.75,731
2024-04-10 13:19:00-04:00,2941.669921875,2942.5400390625,2941.669921875,2942.5400390625,2942.5400390625,563
2024-04-10 13:22:00-04:00,2944.14990234375,2948.97998046875,2944.14990234375,2945.794921875,2945.794921875,1239
2024-04-10 13:23:00-04:00,2947.909912109375,2947.909912109375,2947.909912109375,2947.909912109375,2947.909912109375,327
2024-04-10 13:24:00-04:00,2947.60009765625,2947.610107421875,2947.60009765625,2947.610107421875,2947.610107421875,505
2024-04-10 13:25:00-04:00,2948.010009765625,2948.010009765625,2947.7548828125,2947.7548828125,2947.7548828125,1353
2024-04-10 13:26:00-04:00,2949.14990234375,2949.14990234375,2948.25,2948.25,2948.25,649
2024-04-10 13:28:00-04:00,2950.5,2950.5,2950.5,2950.5,2950.5,492
2024-04-10 13:31:00-04:00,2947.8701171875,2947.8701171875,2945.659912109375,2946.02001953125,2946.02001953125,924
2024-04-10 13:32:00-04:00,2947.034912109375,2947.034912109375,2944.830078125,2944.830078125,2944.830078125,767
2024-04-10 13:33:00-04:00,2943.52001953125,2945.60009765625,2943.52001953125,2945.60009765625,2945.60009765625,861
2024-04-10 13:34:00-04:00,2943.02490234375,2943.02490234375,2943.02490234375,2943.02490234375,2943.02490234375,394
2024-04-10 13:35:00-04:00,2946.409912109375,2946.409912109375,2943.2724609375,2943.2724609375,2943.2724609375,927
2024-04-10 13:36:00-04:00,2944.425048828125,2944.425048828125,2944.425048828125,2944.425048828125,2944.425048828125,695
2024-04-10 13:39:00-04:00,2942.77001953125,2942.77001953125,2942.77001953125,2942.77001953125,2942.77001953125,286
2024-04-10 13:40:00-04:00,2943.9150390625,2943.9150390625,2943.9150390625,2943.9150390625,2943.9150390625,710
2024-04-10 13:42:00-04:00,2942.5849609375,2942.5849609375,2942.5849609375,2942.5849609375,2942.5849609375,198
2024-04-10 13:44:00-04:00,2939.27001953125,2939.27001953125,2939.27001953125,2939.27001953125,2939.27001953125,405
2024-04-10 13:45:00-04:00,2942.35009765625,2942.35009765625,2942.35009765625,2942.35009765625,2942.35009765625,511
2024-04-10 13:47:00-04:00,2942.5,2942.5,2942.5,2942.5,2942.5,389
2024-04-10 13:51:00-04:00,2942.385009765625,2942.385009765625,2942.385009765625,2942.385009765625,2942.385009765625,713
2024-04-10 13:54:00-04:00,2942.39501953125,2942.39501953125,2942.39501953125,2942.39501953125,2942.39501953125,613
2024-04-10 13:56:00-04:00,2945.25,2946.169921875,2945.25,2946.169921875,2946.169921875,1385
2024-04-10 13:58:00-04:00,2946.97998046875,2946.97998046875,2946.97998046875,2946.97998046875,2946.97998046875,695
2024-04-10 13:59:00-04:00,2946.56005859375,2946.56005859375,2946.114990234375,2946.114990234375,2946.114990234375,271
2024-04-10 14:00:00-04:00,2945.52001953125,2945.52001953125,2945.52001953125,2945.52001953125,2945.52001953125,679
2024-04-10 14:02:00-04:00,2948.3798828125,2948.3798828125,2948.3798828125,2948.3798828125,2948.3798828125,392
2024-04-10 14:04:00-04:00,2947.669921875,2947.669921875,2947.669921875,2947.669921875,2947.669921875,106
2024-04-10 14:05:00-04:00,2949.7099609375,2949.7099609375,2949.7099609375,2949.7099609375,2949.7099609375,324
2024-04-10 14:07:00-04:00,2947.639892578125,2947.639892578125,2947.639892578125,2947.639892578125,2947.639892578125,993
2024-04-10 14:09:00-04:00,2949.93994140625,2950.949951171875,2949.385009765625,2949.385009765625,2949.385009765625,1097
2024-04-10 14:10:00-04:00,2949.85009765625,2950.169921875,2949.85009765625,2950.169921875,2950.169921875,714
2024-04-10 14:12:00-04:00,2948.669921875,2950.949951171875,2948.669921875,2950.949951171875,2950.949951171875,821
2024-04-10 14:13:00-04:00,2950.800048828125,2950.800048828125,2948.945068359375,2948.945068359375,2948.945068359375,657
2024-04-10 14:15:00-04:00,2950.949951171875,2950.949951171875,2950.949951171875,2950.949951171875,2950.949951171875,917
2024-04-10 14:17:00-04:00,2950.989990234375,2950.989990234375,2950.989990234375,2950.989990234375,2950.989990234375,162
2024-04-10 14:18:00-04:00,2949.75,2949.75,2946.169921875,2947.89990234375,2947.89990234375,1026
2024-04-10 14:19:00-04:00,2949.699951171875,2949.699951171875,2949.699951171875,2949.699951171875,2949.699951171875,291
2024-04-10 14:20:00-04:00,2950.169921875,2950.3701171875,2950.169921875,2950.3701171875,2950.3701171875,657
2024-04-10 14:22:00-04:00,2950.68505859375,2950.68505859375,2950.679931640625,2950.679931640625,2950.679931640625,706
2024-04-10 14:25:00-04:00,2949.5,2949.5,2949.5,2949.5,2949.5,892
2024-04-10 14:30:00-04:00,2949.280029296875,2949.280029296875,2948.6025390625,2948.6025390625,2948.6025390625,823
2024-04-10 14:31:00-04:00,2951.39990234375,2951.39990234375,2951.39990234375,2951.39990234375,2951.39990234375,309
2024-04-10 14:32:00-04:00,2951.31494140625,2953.469970703125,2950.409912109375,2953.469970703125,2953.469970703125,1683
2024-04-10 14:34:00-04:00,2952.030029296875,2952.030029296875,2952.030029296875,2952.030029296875,2952.030029296875,1175
2024-04-10 14:36:00-04:00,2951.389892578125,2951.389892578125,2951.389892578125,2951.389892578125,2951.389892578125,296
2024-04-10 14:38:00-04:00,2954.0,2954.0,2954.0,2954.0,2954.0,528
2024-04-10 14:39:00-04:00,2955.985107421875,2956.0,2955.985107421875,2956.0,2956.0,1732
2024-04-10 14:42:00-04:00,2953.800048828125,2953.800048828125,2953.800048828125,2953.800048828125,2953.800048828125,653
2024-04-10 14:44:00-04:00,2956.669921875,2956.669921875,2956.2900390625,2956.669921875,2956.669921875,972
2024-04-10 14:46:00-04:00,2955.824951171875,2955.824951171875,2955.824951171875,2955.824951171875,2955.824951171875,770
2024-04-10 14:47:00-04:00,2956.550048828125,2957.919921875,2956.550048828125,2957.919921875,2957.919921875,1864
2024-04-10 14:50:00-04:00,2958.699951171875,2958.699951171875,2958.699951171875,2958.699951171875,2958.699951171875,941
2024-04-10 14:52:00-04:00,2956.360107421875,2957.9599609375,2955.010009765625,2957.4951171875,2957.4951171875,2916
2024-04-10 14:56:00-04:00,2956.610107421875,2956.610107421875,2956.610107421875,2956.610107421875,2956.610107421875,389
2024-04-10 14:57:00-04:00,2953.260009765625,2956.469970703125,2953.260009765625,2956.469970703125,2956.469970703125,759
2024-04-10 14:58:00-04:00,2955.610107421875,2955.610107421875,2953.844970703125,2953.844970703125,2953.844970703125,1140
2024-04-10 14:59:00-04:00,2953.017578125,2953.017578125,2953.014892578125,2953.014892578125,2953.014892578125,1010
2024-04-10 15:00:00-04:00,2955.5,2957.2451171875,2955.5,2957.2451171875,2957.2451171875,1119
2024-04-10 15:01:00-04:00,2954.300048828125,2954.300048828125,2954.300048828125,2954.300048828125,2954.300048828125,506
2024-04-10 15:02:00-04:00,2954.875,2954.875,2954.875,2954.875,2954.875,2461
2024-04-10 15:07:00-04:00,2948.43505859375,2951.739990234375,2948.43505859375,2951.739990234375,2951.739990234375,1822
2024-04-10 15:08:00-04:00,2951.0,2951.155029296875,2951.0,2951.155029296875,2951.155029296875,1151
2024-04-10 15:13:00-04:00,2954.0,2954.588623046875,2954.0,2954.114990234375,2954.114990234375,2160
2024-04-10 15:15:00-04:00,2957.469970703125,2957.469970703125,2956.39990234375,2956.39990234375,2956.39990234375,800
2024-04-10 15:17:00-04:00,2954.800048828125,2954.800048828125,2952.739990234375,2952.739990234375,2952.739990234375,1549
2024-04-10 15:19:00-04:00,2954.8798828125,2954.8798828125,2953.330078125,2953.330078125,2953.330078125,1022
2024-04-10 15:25:00-04:00,2955.594970703125,2956.68994140625,2955.594970703125,2956.68994140625,2956.68994140625,974
2024-04-10 15:26:00-04:00,2955.919921875,2955.919921875,2955.919921875,2955.919921875,2955.919921875,304
2024-04-10 15:27:00-04:00,2955.909912109375,2955.909912109375,2954.81005859375,2954.81005859375,2954.81005859375,1142
2024-04-10 15:30:00-04:00,2953.094970703125,2953.094970703125,2952.669921875,2952.669921875,2952.669921875,409
2024-04-10 15:31:00-04:00,2951.362548828125,2951.362548828125,2951.362548828125,2951.362548828125,2951.362548828125,604
2024-04-10 15:34:00-04:00,2949.47998046875,2950.659912109375,2949.47998046875,2950.659912109375,2950.659912109375,1044
2024-04-10 15:35:00-04:00,2952.5400390625,2952.5400390625,2952.5400390625,2952.5400390625,2952.5400390625,465
2024-04-10 15:37:00-04:00,2952.5,2952.719970703125,2952.5,2952.719970703125,2952.719970703125,1190
2024-04-10 15:38:00-04:00,2952.14990234375,2952.14990234375,2952.14990234375,2952.14990234375,2952.14990234375,392
2024-04-10 15:39:00-04:00,2953.0,2953.0,2953.0,2953.0,2953.0,360
2024-04-10 15:40:00-04:00,2954.93994140625,2954.93994140625,2954.93994140625,2954.93994140625,2954.93994140625,2634
2024-04-10 15:43:00-04:00,2958.0,2958.0,2958.0,2958.0,2958.0,1361
2024-04-10 15:44:00-04:00,2961.3798828125,2961.3798828125,2961.3798828125,2961.3798828125,2961.3798828125,290
2024-04-10 15:45:00-04:00,2960.52001953125,2960.52001953125,2960.320068359375,2960.320068359375,2960.320068359375,778
2024-04-10 15:48:00-04:00,2960.93994140625,2962.97998046875,2960.93994140625,2962.969970703125,2962.969970703125,3643
2024-04-10 15:49:00-04:00,2963.8701171875,2965.0,2963.8701171875,2965.0,2965.0,891
2024-04-10 15:50:00-04:00,2964.030029296875,2965.989990234375,2962.93994140625,2965.989990234375,2965.989990234375,5574
2024-04-10 15:51:00-04:00,2963.969970703125,2967.989990234375,2963.969970703125,2967.284912109375,2967.284912109375,2519
2024-04-10 15:52:00-04:00,2967.544921875,2967.989990234375,2965.360107421875,2967.044921875,2967.044921875,1473
2024-04-10 15:53:00-04:00,2967.014892578125,2969.85498046875,2967.014892578125,2969.85498046875,2969.85498046875,1320
2024-04-10 15:54:00-04:00,2969.8701171875,2972.3701171875,2966.804931640625,2972.3701171875,2972.3701171875,3842
2024-04-10 15:55:00-04:00,2972.340087890625,2972.3701171875,2969.195068359375,2971.43994140625,2971.43994140625,2566
2024-04-10 15:56:00-04:00,2970.0,2971.405029296875,2969.3701171875,2971.405029296875,2971.405029296875,3975
2024-04-10 15:57:00-04:00,2971.43994140625,2971.43994140625,2969.090087890625,2969.35009765625,2969.35009765625,4312
2024-04-10 15:58:00-04:00,2970.72998046875,2970.72998046875,2967.594970703125,2969.6298828125,2969.6298828125,2554
2024-04-10 15:59:00-04:00,2969.159912109375,2969.56005859375,2965.68994140625,2965.68994140625,2965.68994140625,7195
2024-04-11 09:31:00-04:00,2981.199951171875,2981.199951171875,2966.050048828125,2966.050048828125,2966.050048828125,7446
2024-04-11 09:32:00-04:00,2972.969970703125,2973.8701171875,2972.2451171875,2972.2451171875,2972.2451171875,991
2024-04-11 09:33:00-04:00,2973.0,2976.699951171875,2973.0,2973.39990234375,2973.39990234375,1589
2024-04-11 09:34:00-04:00,2971.909912109375,2972.39501953125,2971.909912109375,2972.39501953125,2972.39501953125,538
2024-04-11 09:35:00-04:00,2974.0,2974.0,2973.239990234375,2973.239990234375,2973.239990234375,836
2024-04-11 09:36:00-04:00,2977.75,2978.56005859375,2977.75,2978.56005859375,2978.56005859375,1355
2024-04-11 09:37:00-04:00,2976.885009765625,2976.885009765625,2973.22998046875,2973.22998046875,2973.22998046875,1259
2024-04-11 09:39:00-04:00,2983.590087890625,2983.610107421875,2983.260009765625,2983.60009765625,2983.60009765625,1663
2024-04-11 09:40:00-04:00,2983.659912109375,2983.659912109375,2983.3701171875,2983.3701171875,2983.3701171875,945
2024-04-11 09:41:00-04:00,2977.110107421875,2983.739990234375,2977.110107421875,2983.739990234375,2983.739990234375,520
2024-04-11 09:42:00-04:00,2983.739990234375,2983.780029296875,2981.3701171875,2983.780029296875,2983.780029296875,1567
2024-04-11 09:43:00-04:00,2982.14990234375,2982.425048828125,2980.142578125,2980.142578125,2980.142578125,1041
2024-04-11 09:44:00-04:00,2982.1201171875,2983.8798828125,2982.1201171875,2983.8701171875,2983.8701171875,1695
2024-04-11 09:45:00-04:00,2982.2900390625,2982.2900390625,2982.2900390625,2982.2900390625,2982.2900390625,197
2024-04-11 09:46:00-04:00,2982.300048828125,2983.699951171875,2982.300048828125,2983.699951171875,2983.699951171875,779
2024-04-11 09:47:00-04:00,2979.760009765625,2979.760009765625,2979.760009765625,2979.760009765625,2979.760009765625,200
2024-04-11 09:48:00-04:00,2977.0,2981.429931640625,2967.89990234375,2981.419921875,2981.419921875,2162
2024-04-11 09:49:00-04:00,2981.449951171875,2981.449951171875,2976.264892578125,2976.264892578125,2976.264892578125,847
2024-04-11 09:50:00-04:00,2974.919921875,2974.919921875,2973.199951171875,2973.25,2973.25,1708
2024-04-11 09:51:00-04:00,2973.614990234375,2973.614990234375,2973.614990234375,2973.614990234375,2973.614990234375,487
2024-04-11 09:52:00-04:00,2978.39990234375,2978.39990234375,2978.39990234375,2978.39990234375,2978.39990234375,316
2024-04-11 09:53:00-04:00,2976.6201171875,2978.235107421875,2976.6201171875,2978.235107421875,2978.235107421875,440
2024-04-11 09:54:00-04:00,2975.39990234375,2975.39990234375,2975.39990234375,2975.39990234375,2975.39990234375,720
2024-04-11 09:55:00-04:00,2976.60009765625,2976.60009765625,2974.273193359375,2974.273193359375,2974.273193359375,805
2024-04-11 09:56:00-04:00,2970.0,2970.0,2970.0,2970.0,2970.0,346
2024-04-11 09:57:00-04:00,2972.139892578125,2972.139892578125,2972.02001953125,2972.02001953125,2972.02001953125,1328
2024-04-11 10:00:00-04:00,2971.445068359375,2971.445068359375,2971.445068359375,2971.445068359375,2971.445068359375,511
2024-04-11 10:01:00-04:00,2974.0400390625,2974.40966796875,2971.455078125,2973.0,2973.0,2953
2024-04-11 10:02:00-04:00,2972.010009765625,2972.010009765625,2972.010009765625,2972.010009765625,2972.010009765625,580
2024-04-11 10:04:00-04:00,2973.7900390625,2973.7900390625,2973.7900390625,2973.7900390625,2973.7900390625,2017
2024-04-11 10:06:00-04:00,2973.77001953125,2973.77001953125,2973.77001953125,2973.77001953125,2973.77001953125,555
2024-04-11 10:07:00-04:00,2973.39501953125,2973.39501953125,2973.31005859375,2973.31005859375,2973.31005859375,228
2024-04-11 10:08:00-04:00,2973.800048828125,2973.800048828125,2973.800048828125,2973.800048828125,2973.800048828125,768
2024-04-11 10:11:00-04:00,2973.52001953125,2973.52001953125,2973.52001953125,2973.52001953125,2973.52001953125,458
2024-04-11 10:14:00-04:00,2973.22509765625,2973.22509765625,2973.22509765625,2973.22509765625,2973.22509765625,456
2024-04-11 10:15:00-04:00,2972.39501953125,2973.1298828125,2972.39501953125,2973.1298828125,2973.1298828125,390
2024-04-11 10:16:00-04:00,2973.1298828125,2973.1298828125,2973.1298828125,2973.1298828125,2973.1298828125,1114
2024-04-11 10:18:00-04:00,2976.18994140625,2976.18994140625,2976.18994140625,2976.18994140625,2976.18994140625,499
2024-04-11 10:19:00-04:00,2974.969970703125,2974.969970703125,2974.969970703125,2974.969970703125,2974.969970703125,525
2024-04-11 10:20:00-04:00,2975.139892578125,2975.139892578125,2975.139892578125,2975.139892578125,2975.139892578125,694
2024-04-11 10:23:00-04:00,2975.43994140625,2975.43994140625,2975.43994140625,2975.43994140625,2975.43994140625,136
2024-04-11 10:24:00-04:00,2977.77001953125,2977.77001953125,2977.77001953125,2977.77001953125,2977.77001953125,935
2024-04-11 10:26:00-04:00,2977.60009765625,2978.9150390625,2976.6201171875,2978.9150390625,2978.9150390625,1646
2024-04-11 10:31:00-04:00,2984.320068359375,2984.320068359375,2982.0,2982.0,2982.0,2242
2024-04-11 10:32:00-04:00,2978.010009765625,2978.010009765625,2978.010009765625,2978.010009765625,2978.010009765625,489
2024-04-11 10:34:00-04:00,2980.530029296875,2980.530029296875,2980.530029296875,2980.530029296875,2980.530029296875,289
2024-04-11 10:36:00-04:00,2979.77001953125,2979.77001953125,2979.77001953125,2979.77001953125,2979.77001953125,1657
2024-04-11 10:37:00-04:00,2981.489990234375,2985.0,2981.489990234375,2984.1298828125,2984.1298828125,3984
2024-04-11 10:41:00-04:00,2986.0,2989.18505859375,2986.0,2989.18505859375,2989.18505859375,899
2024-04-11 10:42:00-04:00,2984.14990234375,2984.14990234375,2984.14990234375,2984.14990234375,2984.14990234375,376
2024-04-11 10:44:00-04:00,2985.969970703125,2985.969970703125,2985.955078125,2985.955078125,2985.955078125,714
2024-04-11 10:46:00-04:00,2984.469970703125,2988.14990234375,2983.300048828125,2983.330078125,2983.330078125,2338
2024-04-11 10:50:00-04:00,2976.389892578125,2978.64501953125,2976.389892578125,2978.64501953125,2978.64501953125,1775
2024-04-11 10:55:00-04:00,2977.3701171875,2977.3701171875,2977.3701171875,2977.3701171875,2977.3701171875,909
2024-04-11 10:57:00-04:00,2979.304931640625,2979.304931640625,2979.304931640625,2979.304931640625,2979.304931640625,121
2024-04-11 10:58:00-04:00,2980.22998046875,2980.469970703125,2980.22998046875,2980.469970703125,2980.469970703125,787
2024-04-11 10:59:00-04:00,2980.0,2980.0,2980.0,2980.0,2980.0,1652
2024-04-11 11:05:00-04:00,2981.090087890625,2981.090087890625,2981.090087890625,2981.090087890625,2981.090087890625,1496
2024-04-11 11:12:00-04:00,2985.159912109375,2985.159912109375,2983.469970703125,2983.489990234375,2983.489990234375,950
2024-04-11 11:13:00-04:00,2984.6298828125,2984.6298828125,2984.6298828125,2984.6298828125,2984.6298828125,427
2024-04-11 11:14:00-04:00,2984.3798828125,2984.3798828125,2984.3798828125,2984.3798828125,2984.3798828125,301
2024-04-11 11:15:00-04:00,2987.06005859375,2987.4150390625,2987.06005859375,2987.4150390625,2987.4150390625,982
2024-04-11 11:16:00-04:00,2989.929931640625,2989.929931640625,2989.929931640625,2989.929931640625,2989.929931640625,1162
2024-04-11 11:19:00-04:00,2989.159912109375,2989.159912109375,2989.159912109375,2989.159912109375,2989.159912109375,411
2024-04-11 11:20:00-04:00,2989.56005859375,2990.0,2988.469970703125,2989.010009765625,2989.010009765625,2585
2024-04-11 11:21:00-04:00,2990.860107421875,2990.860107421875,2989.89990234375,2989.89990234375,2989.89990234375,879
2024-04-11 11:24:00-04:00,2990.969970703125,2990.969970703125,2990.969970703125,2990.969970703125,2990.969970703125,460
2024-04-11 11:25:00-04:00,2990.550048828125,2990.550048828125,2990.550048828125,2990.550048828125,2990.550048828125,386
2024-04-11 11:26:00-04:00,2987.010009765625,2987.010009765625,2987.010009765625,2987.010009765625,2987.010009765625,703
2024-04-11 11:30:00-04:00,2988.27490234375,2989.155029296875,2988.27490234375,2989.155029296875,2989.155029296875,1673
2024-04-11 11:34:00-04:00,2989.1298828125,2989.1298828125,2989.1298828125,2989.1298828125,2989.1298828125,492
2024-04-11 11:35:00-04:00,2990.300048828125,2990.300048828125,2990.300048828125,2990.300048828125,2990.300048828125,236
2024-04-11 11:36:00-04:00,2990.300048828125,2991.93505859375,2990.300048828125,2991.93505859375,2991.93505859375,790
2024-04-11 11:40:00-04:00,2992.108154296875,2992.108154296875,2986.360107421875,2986.360107421875,2986.360107421875,3696
2024-04-11 11:44:00-04:00,2988.6298828125,2990.034912109375,2988.6298828125,2990.034912109375,2990.034912109375,533
2024-04-11 11:45:00-04:00,2989.199951171875,2990.080078125,2989.199951171875,2990.0,2990.0,1100
2024-04-11 11:47:00-04:00,2988.5,2988.5,2988.5,2988.5,2988.5,489
2024-04-11 11:48:00-04:00,2987.77001953125,2987.77001953125,2987.77001953125,2987.77001953125,2987.77001953125,238
2024-04-11 11:49:00-04:00,2983.510009765625,2983.510009765625,2983.510009765625,2983.510009765625,2983.510009765625,617
2024-04-11 11:50:00-04:00,2986.02490234375,2986.02490234375,2986.02490234375,2986.02490234375,2986.02490234375,761
2024-04-11 11:52:00-04:00,2983.679931640625,2983.679931640625,2983.679931640625,2983.679931640625,2983.679931640625,781
2024-04-11 11:56:00-04:00,2987.489990234375,2987.489990234375,2987.489990234375,2987.489990234375,2987.489990234375,907
2024-04-11 11:59:00-04:00,2989.739990234375,2989.739990234375,2989.739990234375,2989.739990234375,2989.739990234375,741
2024-04-11 12:01:00-04:00,2986.550048828125,2986.550048828125,2986.550048828125,2986.550048828125,2986.550048828125,733
2024-04-11 12:03:00-04:00,2982.550048828125,2982.56494140625,2982.550048828125,2982.56494140625,2982.56494140625,566
2024-04-11 12:05:00-04:00,2981.10009765625,2981.10009765625,2981.10009765625,2981.10009765625,2981.10009765625,270
2024-04-11 12:07:00-04:00,2983.510498046875,2983.510498046875,2983.510498046875,2983.510498046875,2983.510498046875,633
2024-04-11 12:11:00-04:00,2980.929931640625,2980.929931640625,2980.929931640625,2980.929931640625,2980.929931640625,645
2024-04-11 12:14:00-04:00,2984.070068359375,2984.070068359375,2984.070068359375,2984.070068359375,2984.070068359375,738
2024-04-11 12:17:00-04:00,2982.489990234375,2982.489990234375,2982.489990234375,2982.489990234375,2982.489990234375,340
2024-04-11 12:18:00-04:00,2982.56005859375,2982.56005859375,2980.0,2980.635009765625,2980.635009765625,1626
2024-04-11 12:19:00-04:00,2981.27001953125,2981.27001953125,2981.06005859375,2981.06005859375,2981.06005859375,762
2024-04-11 12:20:00-04:00,2981.4150390625,2981.4150390625,2981.4150390625,2981.4150390625,2981.4150390625,275
2024-04-11 12:22:00-04:00,2981.235107421875,2981.235107421875,2981.235107421875,2981.235107421875,2981.235107421875,494
2024-04-11 12:24:00-04:00,2982.760009765625,2982.760009765625,2982.760009765625,2982.760009765625,2982.760009765625,435
2024-04-11 12:25:00-04:00,2981.72509765625,2981.72509765625,2981.72509765625,2981.72509765625,2981.72509765625,5187
2024-04-11 12:26:00-04:00,2980.090087890625,2980.090087890625,2980.090087890625,2980.090087890625,2980.090087890625,355
2024-04-11 12:27:00-04:00,2979.820068359375,2979.8701171875,2975.760009765625,2976.719970703125,2976.719970703125,1262
2024-04-11 12:28:00-04:00,2976.68994140625,2976.68994140625,2974.6201171875,2974.6201171875,2974.6201171875,1826
2024-04-11 12:31:00-04:00,2975.159912109375,2975.159912109375,2975.159912109375,2975.159912109375,2975.159912109375,480
2024-04-11 12:32:00-04:00,2978.760009765625,2978.760009765625,2978.760009765625,2978.760009765625,2978.760009765625,662
2024-04-11 12:35:00-04:00,2978.949951171875,2978.949951171875,2978.949951171875,2978.949951171875,2978.949951171875,572
2024-04-11 12:36:00-04:00,2978.300048828125,2978.300048828125,2977.52490234375,2977.52490234375,2977.52490234375,261
2024-04-11 12:37:00-04:00,2978.72998046875,2978.72998046875,2978.72998046875,2978.72998046875,2978.72998046875,3169
2024-04-11 12:39:00-04:00,2976.469970703125,2976.469970703125,2976.14990234375,2976.14990234375,2976.14990234375,350
2024-04-11 12:40:00-04:00,2976.340087890625,2976.340087890625,2976.0,2976.199951171875,2976.199951171875,720
2024-04-11 12:41:00-04:00,2976.18994140625,2976.4599609375,2976.18994140625,2976.389892578125,2976.389892578125,404
2024-04-11 12:42:00-04:00,2976.93994140625,2978.215087890625,2976.93994140625,2976.989990234375,2976.989990234375,708
2024-04-11 12:43:00-04:00,2976.43994140625,2978.179931640625,2976.43994140625,2978.179931640625,2978.179931640625,952
2024-04-11 12:44:00-04:00,2977.81005859375,2977.81005859375,2977.81005859375,2977.81005859375,2977.81005859375,421
2024-04-11 12:45:00-04:00,2979.780029296875,2981.139892578125,2979.780029296875,2981.139892578125,2981.139892578125,643
2024-04-11 12:46:00-04:00,2978.5400390625,2978.5400390625,2978.5400390625,2978.5400390625,2978.5400390625,599
2024-04-11 12:47:00-04:00,2981.02001953125,2981.02001953125,2981.02001953125,2981.02001953125,2981.02001953125,1765
2024-04-11 12:49:00-04:00,2984.68994140625,2984.68994140625,2984.68994140625,2984.68994140625,2984.68994140625,402
2024-04-11 12:51:00-04:00,2984.969970703125,2985.0,2983.52001953125,2984.969970703125,2984.969970703125,4760
2024-04-11 12:53:00-04:00,2980.68994140625,2980.68994140625,2980.68994140625,2980.68994140625,2980.68994140625,165
2024-04-11 12:54:00-04:00,2980.489990234375,2980.489990234375,2979.85009765625,2979.85009765625,2979.85009765625,416
2024-04-11 12:55:00-04:00,2979.81005859375,2979.81005859375,2979.77001953125,2979.77001953125,2979.77001953125,357
2024-04-11 12:56:00-04:00,2979.580078125,2979.614990234375,2977.510009765625,2977.510009765625,2977.510009765625,1312
2024-04-11 12:57:00-04:00,2977.8701171875,2977.8701171875,2977.8701171875,2977.8701171875,2977.8701171875,187
2024-04-11 12:58:00-04:00,2979.010009765625,2979.614990234375,2978.85009765625,2978.85009765625,2978.85009765625,1410
2024-04-11 12:59:00-04:00,2978.489990234375,2978.489990234375,2976.81005859375,2976.81005859375,2976.81005859375,287
2024-04-11 13:00:00-04:00,2979.340087890625,2979.3798828125,2977.14990234375,2977.14990234375,2977.14990234375,1092
2024-04-11 13:01:00-04:00,2976.215087890625,2976.215087890625,2976.215087890625,2976.215087890625,2976.215087890625,866
2024-04-11 13:02:00-04:00,2975.429931640625,2975.429931640625,2975.429931640625,2975.429931640625,2975.429931640625,531
2024-04-11 13:03:00-04:00,2977.489990234375,2979.010009765625,2977.489990234375,2979.010009765625,2979.010009765625,915
2024-04-11 13:05:00-04:00,2980.2099609375,2980.2099609375,2980.2099609375,2980.2099609375,2980.2099609375,251
2024-04-11 13:06:00-04:00,2979.010009765625,2979.010009765625,2979.010009765625,2979.010009765625,2979.010009765625,1646
2024-04-11 13:09:00-04:00,2978.7099609375,2978.7099609375,2978.594970703125,2978.594970703125,2978.594970703125,749
2024-04-11 13:11:00-04:00,2978.89501953125,2978.89501953125,2978.89501953125,2978.89501953125,2978.89501953125,167
2024-04-11 13:12:00-04:00,2978.925048828125,2978.925048828125,2978.925048828125,2978.925048828125,2978.925048828125,282
2024-04-11 13:13:00-04:00,2978.97998046875,2978.97998046875,2978.97998046875,2978.97998046875,2978.97998046875,246
2024-04-11 13:14:00-04:00,2981.02001953125,2981.02001953125,2981.02001953125,2981.02001953125,2981.02001953125,718
2024-04-11 13:18:00-04:00,2980.864990234375,2984.3349609375,2980.864990234375,2984.3349609375,2984.3349609375,2113
2024-04-11 13:19:00-04:00,2986.38671875,2987.909912109375,2986.38671875,2987.909912109375,2987.909912109375,661
2024-04-11 13:20:00-04:00,2985.56494140625,2985.56494140625,2985.56494140625,2985.56494140625,2985.56494140625,265
2024-04-11 13:21:00-04:00,2985.89501953125,2985.89501953125,2983.669921875,2983.669921875,2983.669921875,1071
2024-04-11 13:22:00-04:00,2985.56005859375,2986.074951171875,2983.034912109375,2983.034912109375,2983.034912109375,1712
2024-04-11 13:23:00-04:00,2983.044921875,2983.044921875,2983.044921875,2983.044921875,2983.044921875,408
2024-04-11 13:25:00-04:00,2985.780029296875,2985.780029296875,2985.780029296875,2985.780029296875,2985.780029296875,1122
2024-04-11 13:30:00-04:00,2987.27001953125,2987.27001953125,2987.27001953125,2987.27001953125,2987.27001953125,610
2024-04-11 13:32:00-04:00,2989.405029296875,2989.405029296875,2989.405029296875,2989.405029296875,2989.405029296875,1207
2024-04-11 13:33:00-04:00,2988.449951171875,2988.449951171875,2988.449951171875,2988.449951171875,2988.449951171875,329
2024-04-11 13:34:00-04:00,2987.139892578125,2987.56005859375,2986.110107421875,2986.570068359375,2986.570068359375,1424
2024-04-11 13:36:00-04:00,2985.909912109375,2985.909912109375,2985.909912109375,2985.909912109375,2985.909912109375,117
2024-04-11 13:37:00-04:00,2983.0400390625,2985.85009765625,2983.0400390625,2985.85009765625,2985.85009765625,403
2024-04-11 13:38:00-04:00,2985.81005859375,2986.1298828125,2985.81005859375,2986.1298828125,2986.1298828125,500
2024-04-11 13:40:00-04:00,2986.169921875,2986.169921875,2986.169921875,2986.169921875,2986.169921875,1467
2024-04-11 13:44:00-04:00,2993.0,2993.0,2991.52490234375,2991.52490234375,2991.52490234375,753
2024-04-11 13:45:00-04:00,2990.4599609375,2990.4599609375,2990.4599609375,2990.4599609375,2990.4599609375,614
2024-04-11 13:46:00-04:00,2990.114990234375,2990.114990234375,2990.114990234375,2990.114990234375,2990.114990234375,602
2024-04-11 13:47:00-04:00,2991.85009765625,2991.85009765625,2991.85009765625,2991.85009765625,2991.85009765625,617
2024-04-11 13:49:00-04:00,2993.9150390625,2994.0,2992.52490234375,2994.0,2994.0,900
2024-04-11 13:50:00-04:00,2992.60009765625,2992.60009765625,2992.60009765625,2992.60009765625,2992.60009765625,348
2024-04-11 13:51:00-04:00,2992.2548828125,2992.2548828125,2992.2548828125,2992.2548828125,2992.2548828125,609
2024-04-11 13:53:00-04:00,2993.135009765625,2993.135009765625,2993.135009765625,2993.135009765625,2993.135009765625,375
2024-04-11 13:55:00-04:00,2993.0,2993.0,2992.22998046875,2992.22998046875,2992.22998046875,1550
2024-04-11 13:59:00-04:00,2993.919921875,2993.919921875,2992.55078125,2992.55078125,2992.55078125,826
2024-04-11 14:01:00-04:00,2994.5,2994.5,2994.5,2994.5,2994.5,607
2024-04-11 14:02:00-04:00,2993.9599609375,2995.590087890625,2993.9599609375,2995.159912109375,2995.159912109375,1307
2024-04-11 14:03:00-04:00,2995.389892578125,2995.389892578125,2995.389892578125,2995.389892578125,2995.389892578125,3803
2024-04-11 14:04:00-04:00,2994.139892578125,2994.14501953125,2994.139892578125,2994.14501953125,2994.14501953125,478
2024-04-11 14:06:00-04:00,2994.195068359375,2994.669921875,2993.47998046875,2993.739990234375,2993.739990234375,910
2024-04-11 14:07:00-04:00,2993.794921875,2993.794921875,2993.794921875,2993.794921875,2993.794921875,247
2024-04-11 14:08:00-04:00,2996.2099609375,2997.0,2996.06005859375,2997.0,2997.0,2776
2024-04-11 14:13:00-04:00,2995.31005859375,2995.31005859375,2995.31005859375,2995.31005859375,2995.31005859375,460
2024-04-11 14:15:00-04:00,2992.22998046875,2992.22998046875,2992.22998046875,2992.22998046875,2992.22998046875,836
2024-04-11 14:21:00-04:00,2993.159912109375,2993.159912109375,2992.844970703125,2992.844970703125,2992.844970703125,1675
2024-04-11 14:26:00-04:00,2994.60009765625,2994.60009765625,2994.60009765625,2994.60009765625,2994.60009765625,2442
2024-04-11 14:34:00-04:00,2998.280029296875,2998.2900390625,2998.280029296875,2998.2900390625,2998.2900390625,885
2024-04-11 14:35:00-04:00,2998.2900390625,2998.800048828125,2998.2900390625,2998.800048828125,2998.800048828125,860
2024-04-11 14:36:00-04:00,2998.81005859375,2999.0,2998.81005859375,2999.0,2999.0,1704
2024-04-11 14:38:00-04:00,2998.77001953125,2998.77001953125,2998.77001953125,2998.77001953125,2998.77001953125,623
2024-04-11 14:40:00-04:00,3000.0,3000.8798828125,2999.6298828125,2999.6298828125,2999.6298828125,3912
2024-04-11 14:41:00-04:00,2998.0,2998.0,2997.919921875,2997.919921875,2997.919921875,3572
2024-04-11 14:50:00-04:00,2994.6298828125,2995.169921875,2994.6298828125,2995.169921875,2995.169921875,700
2024-04-11 14:52:00-04:00,2992.929931640625,2992.929931640625,2992.929931640625,2992.929931640625,2992.929931640625,469
2024-04-11 14:53:00-04:00,2993.8798828125,2993.8798828125,2993.8798828125,2993.8798828125,2993.8798828125,512
2024-04-11 14:55:00-04:00,2995.830078125,2995.85009765625,2995.830078125,2995.85009765625,2995.85009765625,1782
2024-04-11 15:00:00-04:00,2996.050048828125,2997.070068359375,2996.050048828125,2997.070068359375,2997.070068359375,1783
2024-04-11 15:04:00-04:00,2997.81005859375,2997.81005859375,2997.81005859375,2997.81005859375,2997.81005859375,1066
2024-04-11 15:05:00-04:00,2998.389892578125,2998.39990234375,2998.389892578125,2998.39990234375,2998.39990234375,1249
2024-04-11 15:07:00-04:00,2997.139892578125,2997.139892578125,2997.139892578125,2997.139892578125,2997.139892578125,748
2024-04-11 15:09:00-04:00,2996.47509765625,2996.47509765625,2996.47509765625,2996.47509765625,2996.47509765625,1760
2024-04-11 15:15:00-04:00,2994.580078125,2994.580078125,2994.580078125,2994.580078125,2994.580078125,366
2024-04-11 15:16:00-04:00,2995.0048828125,2995.0048828125,2995.0048828125,2995.0048828125,2995.0048828125,315
2024-04-11 15:18:00-04:00,2994.39990234375,2995.530029296875,2994.39990234375,2994.97998046875,2994.97998046875,2590
2024-04-11 15:21:00-04:00,2994.235107421875,2994.235107421875,2994.235107421875,2994.235107421875,2994.235107421875,736
2024-04-11 15:23:00-04:00,2995.747802734375,2995.747802734375,2995.747802734375,2995.747802734375,2995.747802734375,263
2024-04-11 15:24:00-04:00,2995.010009765625,2995.010009765625,2994.179931640625,2994.75146484375,2994.75146484375,1117
2024-04-11 15:25:00-04:00,2995.7900390625,2995.7900390625,2995.7900390625,2995.7900390625,2995.7900390625,828
2024-04-11 15:28:00-04:00,2994.179931640625,2994.179931640625,2994.179931640625,2994.179931640625,2994.179931640625,342
2024-04-11 15:29:00-04:00,2993.81005859375,2993.81005859375,2993.81005859375,2993.81005859375,2993.81005859375,494
2024-04-11 15:30:00-04:00,2993.68505859375,2993.68505859375,2993.68505859375,2993.68505859375,2993.68505859375,1039
2024-04-11 15:33:00-04:00,2993.800048828125,2993.800048828125,2993.800048828125,2993.800048828125,2993.800048828125,236
2024-04-11 15:34:00-04:00,2994.179931640625,2994.179931640625,2994.179931640625,2994.179931640625,2994.179931640625,2161
2024-04-11 15:37:00-04:00,2995.81005859375,2997.139892578125,2995.81005859375,2997.139892578125,2997.139892578125,2683
2024-04-11 15:40:00-04:00,2997.080078125,2997.080078125,2997.080078125,2997.080078125,2997.080078125,1559
2024-04-11 15:41:00-04:00,2996.929931640625,2996.929931640625,2996.929931640625,2996.929931640625,2996.929931640625,219
2024-04-11 15:42:00-04:00,2997.264892578125,2997.264892578125,2997.264892578125,2997.264892578125,2997.264892578125,4965
2024-04-11 15:44:00-04:00,2997.52001953125,2999.9990234375,2997.52001953125,2999.179931640625,2999.179931640625,2387
2024-04-11 15:45:00-04:00,2999.929931640625,3001.0400390625,2999.929931640625,3000.320068359375,3000.320068359375,3818
2024-04-11 15:48:00-04:00,2997.570068359375,2997.570068359375,2997.570068359375,2997.570068359375,2997.570068359375,1023
2024-04-11 15:50:00-04:00,2996.344970703125,2996.344970703125,2996.280029296875,2996.280029296875,2996.280029296875,1258
2024-04-11 15:51:00-04:00,2996.97998046875,2998.7900390625,2996.97998046875,2997.679931640625,2997.679931640625,2917
2024-04-11 15:52:00-04:00,2996.39990234375,2996.39990234375,2996.0390625,2996.0390625,2996.0390625,1221
2024-04-11 15:53:00-04:00,2995.260009765625,2995.260009765625,2995.260009765625,2995.260009765625,2995.260009765625,1422
2024-04-11 15:55:00-04:00,2990.570068359375,2990.570068359375,2990.570068359375,2990.570068359375,2990.570068359375,2525
2024-04-11 15:56:00-04:00,2990.52001953125,2990.52001953125,2990.52001953125,2990.52001953125,2990.52001953125,2756
2024-04-11 15:57:00-04:00,2991.10009765625,2991.260009765625,2991.10009765625,2991.260009765625,2991.260009765625,4127
2024-04-11 15:58:00-04:00,2990.090087890625,2990.159912109375,2990.070068359375,2990.159912109375,2990.159912109375,2727
2024-04-11 15:59:00-04:00,2989.139892578125,2990.9599609375,2987.489990234375,2987.85009765625,2987.85009765625,5069
2024-04-12 09:32:00-04:00,2991.72998046875,2993.054931640625,2990.0,2990.0,2990.0,5668
2024-04-12 09:33:00-04:00,2986.570068359375,2991.465087890625,2986.570068359375,2991.25,2991.25,1275
2024-04-12 09:34:00-04:00,2988.409912109375,2988.409912109375,2985.550048828125,2985.550048828125,2985.550048828125,841
2024-04-12 09:35:00-04:00,2989.679931640625,2989.89990234375,2987.77001953125,2989.89990234375,2989.89990234375,880
2024-04-12 09:37:00-04:00,2987.570068359375,2987.574951171875,2987.0,2987.0,2987.0,1152
2024-04-12 09:39:00-04:00,2988.89501953125,2988.89501953125,2988.89501953125,2988.89501953125,2988.89501953125,153
2024-04-12 09:40:00-04:00,2986.77001953125,2986.77001953125,2986.77001953125,2986.77001953125,2986.77001953125,387
2024-04-12 09:42:00-04:00,2986.9189453125,2986.9189453125,2985.219970703125,2985.219970703125,2985.219970703125,356
2024-04-12 09:43:00-04:00,2983.760009765625,2985.56005859375,2983.760009765625,2985.56005859375,2985.56005859375,861
2024-04-12 09:44:00-04:00,2988.9599609375,2988.9599609375,2985.56005859375,2985.56005859375,2985.56005859375,1070
2024-04-12 09:45:00-04:00,2985.530029296875,2985.530029296875,2979.260009765625,2979.260009765625,2979.260009765625,2314
2024-04-12 09:47:00-04:00,2981.409912109375,2981.409912109375,2976.8701171875,2976.8701171875,2976.8701171875,2558
2024-04-12 09:48:00-04:00,2972.669921875,2973.14990234375,2967.77001953125,2967.77001953125,2967.77001953125,3785
2024-04-12 09:50:00-04:00,2974.1201171875,2974.1201171875,2974.1201171875,2974.1201171875,2974.1201171875,233
2024-04-12 09:51:00-04:00,2972.0,2972.0,2972.0,2972.0,2972.0,1215
2024-04-12 09:54:00-04:00,2975.580078125,2975.580078125,2975.580078125,2975.580078125,2975.580078125,988
2024-04-12 09:59:00-04:00,2975.780029296875,2976.843994140625,2975.780029296875,2976.843994140625,2976.843994140625,1053
2024-04-12 10:01:00-04:00,2976.419921875,2978.090087890625,2974.10009765625,2974.114990234375,2974.114990234375,2044
2024-04-12 10:02:00-04:00,2971.2099609375,2973.830078125,2968.0,2968.0,2968.0,1632
2024-04-12 10:03:00-04:00,2968.070068359375,2971.0,2968.070068359375,2971.0,2971.0,2074
2024-04-12 10:04:00-04:00,2972.719970703125,2972.719970703125,2972.215087890625,2972.215087890625,2972.215087890625,841
2024-04-12 10:06:00-04:00,2975.0400390625,2975.0400390625,2974.030029296875,2974.030029296875,2974.030029296875,1081
2024-04-12 10:08:00-04:00,2973.27490234375,2973.590087890625,2972.0,2972.0,2972.0,1022
2024-04-12 10:09:00-04:00,2974.909912109375,2974.909912109375,2974.909912109375,2974.909912109375,2974.909912109375,342
2024-04-12 10:10:00-04:00,2974.85009765625,2979.989990234375,2974.824951171875,2978.77001953125,2978.77001953125,2446
2024-04-12 10:12:00-04:00,2975.830078125,2975.830078125,2975.830078125,2975.830078125,2975.830078125,559
2024-04-12 10:14:00-04:00,2977.22509765625,2977.22509765625,2977.22509765625,2977.22509765625,2977.22509765625,493
2024-04-12 10:16:00-04:00,2978.699951171875,2979.14990234375,2977.22998046875,2977.22998046875,2977.22998046875,415
2024-04-12 10:17:00-04:00,2981.510009765625,2981.510009765625,2981.510009765625,2981.510009765625,2981.510009765625,1196
2024-04-12 10:22:00-04:00,2983.68994140625,2983.68994140625,2983.68994140625,2983.68994140625,2983.68994140625,719
2024-04-12 10:25:00-04:00,2982.43994140625,2982.43994140625,2982.43994140625,2982.43994140625,2982.43994140625,1069
2024-04-12 10:26:00-04:00,2984.77001953125,2984.77001953125,2984.77001953125,2984.77001953125,2984.77001953125,6442
2024-04-12 10:27:00-04:00,2980.530029296875,2980.530029296875,2980.510009765625,2980.510009765625,2980.510009765625,2203
2024-04-12 10:33:00-04:00,2976.840087890625,2976.840087890625,2976.840087890625,2976.840087890625,2976.840087890625,1912
2024-04-12 10:36:00-04:00,2969.010009765625,2969.010009765625,2969.010009765625,2969.010009765625,2969.010009765625,925
2024-04-12 10:38:00-04:00,2974.19677734375,2974.822265625,2972.760009765625,2974.818115234375,2974.818115234375,3136
2024-04-12 10:47:00-04:00,2968.97998046875,2971.909912109375,2968.97998046875,2970.0400390625,2970.0400390625,4289
2024-04-12 10:49:00-04:00,2973.21435546875,2975.85693359375,2973.21435546875,2975.85693359375,2975.85693359375,1563
2024-04-12 10:51:00-04:00,2970.909912109375,2972.712890625,2970.909912109375,2972.712890625,2972.712890625,1395
2024-04-12 10:54:00-04:00,2966.830078125,2966.830078125,2966.830078125,2966.830078125,2966.830078125,813
2024-04-12 10:55:00-04:00,2971.610107421875,2975.860107421875,2971.610107421875,2975.860107421875,2975.860107421875,1056
2024-04-12 10:56:00-04:00,2975.01708984375,2975.01708984375,2975.01708984375,2975.01708984375,2975.01708984375,612
2024-04-12 11:00:00-04:00,2977.31005859375,2977.3798828125,2977.31005859375,2977.3798828125,2977.3798828125,699
2024-04-12 11:01:00-04:00,2978.39990234375,2978.5,2975.56494140625,2975.56494140625,2975.56494140625,1344
2024-04-12 11:04:00-04:00,2978.5,2978.5,2978.5,2978.5,2978.5,185
2024-04-12 11:05:00-04:00,2977.889892578125,2977.889892578125,2977.889892578125,2977.889892578125,2977.889892578125,908
2024-04-12 11:09:00-04:00,2980.8701171875,2980.8701171875,2979.489990234375,2979.489990234375,2979.489990234375,1359
2024-04-12 11:10:00-04:00,2977.320068359375,2977.320068359375,2977.320068359375,2977.320068359375,2977.320068359375,708
2024-04-12 11:13:00-04:00,2979.419921875,2979.419921875,2977.360107421875,2977.360107421875,2977.360107421875,722
2024-04-12 11:17:00-04:00,2980.8798828125,2981.409912109375,2980.8798828125,2981.409912109375,2981.409912109375,338
2024-04-12 11:18:00-04:00,2981.0,2981.0,2981.0,2981.0,2981.0,383
2024-04-12 11:19:00-04:00,2983.27001953125,2983.27001953125,2983.27001953125,2983.27001953125,2983.27001953125,1831
2024-04-12 11:26:00-04:00,2980.159912109375,2980.159912109375,2980.159912109375,2980.159912109375,2980.159912109375,1519
2024-04-12 11:30:00-04:00,2986.820068359375,2986.820068359375,2986.820068359375,2986.820068359375,2986.820068359375,518
2024-04-12 11:31:00-04:00,2985.1201171875,2985.1201171875,2985.1201171875,2985.1201171875,2985.1201171875,335
2024-04-12 11:32:00-04:00,2984.909912109375,2985.85009765625,2984.909912109375,2985.85009765625,2985.85009765625,455
2024-04-12 11:33:00-04:00,2985.909912109375,2985.909912109375,2985.800048828125,2985.800048828125,2985.800048828125,1348
2024-04-12 11:34:00-04:00,2984.7900390625,2985.5400390625,2984.14990234375,2984.14990234375,2984.14990234375,2342
2024-04-12 11:44:00-04:00,2984.4599609375,2984.4599609375,2984.4599609375,2984.4599609375,2984.4599609375,408
2024-04-12 11:48:00-04:00,2986.919921875,2986.919921875,2986.919921875,2986.919921875,2986.919921875,487
2024-04-12 11:52:00-04:00,2983.580078125,2983.739990234375,2983.580078125,2983.739990234375,2983.739990234375,576
2024-04-12 11:53:00-04:00,2981.489990234375,2981.489990234375,2981.489990234375,2981.489990234375,2981.489990234375,357
2024-04-12 11:54:00-04:00,2981.52001953125,2981.52001953125,2980.260009765625,2980.260009765625,2980.260009765625,1209
2024-04-12 11:58:00-04:00,2981.47998046875,2981.47998046875,2980.1298828125,2980.1298828125,2980.1298828125,1478
2024-04-12 11:59:00-04:00,2978.8798828125,2978.8798828125,2978.8798828125,2978.8798828125,2978.8798828125,1069
2024-04-12 12:06:00-04:00,2980.0,2980.0,2978.614990234375,2978.614990234375,2978.614990234375,865
2024-04-12 12:08:00-04:00,2976.840087890625,2977.090087890625,2974.824951171875,2976.7900390625,2976.7900390625,1526
2024-04-12 12:11:00-04:00,2972.4951171875,2972.4951171875,2972.4951171875,2972.4951171875,2972.4951171875,887
2024-04-12 12:18:00-04:00,2970.534912109375,2970.534912109375,2967.85009765625,2967.85009765625,2967.85009765625,862
2024-04-12 12:20:00-04:00,2966.594970703125,2967.75,2964.824951171875,2966.280029296875,2966.280029296875,2430
2024-04-12 12:21:00-04:00,2967.02001953125,2967.02001953125,2967.02001953125,2967.02001953125,2967.02001953125,1557
2024-04-12 12:31:00-04:00,2968.559326171875,2969.7548828125,2968.559326171875,2969.7548828125,2969.7548828125,863
2024-04-12 12:34:00-04:00,2968.969970703125,2970.14990234375,2968.969970703125,2970.14990234375,2970.14990234375,1776
2024-04-12 12:38:00-04:00,2965.06005859375,2965.06005859375,2965.06005859375,2965.06005859375,2965.06005859375,343
2024-04-12 12:39:00-04:00,2964.85009765625,2964.85009765625,2962.35009765625,2962.35009765625,2962.35009765625,2589
2024-04-12 12:45:00-04:00,2961.39990234375,2961.784912109375,2961.39990234375,2961.784912109375,2961.784912109375,443
2024-04-12 12:46:00-04:00,2961.800048828125,2961.830078125,2958.820068359375,2960.320068359375,2960.320068359375,1880
2024-04-12 12:48:00-04:00,2960.570068359375,2960.570068359375,2959.909912109375,2959.909912109375,2959.909912109375,913
2024-04-12 12:50:00-04:00,2960.77490234375,2963.1201171875,2960.77490234375,2962.2900390625,2962.2900390625,1281
2024-04-12 12:51:00-04:00,2963.9599609375,2963.9599609375,2962.905029296875,2962.905029296875,2962.905029296875,621
2024-04-12 12:52:00-04:00,2962.284912109375,2962.284912109375,2962.284912109375,2962.284912109375,2962.284912109375,387
2024-04-12 12:55:00-04:00,2961.8349609375,2961.8349609375,2961.8349609375,2961.8349609375,2961.8349609375,892
2024-04-12 12:58:00-04:00,2960.485107421875,2960.485107421875,2960.485107421875,2960.485107421875,2960.485107421875,851
2024-04-12 12:59:00-04:00,2959.409912109375,2959.409912109375,2959.409912109375,2959.409912109375,2959.409912109375,267
2024-04-12 13:00:00-04:00,2959.590087890625,2959.590087890625,2959.590087890625,2959.590087890625,2959.590087890625,641
2024-04-12 13:03:00-04:00,2961.0,2961.0,2957.510009765625,2957.510009765625,2957.510009765625,1197
2024-04-12 13:05:00-04:00,2960.0048828125,2961.169921875,2960.0048828125,2961.169921875,2961.169921875,467
2024-04-12 13:06:00-04:00,2960.090087890625,2960.110107421875,2960.090087890625,2960.110107421875,2960.110107421875,738
2024-04-12 13:09:00-04:00,2957.715087890625,2957.715087890625,2957.715087890625,2957.715087890625,2957.715087890625,579
2024-04-12 13:10:00-04:00,2958.1201171875,2958.1201171875,2958.1201171875,2958.1201171875,2958.1201171875,429
2024-04-12 13:15:00-04:00,2959.094970703125,2959.094970703125,2959.094970703125,2959.094970703125,2959.094970703125,301
2024-04-12 13:16:00-04:00,2959.080078125,2959.080078125,2955.0,2955.0,2955.0,2157
2024-04-12 13:20:00-04:00,2955.080078125,2955.080078125,2953.81005859375,2953.81005859375,2953.81005859375,984
2024-04-12 13:21:00-04:00,2955.090087890625,2955.090087890625,2955.090087890625,2955.090087890625,2955.090087890625,693
2024-04-12 13:22:00-04:00,2953.139892578125,2953.139892578125,2951.6201171875,2951.6201171875,2951.6201171875,500
2024-04-12 13:23:00-04:00,2952.070068359375,2952.070068359375,2952.070068359375,2952.070068359375,2952.070068359375,510
2024-04-12 13:25:00-04:00,2950.659912109375,2950.659912109375,2948.10009765625,2948.360107421875,2948.360107421875,2305
2024-04-12 13:28:00-04:00,2951.340087890625,2951.340087890625,2951.340087890625,2951.340087890625,2951.340087890625,418
2024-04-12 13:30:00-04:00,2952.0048828125,2953.22998046875,2952.0048828125,2953.22998046875,2953.22998046875,1555
2024-04-12 13:34:00-04:00,2951.199951171875,2951.199951171875,2951.199951171875,2951.199951171875,2951.199951171875,591
2024-04-12 13:35:00-04:00,2949.949951171875,2949.949951171875,2941.469970703125,2944.235107421875,2944.235107421875,4464
2024-04-12 13:36:00-04:00,2943.385009765625,2943.39501953125,2943.385009765625,2943.39501953125,2943.39501953125,519
2024-04-12 13:37:00-04:00,2945.18994140625,2947.8701171875,2945.18994140625,2947.8701171875,2947.8701171875,1053
2024-04-12 13:39:00-04:00,2946.4150390625,2946.580078125,2946.4150390625,2946.580078125,2946.580078125,526
2024-04-12 13:40:00-04:00,2948.050048828125,2948.27001953125,2946.655029296875,2946.804931640625,2946.804931640625,1581
2024-04-12 13:41:00-04:00,2946.610107421875,2946.7548828125,2946.610107421875,2946.7548828125,2946.7548828125,614
2024-04-12 13:42:00-04:00,2946.5,2947.77001953125,2945.534912109375,2947.340087890625,2947.340087890625,1440
2024-04-12 13:43:00-04:00,2946.6201171875,2947.465087890625,2946.405029296875,2946.405029296875,2946.405029296875,1565
2024-04-12 13:44:00-04:00,2947.669921875,2947.669921875,2946.0048828125,2946.010009765625,2946.010009765625,1156
2024-04-12 13:45:00-04:00,2946.4951171875,2948.68994140625,2946.4951171875,2948.68994140625,2948.68994140625,1706
2024-04-12 13:46:00-04:00,2951.919921875,2953.7099609375,2951.919921875,2953.7099609375,2953.7099609375,1235
2024-04-12 13:47:00-04:00,2955.070068359375,2956.512451171875,2955.070068359375,2955.885009765625,2955.885009765625,511
2024-04-12 13:49:00-04:00,2959.735107421875,2961.010009765625,2959.6298828125,2961.010009765625,2961.010009765625,936
2024-04-12 13:50:00-04:00,2958.010009765625,2958.010009765625,2958.010009765625,2958.010009765625,2958.010009765625,636
2024-04-12 13:51:00-04:00,2956.60498046875,2958.389892578125,2956.60498046875,2957.860107421875,2957.860107421875,1151
2024-04-12 13:52:00-04:00,2957.780029296875,2960.264892578125,2956.695068359375,2956.695068359375,2956.695068359375,978
2024-04-12 13:57:00-04:00,2960.235107421875,2960.235107421875,2960.235107421875,2960.235107421875,2960.235107421875,249
2024-04-12 13:58:00-04:00,2960.14990234375,2960.14990234375,2960.14990234375,2960.14990234375,2960.14990234375,354
2024-04-12 14:00:00-04:00,2958.72509765625,2958.72509765625,2958.72509765625,2958.72509765625,2958.72509765625,596
2024-04-12 14:03:00-04:00,2957.85009765625,2958.14990234375,2955.9599609375,2955.9599609375,2955.9599609375,621
2024-04-12 14:05:00-04:00,2958.85009765625,2961.639892578125,2958.409912109375,2961.639892578125,2961.639892578125,1053
2024-04-12 14:07:00-04:00,2964.114990234375,2964.114990234375,2964.114990234375,2964.114990234375,2964.114990234375,830
2024-04-12 14:10:00-04:00,2962.0,2962.705078125,2962.0,2962.705078125,2962.705078125,717
2024-04-12 14:15:00-04:00,2963.39990234375,2965.489990234375,2963.39990234375,2965.489990234375,2965.489990234375,463
2024-04-12 14:17:00-04:00,2967.89990234375,2967.89990234375,2967.89990234375,2967.89990234375,2967.89990234375,304
2024-04-12 14:18:00-04:00,2967.324951171875,2967.324951171875,2967.324951171875,2967.324951171875,2967.324951171875,411
2024-04-12 14:21:00-04:00,2968.034912109375,2968.034912109375,2968.034912109375,2968.034912109375,2968.034912109375,843
2024-04-12 14:22:00-04:00,2965.27001953125,2965.27001953125,2960.47998046875,2964.110107421875,2964.110107421875,1327
2024-04-12 14:26:00-04:00,2963.889892578125,2963.889892578125,2963.889892578125,2963.889892578125,2963.889892578125,633
2024-04-12 14:28:00-04:00,2965.22998046875,2965.22998046875,2965.22998046875,2965.22998046875,2965.22998046875,244
2024-04-12 14:29:00-04:00,2963.25,2963.25,2960.699951171875,2960.699951171875,2960.699951171875,687
2024-04-12 14:30:00-04:00,2960.31005859375,2960.31005859375,2960.219970703125,2960.300048828125,2960.300048828125,1101
2024-04-12 14:34:00-04:00,2958.159912109375,2958.159912109375,2958.159912109375,2958.159912109375,2958.159912109375,890
2024-04-12 14:38:00-04:00,2960.72998046875,2960.72998046875,2958.030029296875,2958.030029296875,2958.030029296875,813
2024-04-12 14:41:00-04:00,2957.52001953125,2960.2900390625,2957.52001953125,2960.2900390625,2960.2900390625,1590
2024-04-12 14:45:00-04:00,2963.760009765625,2963.760009765625,2963.760009765625,2963.760009765625,2963.760009765625,1700
2024-04-12 14:55:00-04:00,2962.22998046875,2962.22998046875,2961.610107421875,2961.610107421875,2961.610107421875,994
2024-04-12 14:57:00-04:00,2960.47998046875,2960.47998046875,2957.889892578125,2957.89990234375,2957.89990234375,1125
2024-04-12 15:00:00-04:00,2957.27001953125,2957.27001953125,2957.27001953125,2957.27001953125,2957.27001953125,599
2024-04-12 15:03:00-04:00,2959.639892578125,2960.449951171875,2959.639892578125,2960.449951171875,2960.449951171875,2262
2024-04-12 15:06:00-04:00,2964.10009765625,2964.10009765625,2964.10009765625,2964.10009765625,2964.10009765625,810
2024-04-12 15:09:00-04:00,2957.455078125,2957.455078125,2957.455078125,2957.455078125,2957.455078125,390
2024-04-12 15:10:00-04:00,2959.18505859375,2959.18505859375,2959.18505859375,2959.18505859375,2959.18505859375,10663
2024-04-12 15:17:00-04:00,2956.8798828125,2956.8798828125,2956.8798828125,2956.8798828125,2956.8798828125,917
2024-04-12 15:19:00-04:00,2959.52001953125,2959.52001953125,2959.52001953125,2959.52001953125,2959.52001953125,1511
2024-04-12 15:25:00-04:00,2962.75,2963.64990234375,2962.75,2963.64990234375,2963.64990234375,1017
2024-04-12 15:28:00-04:00,2961.5,2961.5,2961.5,2961.5,2961.5,1272
2024-04-12 15:31:00-04:00,2964.419921875,2964.419921875,2964.419921875,2964.419921875,2964.419921875,598
2024-04-12 15:32:00-04:00,2962.574951171875,2962.574951171875,2962.574951171875,2962.574951171875,2962.574951171875,1052
2024-04-12 15:35:00-04:00,2965.97509765625,2965.97509765625,2965.97509765625,2965.97509765625,2965.97509765625,1461
2024-04-12 15:38:00-04:00,2962.97998046875,2962.97998046875,2961.570068359375,2961.570068359375,2961.570068359375,1336
2024-04-12 15:41:00-04:00,2966.22998046875,2966.22998046875,2966.22998046875,2966.22998046875,2966.22998046875,1532
2024-04-12 15:45:00-04:00,2971.594970703125,2971.594970703125,2970.97998046875,2970.97998046875,2970.97998046875,645
2024-04-12 15:46:00-04:00,2971.929931640625,2971.929931640625,2971.929931640625,2971.929931640625,2971.929931640625,887
2024-04-12 15:47:00-04:00,2970.169921875,2970.169921875,2969.14990234375,2969.179931640625,2969.179931640625,1875
2024-04-12 15:49:00-04:00,2968.465087890625,2970.75,2968.465087890625,2970.75,2970.75,1920
2024-04-12 15:50:00-04:00,2969.56005859375,2971.260009765625,2969.52490234375,2969.705078125,2969.705078125,4035
2024-04-12 15:53:00-04:00,2969.699951171875,2969.699951171875,2966.530029296875,2966.5400390625,2966.5400390625,3899
2024-04-12 15:54:00-04:00,2968.35009765625,2968.840087890625,2968.35009765625,2968.840087890625,2968.840087890625,397
2024-04-12 15:55:00-04:00,2964.969970703125,2966.25,2964.969970703125,2966.25,2966.25,1673
2024-04-12 15:56:00-04:00,2964.02001953125,2965.080078125,2959.590087890625,2959.6201171875,2959.6201171875,4801
2024-04-12 15:57:00-04:00,2960.469970703125,2963.9599609375,2959.0,2959.0,2959.0,4900
2024-04-12 15:58:00-04:00,2958.610107421875,2960.260009765625,2954.330078125,2955.320068359375,2955.320068359375,8159
2024-04-12 15:59:00-04:00,2954.010009765625,2957.18994140625,2951.340087890625,2957.169921875,2957.169921875,12168
