Datetime,Open,High,Low,Close,Adj Close,Volume
2024-04-08 09:30:00-04:00,108.0999984741211,108.5,107.94999694824219,107.94999694824219,107.94999694824219,28564
2024-04-08 09:31:00-04:00,108.19219970703125,108.30000305175781,108.19219970703125,108.30000305175781,108.30000305175781,561
2024-04-08 09:32:00-04:00,107.98500061035156,108.23999786376953,107.92500305175781,107.92500305175781,107.92500305175781,3937
2024-04-08 09:33:00-04:00,107.79000091552734,107.79000091552734,107.52999877929688,107.58999633789062,107.58999633789062,8813
2024-04-08 09:34:00-04:00,107.5,107.53019714355469,107.19999694824219,107.26499938964844,107.26499938964844,60266
2024-04-08 09:35:00-04:00,107.41500091552734,107.94999694824219,107.41500091552734,107.94999694824219,107.94999694824219,9526
2024-04-08 09:36:00-04:00,107.94999694824219,108.2699966430664,107.91500091552734,107.91500091552734,107.91500091552734,12241
2024-04-08 09:37:00-04:00,107.99500274658203,107.99500274658203,107.98999786376953,107.98999786376953,107.98999786376953,515
2024-04-08 09:38:00-04:00,107.80000305175781,107.80999755859375,107.47000122070312,107.55500030517578,107.55500030517578,12548
2024-04-08 09:39:00-04:00,107.5199966430664,107.77529907226562,107.5199966430664,107.77529907226562,107.77529907226562,1712
2024-04-08 09:40:00-04:00,107.57060241699219,107.66500091552734,107.38999938964844,107.44000244140625,107.44000244140625,3907
2024-04-08 09:41:00-04:00,107.5,107.5916976928711,107.43499755859375,107.5916976928711,107.5916976928711,1893
2024-04-08 09:42:00-04:00,107.37000274658203,107.55500030517578,107.0199966430664,107.54499816894531,107.54499816894531,14899
2024-04-08 09:43:00-04:00,107.54499816894531,107.54499816894531,107.5,107.5,107.5,5916
2024-04-08 09:44:00-04:00,107.48999786376953,107.72000122070312,107.4574966430664,107.63500213623047,107.63500213623047,10542
2024-04-08 09:45:00-04:00,107.62000274658203,107.62000274658203,107.40499877929688,107.40499877929688,107.40499877929688,1404
2024-04-08 09:46:00-04:00,107.41500091552734,107.41500091552734,107.41500091552734,107.41500091552734,107.41500091552734,375
2024-04-08 09:47:00-04:00,107.4884033203125,107.4884033203125,107.30000305175781,107.30000305175781,107.30000305175781,1617
2024-04-08 09:48:00-04:00,107.27999877929688,107.37000274658203,107.20010375976562,107.20010375976562,107.20010375976562,2975
2024-04-08 09:49:00-04:00,107.19999694824219,107.26000213623047,107.06999969482422,107.26000213623047,107.26000213623047,4571
2024-04-08 09:50:00-04:00,107.17500305175781,107.18000030517578,107.06999969482422,107.16000366210938,107.16000366210938,1483
2024-04-08 09:51:00-04:00,107.16000366210938,107.20999908447266,107.12000274658203,107.20999908447266,107.20999908447266,3393
2024-04-08 09:52:00-04:00,107.19000244140625,107.19000244140625,107.13999938964844,107.1500015258789,107.1500015258789,1309
2024-04-08 09:53:00-04:00,107.18000030517578,107.18000030517578,107.15499877929688,107.16000366210938,107.16000366210938,1674
2024-04-08 09:54:00-04:00,107.1500015258789,107.25,107.1500015258789,107.16000366210938,107.16000366210938,1413
2024-04-08 09:55:00-04:00,107.2499008178711,107.2499008178711,107.15499877929688,107.22750091552734,107.22750091552734,1689
2024-04-08 09:56:00-04:00,107.26499938964844,107.26499938964844,107.1050033569336,107.1050033569336,107.1050033569336,3562
2024-04-08 09:57:00-04:00,107.1050033569336,107.18329620361328,107.1050033569336,107.18250274658203,107.18250274658203,2104
2024-04-08 09:58:00-04:00,107.18499755859375,107.31700134277344,107.18499755859375,107.31700134277344,107.31700134277344,308
2024-04-08 09:59:00-04:00,107.21499633789062,107.24500274658203,107.07499694824219,107.20999908447266,107.20999908447266,3906
2024-04-08 10:00:00-04:00,107.22000122070312,107.2300033569336,107.12000274658203,107.12999725341797,107.12999725341797,3000
2024-04-08 10:01:00-04:00,107.20999908447266,107.30000305175781,107.19999694824219,107.30000305175781,107.30000305175781,3620
2024-04-08 10:02:00-04:00,107.2699966430664,107.33999633789062,107.21499633789062,107.33999633789062,107.33999633789062,5041
2024-04-08 10:03:00-04:00,107.31999969482422,107.31999969482422,107.16999816894531,107.16999816894531,107.16999816894531,2368
2024-04-08 10:04:00-04:00,107.16999816894531,107.17500305175781,107.08000183105469,107.08000183105469,107.08000183105469,5385
2024-04-08 10:05:00-04:00,107.06500244140625,107.12000274658203,107.05500030517578,107.12000274658203,107.12000274658203,2516
2024-04-08 10:06:00-04:00,107.12000274658203,107.12999725341797,106.79499816894531,106.79499816894531,106.79499816894531,6200
2024-04-08 10:07:00-04:00,106.77999877929688,106.8187026977539,106.63500213623047,106.63500213623047,106.63500213623047,2960
2024-04-08 10:08:00-04:00,106.61499786376953,106.72000122070312,106.61499786376953,106.71749877929688,106.71749877929688,3448
2024-04-08 10:09:00-04:00,106.7249984741211,106.7249984741211,106.71499633789062,106.71499633789062,106.71499633789062,1048
2024-04-08 10:10:00-04:00,106.66999816894531,106.66999816894531,106.58000183105469,106.66000366210938,106.66000366210938,2377
2024-04-08 10:11:00-04:00,106.76139831542969,106.76139831542969,106.69000244140625,106.70999908447266,106.70999908447266,2624
2024-04-08 10:12:00-04:00,106.72000122070312,106.72000122070312,106.54000091552734,106.55000305175781,106.55000305175781,2078
2024-04-08 10:13:00-04:00,106.58429718017578,106.58429718017578,106.54499816894531,106.54499816894531,106.54499816894531,2196
2024-04-08 10:14:00-04:00,106.58989715576172,106.58989715576172,106.58989715576172,106.58989715576172,106.58989715576172,1171
2024-04-08 10:15:00-04:00,106.55000305175781,106.55000305175781,106.33999633789062,106.33999633789062,106.33999633789062,2419
2024-04-08 10:16:00-04:00,106.36000061035156,106.3906021118164,106.30999755859375,106.3499984741211,106.3499984741211,2570
2024-04-08 10:17:00-04:00,106.34500122070312,106.45999908447266,106.33999633789062,106.41999816894531,106.41999816894531,9726
2024-04-08 10:18:00-04:00,106.41000366210938,106.45999908447266,106.41000366210938,106.45999908447266,106.45999908447266,2064
2024-04-08 10:19:00-04:00,106.41000366210938,106.41000366210938,106.41000366210938,106.41000366210938,106.41000366210938,210
2024-04-08 10:20:00-04:00,106.38610076904297,106.47000122070312,106.38610076904297,106.47000122070312,106.47000122070312,2000
2024-04-08 10:22:00-04:00,106.45999908447266,106.66000366210938,106.45999908447266,106.66000366210938,106.66000366210938,2357
2024-04-08 10:23:00-04:00,106.69999694824219,106.7699966430664,106.66000366210938,106.66000366210938,106.66000366210938,8628
2024-04-08 10:25:00-04:00,106.69000244140625,106.69000244140625,106.6500015258789,106.6500015258789,106.6500015258789,2860
2024-04-08 10:27:00-04:00,106.55999755859375,106.55999755859375,106.55999755859375,106.55999755859375,106.55999755859375,343
2024-04-08 10:28:00-04:00,106.55999755859375,106.55999755859375,106.55000305175781,106.55000305175781,106.55000305175781,2631
2024-04-08 10:29:00-04:00,106.55000305175781,106.56999969482422,106.55000305175781,106.56999969482422,106.56999969482422,2667
2024-04-08 10:30:00-04:00,106.50499725341797,106.58999633789062,106.50499725341797,106.54000091552734,106.54000091552734,2102
2024-04-08 10:31:00-04:00,106.5199966430664,106.5199966430664,106.44889831542969,106.44889831542969,106.44889831542969,939
2024-04-08 10:32:00-04:00,106.54000091552734,106.56999969482422,106.49250030517578,106.49250030517578,106.49250030517578,1527
2024-04-08 10:33:00-04:00,106.63999938964844,106.7300033569336,106.63999938964844,106.7300033569336,106.7300033569336,3565
2024-04-08 10:34:00-04:00,106.68000030517578,106.68000030517578,106.66999816894531,106.68000030517578,106.68000030517578,1494
2024-04-08 10:35:00-04:00,106.70500183105469,106.70500183105469,106.70500183105469,106.70500183105469,106.70500183105469,229
2024-04-08 10:36:00-04:00,106.66999816894531,106.69000244140625,106.66999816894531,106.69000244140625,106.69000244140625,1616
2024-04-08 10:37:00-04:00,106.66999816894531,106.69499969482422,106.66999816894531,106.69499969482422,106.69499969482422,1058
2024-04-08 10:38:00-04:00,106.70999908447266,106.80899810791016,106.70999908447266,106.76000213623047,106.76000213623047,2534
2024-04-08 10:39:00-04:00,106.7300033569336,106.7300033569336,106.7300033569336,106.7300033569336,106.7300033569336,1236
2024-04-08 10:40:00-04:00,106.72000122070312,106.79000091552734,106.72000122070312,106.79000091552734,106.79000091552734,1553
2024-04-08 10:41:00-04:00,106.7750015258789,106.7750015258789,106.7300033569336,106.7300033569336,106.7300033569336,2051
2024-04-08 10:42:00-04:00,106.68000030517578,106.68000030517578,106.62010192871094,106.66500091552734,106.66500091552734,4029
2024-04-08 10:44:00-04:00,106.61499786376953,106.66000366210938,106.61499786376953,106.62999725341797,106.62999725341797,2842
2024-04-08 10:45:00-04:00,106.6500015258789,106.681396484375,106.6500015258789,106.681396484375,106.681396484375,784
2024-04-08 10:47:00-04:00,106.69999694824219,106.70999908447266,106.69999694824219,106.70999908447266,106.70999908447266,1898
2024-04-08 10:48:00-04:00,106.86000061035156,106.98999786376953,106.86000061035156,106.98999786376953,106.98999786376953,1873
2024-04-08 10:49:00-04:00,107.0,107.0,106.90499877929688,106.90499877929688,106.90499877929688,2834
2024-04-08 10:50:00-04:00,106.9397964477539,106.94999694824219,106.86000061035156,106.9000015258789,106.9000015258789,3086
2024-04-08 10:51:00-04:00,106.95999908447266,107.01000213623047,106.95999908447266,107.01000213623047,107.01000213623047,1477
2024-04-08 10:52:00-04:00,107.00240325927734,107.12000274658203,107.00240325927734,107.12000274658203,107.12000274658203,1328
2024-04-08 10:53:00-04:00,107.08999633789062,107.08999633789062,106.98500061035156,106.98500061035156,106.98500061035156,2823
2024-04-08 10:54:00-04:00,107.01000213623047,107.02999877929688,107.0,107.0199966430664,107.0199966430664,3290
2024-04-08 10:55:00-04:00,107.0,107.0,106.9749984741211,106.9749984741211,106.9749984741211,1651
2024-04-08 10:56:00-04:00,106.8949966430664,106.8949966430664,106.8949966430664,106.8949966430664,106.8949966430664,960
2024-04-08 10:57:00-04:00,106.91999816894531,106.91999816894531,106.83000183105469,106.83999633789062,106.83999633789062,1673
2024-04-08 10:58:00-04:00,106.8113021850586,106.8499984741211,106.77999877929688,106.81500244140625,106.81500244140625,3945
2024-04-08 10:59:00-04:00,106.81500244140625,106.86000061035156,106.81500244140625,106.86000061035156,106.86000061035156,1028
2024-04-08 11:00:00-04:00,106.87999725341797,106.97000122070312,106.87999725341797,106.97000122070312,106.97000122070312,1616
2024-04-08 11:01:00-04:00,106.83999633789062,106.83999633789062,106.81999969482422,106.81999969482422,106.81999969482422,2074
2024-04-08 11:02:00-04:00,106.86000061035156,106.86000061035156,106.86000061035156,106.86000061035156,106.86000061035156,2041
2024-04-08 11:04:00-04:00,106.79499816894531,106.79499816894531,106.7300033569336,106.7750015258789,106.7750015258789,1934
2024-04-08 11:05:00-04:00,106.7750015258789,106.7750015258789,106.69000244140625,106.69000244140625,106.69000244140625,878
2024-04-08 11:06:00-04:00,106.72119903564453,106.72119903564453,106.72119903564453,106.72119903564453,106.72119903564453,651
2024-04-08 11:07:00-04:00,106.69000244140625,106.69999694824219,106.69000244140625,106.69999694824219,106.69999694824219,1716
2024-04-08 11:08:00-04:00,106.66000366210938,106.72000122070312,106.66000366210938,106.71880340576172,106.71880340576172,1652
2024-04-08 11:09:00-04:00,106.73999786376953,106.77999877929688,106.73999786376953,106.77999877929688,106.77999877929688,1617
2024-04-08 11:10:00-04:00,106.81999969482422,106.81999969482422,106.80500030517578,106.80999755859375,106.80999755859375,2178
2024-04-08 11:11:00-04:00,106.83000183105469,106.84850311279297,106.83000183105469,106.84850311279297,106.84850311279297,1382
2024-04-08 11:12:00-04:00,106.80999755859375,106.80999755859375,106.73500061035156,106.74500274658203,106.74500274658203,1277
2024-04-08 11:14:00-04:00,106.76499938964844,106.76499938964844,106.76499938964844,106.76499938964844,106.76499938964844,2846
2024-04-08 11:15:00-04:00,106.83000183105469,106.8499984741211,106.7699966430664,106.7699966430664,106.7699966430664,2316
2024-04-08 11:16:00-04:00,106.76000213623047,106.76000213623047,106.76000213623047,106.76000213623047,106.76000213623047,2728
2024-04-08 11:18:00-04:00,106.93000030517578,106.93000030517578,106.93000030517578,106.93000030517578,106.93000030517578,1110
2024-04-08 11:19:00-04:00,106.9000015258789,106.9000015258789,106.9000015258789,106.9000015258789,106.9000015258789,940
2024-04-08 11:21:00-04:00,106.93000030517578,106.93000030517578,106.87999725341797,106.88999938964844,106.88999938964844,2772
2024-04-08 11:23:00-04:00,106.97000122070312,107.0,106.97000122070312,107.0,107.0,1587
2024-04-08 11:24:00-04:00,106.98999786376953,107.0,106.98999786376953,107.0,107.0,2065
2024-04-08 11:25:00-04:00,107.0199966430664,107.0199966430664,106.92749786376953,106.92749786376953,106.92749786376953,2316
2024-04-08 11:26:00-04:00,106.95999908447266,106.95999908447266,106.9000015258789,106.91000366210938,106.91000366210938,1128
2024-04-08 11:27:00-04:00,106.94000244140625,106.94000244140625,106.94000244140625,106.94000244140625,106.94000244140625,585
2024-04-08 11:28:00-04:00,106.9800033569336,106.9800033569336,106.9749984741211,106.9749984741211,106.9749984741211,414
2024-04-08 11:29:00-04:00,107.0,107.0199966430664,106.9800033569336,107.0199966430664,107.0199966430664,1949
2024-04-08 11:30:00-04:00,106.98999786376953,106.98999786376953,106.92500305175781,106.95999908447266,106.95999908447266,3413
2024-04-08 11:33:00-04:00,107.0698013305664,107.08000183105469,107.0,107.0,107.0,3524
2024-04-08 11:34:00-04:00,106.95999908447266,106.97000122070312,106.95999908447266,106.97000122070312,106.97000122070312,970
2024-04-08 11:35:00-04:00,106.95999908447266,106.95999908447266,106.95999908447266,106.95999908447266,106.95999908447266,1388
2024-04-08 11:36:00-04:00,106.9800033569336,106.9800033569336,106.91999816894531,106.91999816894531,106.91999816894531,2168
2024-04-08 11:37:00-04:00,106.81999969482422,106.81999969482422,106.81999969482422,106.81999969482422,106.81999969482422,783
2024-04-08 11:38:00-04:00,106.91000366210938,106.91000366210938,106.88999938964844,106.88999938964844,106.88999938964844,1003
2024-04-08 11:39:00-04:00,106.87000274658203,106.93499755859375,106.87000274658203,106.91000366210938,106.91000366210938,2619
2024-04-08 11:41:00-04:00,106.75,106.75,106.69000244140625,106.69000244140625,106.69000244140625,1175
2024-04-08 11:42:00-04:00,106.65799713134766,106.66999816894531,106.65799713134766,106.66999816894531,106.66999816894531,1478
2024-04-08 11:43:00-04:00,106.68499755859375,106.73999786376953,106.68499755859375,106.73999786376953,106.73999786376953,1248
2024-04-08 11:44:00-04:00,106.79499816894531,106.83000183105469,106.79499816894531,106.83000183105469,106.83000183105469,1631
2024-04-08 11:45:00-04:00,106.79000091552734,106.79000091552734,106.72000122070312,106.72000122070312,106.72000122070312,2008
2024-04-08 11:46:00-04:00,106.77140045166016,106.77140045166016,106.77140045166016,106.77140045166016,106.77140045166016,638
2024-04-08 11:47:00-04:00,106.79000091552734,106.79000091552734,106.77999877929688,106.77999877929688,106.77999877929688,916
2024-04-08 11:48:00-04:00,106.81999969482422,106.81999969482422,106.81999969482422,106.81999969482422,106.81999969482422,442
2024-04-08 11:49:00-04:00,106.83000183105469,106.83000183105469,106.80000305175781,106.80000305175781,106.80000305175781,2356
2024-04-08 11:50:00-04:00,106.68000030517578,106.68000030517578,106.68000030517578,106.68000030517578,106.68000030517578,155
2024-04-08 11:51:00-04:00,106.67500305175781,106.67500305175781,106.66000366210938,106.66000366210938,106.66000366210938,1634
2024-04-08 11:53:00-04:00,106.68000030517578,106.68000030517578,106.66999816894531,106.66999816894531,106.66999816894531,1528
2024-04-08 11:54:00-04:00,106.62000274658203,106.63999938964844,106.62000274658203,106.63999938964844,106.63999938964844,796
2024-04-08 11:55:00-04:00,106.63999938964844,106.63999938964844,106.5999984741211,106.5999984741211,106.5999984741211,1458
2024-04-08 11:56:00-04:00,106.62999725341797,106.6500015258789,106.62999725341797,106.6500015258789,106.6500015258789,865
2024-04-08 11:57:00-04:00,106.68000030517578,106.68000030517578,106.68000030517578,106.68000030517578,106.68000030517578,280
2024-04-08 11:58:00-04:00,106.70999908447266,106.70999908447266,106.63999938964844,106.66000366210938,106.66000366210938,2364
2024-04-08 11:59:00-04:00,106.68000030517578,106.7300033569336,106.68000030517578,106.7300033569336,106.7300033569336,1767
2024-04-08 12:00:00-04:00,106.7300033569336,106.7300033569336,106.66000366210938,106.66000366210938,106.66000366210938,720
2024-04-08 12:01:00-04:00,106.67500305175781,106.67500305175781,106.67500305175781,106.67500305175781,106.67500305175781,366
2024-04-08 12:02:00-04:00,106.66500091552734,106.69000244140625,106.6500015258789,106.69000244140625,106.69000244140625,1808
2024-04-08 12:03:00-04:00,106.70999908447266,106.73999786376953,106.70999908447266,106.73999786376953,106.73999786376953,605
2024-04-08 12:04:00-04:00,106.7699966430664,106.7699966430664,106.7249984741211,106.7249984741211,106.7249984741211,2592
2024-04-08 12:05:00-04:00,106.66000366210938,106.66000366210938,106.66000366210938,106.66000366210938,106.66000366210938,690
2024-04-08 12:06:00-04:00,106.6500015258789,106.6500015258789,106.6500015258789,106.6500015258789,106.6500015258789,1697
2024-04-08 12:08:00-04:00,106.66999816894531,106.70500183105469,106.66999816894531,106.68199920654297,106.68199920654297,1821
2024-04-08 12:09:00-04:00,106.63999938964844,106.6500015258789,106.63999938964844,106.6500015258789,106.6500015258789,998
2024-04-08 12:11:00-04:00,106.66999816894531,106.66999816894531,106.66999816894531,106.66999816894531,106.66999816894531,2078
2024-04-08 12:13:00-04:00,106.66000366210938,106.70210266113281,106.64009857177734,106.66000366210938,106.66000366210938,2824
2024-04-08 12:14:00-04:00,106.66000366210938,106.66000366210938,106.62999725341797,106.62999725341797,106.62999725341797,329
2024-04-08 12:15:00-04:00,106.68000030517578,106.68000030517578,106.66999816894531,106.66999816894531,106.66999816894531,2004
2024-04-08 12:16:00-04:00,106.68000030517578,106.68000030517578,106.66709899902344,106.66709899902344,106.66709899902344,417
2024-04-08 12:17:00-04:00,106.68000030517578,106.69999694824219,106.67009735107422,106.67009735107422,106.67009735107422,1169
2024-04-08 12:18:00-04:00,106.72000122070312,106.72000122070312,106.69000244140625,106.70999908447266,106.70999908447266,3259
2024-04-08 12:19:00-04:00,106.69560241699219,106.69560241699219,106.69560241699219,106.69560241699219,106.69560241699219,175
2024-04-08 12:20:00-04:00,106.66609954833984,106.68000030517578,106.65450286865234,106.65450286865234,106.65450286865234,5314
2024-04-08 12:22:00-04:00,106.67500305175781,106.67500305175781,106.6500015258789,106.66999816894531,106.66999816894531,3815
2024-04-08 12:23:00-04:00,106.5999984741211,106.5999984741211,106.5895004272461,106.5895004272461,106.5895004272461,1561
2024-04-08 12:24:00-04:00,106.54010009765625,106.62779998779297,106.54010009765625,106.62779998779297,106.62779998779297,1578
2024-04-08 12:25:00-04:00,106.6500015258789,106.69999694824219,106.64920043945312,106.69999694824219,106.69999694824219,1782
2024-04-08 12:26:00-04:00,106.70500183105469,106.70500183105469,106.61689758300781,106.61689758300781,106.61689758300781,2547
2024-04-08 12:27:00-04:00,106.6500015258789,106.68000030517578,106.6500015258789,106.68000030517578,106.68000030517578,1149
2024-04-08 12:28:00-04:00,106.69499969482422,106.69499969482422,106.69499969482422,106.69499969482422,106.69499969482422,772
2024-04-08 12:29:00-04:00,106.7300033569336,106.80000305175781,106.7300033569336,106.76000213623047,106.76000213623047,2180
2024-04-08 12:30:00-04:00,106.80999755859375,106.80999755859375,106.80999755859375,106.80999755859375,106.80999755859375,1287
2024-04-08 12:31:00-04:00,106.7959976196289,106.80999755859375,106.7959976196289,106.80999755859375,106.80999755859375,403
2024-04-08 12:32:00-04:00,106.80000305175781,106.80000305175781,106.78009796142578,106.78009796142578,106.78009796142578,2297
2024-04-08 12:33:00-04:00,106.81999969482422,106.83000183105469,106.81999969482422,106.83000183105469,106.83000183105469,483
2024-04-08 12:34:00-04:00,106.79740142822266,106.79740142822266,106.76000213623047,106.76499938964844,106.76499938964844,1362
2024-04-08 12:35:00-04:00,106.77010345458984,106.77010345458984,106.77010345458984,106.77010345458984,106.77010345458984,457
2024-04-08 12:36:00-04:00,106.7874984741211,106.7874984741211,106.78009796142578,106.78009796142578,106.78009796142578,1198
2024-04-08 12:37:00-04:00,106.76010131835938,106.80999755859375,106.73999786376953,106.73999786376953,106.73999786376953,2546
2024-04-08 12:38:00-04:00,106.73989868164062,106.73989868164062,106.68499755859375,106.68499755859375,106.68499755859375,1303
2024-04-08 12:39:00-04:00,106.67009735107422,106.67009735107422,106.67009735107422,106.67009735107422,106.67009735107422,863
2024-04-08 12:40:00-04:00,106.7157974243164,106.7157974243164,106.69650268554688,106.69650268554688,106.69650268554688,1840
2024-04-08 12:41:00-04:00,106.7249984741211,106.7249984741211,106.7249984741211,106.7249984741211,106.7249984741211,422
2024-04-08 12:43:00-04:00,106.75,106.75,106.75,106.75,106.75,1501
2024-04-08 12:44:00-04:00,106.87950134277344,106.87950134277344,106.87950134277344,106.87950134277344,106.87950134277344,360
2024-04-08 12:45:00-04:00,106.86000061035156,106.86000061035156,106.80000305175781,106.80000305175781,106.80000305175781,2042
2024-04-08 12:46:00-04:00,106.81999969482422,106.81999969482422,106.77999877929688,106.80000305175781,106.80000305175781,3026
2024-04-08 12:48:00-04:00,106.7750015258789,106.79000091552734,106.7750015258789,106.79000091552734,106.79000091552734,1714
2024-04-08 12:49:00-04:00,106.76000213623047,106.76000213623047,106.76000213623047,106.76000213623047,106.76000213623047,832
2024-04-08 12:50:00-04:00,106.83000183105469,106.83999633789062,106.82499694824219,106.82499694824219,106.82499694824219,1282
2024-04-08 12:51:00-04:00,106.81999969482422,106.81999969482422,106.76000213623047,106.76000213623047,106.76000213623047,1853
2024-04-08 12:52:00-04:00,106.75,106.75,106.75,106.75,106.75,934
2024-04-08 12:54:00-04:00,106.7249984741211,106.7249984741211,106.7249984741211,106.7249984741211,106.7249984741211,2116
2024-04-08 12:56:00-04:00,106.77999877929688,106.78500366210938,106.73999786376953,106.73999786376953,106.73999786376953,1647
2024-04-08 12:57:00-04:00,106.75,106.76000213623047,106.75,106.75,106.75,1057
2024-04-08 12:58:00-04:00,106.79000091552734,106.79000091552734,106.7699966430664,106.7699966430664,106.7699966430664,2127
2024-04-08 12:59:00-04:00,106.73999786376953,106.73999786376953,106.73999786376953,106.73999786376953,106.73999786376953,1556
2024-04-08 13:00:00-04:00,106.7300033569336,106.7300033569336,106.7300033569336,106.7300033569336,106.7300033569336,896
2024-04-08 13:01:00-04:00,106.76000213623047,106.79000091552734,106.72000122070312,106.72000122070312,106.72000122070312,10152
2024-04-08 13:02:00-04:00,106.70999908447266,106.70999908447266,106.70999908447266,106.70999908447266,106.70999908447266,485
2024-04-08 13:03:00-04:00,106.70999908447266,106.70999908447266,106.62999725341797,106.62999725341797,106.62999725341797,2231
2024-04-08 13:05:00-04:00,106.66000366210938,106.66000366210938,106.66000366210938,106.66000366210938,106.66000366210938,564
2024-04-08 13:06:00-04:00,106.63999938964844,106.66000366210938,106.6050033569336,106.6050033569336,106.6050033569336,2206
2024-04-08 13:07:00-04:00,106.55999755859375,106.55999755859375,106.55999755859375,106.55999755859375,106.55999755859375,1119
2024-04-08 13:08:00-04:00,106.58999633789062,106.58999633789062,106.56999969482422,106.56999969482422,106.56999969482422,837
2024-04-08 13:09:00-04:00,106.55000305175781,106.55000305175781,106.5,106.51000213623047,106.51000213623047,2435
2024-04-08 13:10:00-04:00,106.5199966430664,106.54000091552734,106.5199966430664,106.5199966430664,106.5199966430664,1040
2024-04-08 13:11:00-04:00,106.5199966430664,106.5199966430664,106.47740173339844,106.47810363769531,106.47810363769531,2366
2024-04-08 13:12:00-04:00,106.4800033569336,106.4800033569336,106.43000030517578,106.43000030517578,106.43000030517578,2267
2024-04-08 13:14:00-04:00,106.44000244140625,106.44000244140625,106.4000015258789,106.4000015258789,106.4000015258789,597
2024-04-08 13:16:00-04:00,106.4260025024414,106.44000244140625,106.38999938964844,106.38999938964844,106.38999938964844,3217
2024-04-08 13:17:00-04:00,106.29499816894531,106.29499816894531,106.29499816894531,106.29499816894531,106.29499816894531,2855
2024-04-08 13:18:00-04:00,106.26000213623047,106.33000183105469,106.26000213623047,106.33000183105469,106.33000183105469,1752
2024-04-08 13:19:00-04:00,106.33999633789062,106.33999633789062,106.33999633789062,106.33999633789062,106.33999633789062,972
2024-04-08 13:20:00-04:00,106.36000061035156,106.36000061035156,106.36000061035156,106.36000061035156,106.36000061035156,1266
2024-04-08 13:22:00-04:00,106.44999694824219,106.44999694824219,106.44999694824219,106.44999694824219,106.44999694824219,522
2024-04-08 13:23:00-04:00,106.51000213623047,106.59500122070312,106.51000213623047,106.59500122070312,106.59500122070312,723
2024-04-08 13:24:00-04:00,106.57849884033203,106.57849884033203,106.55000305175781,106.55500030517578,106.55500030517578,2618
2024-04-08 13:25:00-04:00,106.55999755859375,106.57520294189453,106.54000091552734,106.54000091552734,106.54000091552734,1760
2024-04-08 13:26:00-04:00,106.52909851074219,106.52909851074219,106.52909851074219,106.52909851074219,106.52909851074219,589
2024-04-08 13:27:00-04:00,106.55999755859375,106.55999755859375,106.5,106.5,106.5,1922
2024-04-08 13:29:00-04:00,106.54000091552734,106.5999984741211,106.54000091552734,106.5999984741211,106.5999984741211,1498
2024-04-08 13:30:00-04:00,106.5999984741211,106.6050033569336,106.55999755859375,106.5801010131836,106.5801010131836,1801
2024-04-08 13:31:00-04:00,106.5999984741211,106.5999984741211,106.5999984741211,106.5999984741211,106.5999984741211,516
2024-04-08 13:33:00-04:00,106.6500015258789,106.6500015258789,106.6500015258789,106.6500015258789,106.6500015258789,117
2024-04-08 13:34:00-04:00,106.62999725341797,106.6500015258789,106.5999984741211,106.62000274658203,106.62000274658203,2572
2024-04-08 13:35:00-04:00,106.61000061035156,106.61000061035156,106.58999633789062,106.58999633789062,106.58999633789062,1070
2024-04-08 13:36:00-04:00,106.61000061035156,106.61000061035156,106.58000183105469,106.58000183105469,106.58000183105469,1071
2024-04-08 13:37:00-04:00,106.58000183105469,106.61499786376953,106.55999755859375,106.61499786376953,106.61499786376953,1041
2024-04-08 13:38:00-04:00,106.58999633789062,106.58999633789062,106.55999755859375,106.55999755859375,106.55999755859375,807
2024-04-08 13:39:00-04:00,106.55999755859375,106.5602035522461,106.55999755859375,106.5602035522461,106.5602035522461,381
2024-04-08 13:40:00-04:00,106.5999984741211,106.5999984741211,106.48999786376953,106.48999786376953,106.48999786376953,2632
2024-04-08 13:42:00-04:00,106.4800033569336,106.4800033569336,106.45999908447266,106.46990203857422,106.46990203857422,1488
2024-04-08 13:43:00-04:00,106.45999908447266,106.45999908447266,106.44000244140625,106.44000244140625,106.44000244140625,670
2024-04-08 13:44:00-04:00,106.44000244140625,106.44429779052734,106.44000244140625,106.44429779052734,106.44429779052734,1051
2024-04-08 13:45:00-04:00,106.43000030517578,106.43000030517578,106.40399932861328,106.40399932861328,106.40399932861328,1309
2024-04-08 13:47:00-04:00,106.37999725341797,106.37999725341797,106.3499984741211,106.3499984741211,106.3499984741211,1756
2024-04-08 13:49:00-04:00,106.41999816894531,106.41999816894531,106.41950225830078,106.41950225830078,106.41950225830078,669
2024-04-08 13:50:00-04:00,106.38999938964844,106.38999938964844,106.38999938964844,106.38999938964844,106.38999938964844,1271
2024-04-08 13:52:00-04:00,106.36000061035156,106.37999725341797,106.3499984741211,106.37999725341797,106.37999725341797,3031
2024-04-08 13:53:00-04:00,106.36000061035156,106.36000061035156,106.3499984741211,106.3499984741211,106.3499984741211,675
2024-04-08 13:54:00-04:00,106.37529754638672,106.37529754638672,106.3499984741211,106.3499984741211,106.3499984741211,846
2024-04-08 13:55:00-04:00,106.4000015258789,106.4000015258789,106.3949966430664,106.3949966430664,106.3949966430664,1358
2024-04-08 13:56:00-04:00,106.43000030517578,106.44999694824219,106.41000366210938,106.41000366210938,106.41000366210938,7492
2024-04-08 13:57:00-04:00,106.42569732666016,106.44000244140625,106.42500305175781,106.44000244140625,106.44000244140625,2200
2024-04-08 13:58:00-04:00,106.45999908447266,106.45999908447266,106.45999908447266,106.45999908447266,106.45999908447266,836
2024-04-08 13:59:00-04:00,106.3949966430664,106.3949966430664,106.3949966430664,106.3949966430664,106.3949966430664,237
2024-04-08 14:00:00-04:00,106.38500213623047,106.38500213623047,106.37999725341797,106.37999725341797,106.37999725341797,2289
2024-04-08 14:01:00-04:00,106.33999633789062,106.33999633789062,106.33999633789062,106.33999633789062,106.33999633789062,248
2024-04-08 14:02:00-04:00,106.33999633789062,106.33999633789062,106.33999633789062,106.33999633789062,106.33999633789062,1139
2024-04-08 14:04:00-04:00,106.2300033569336,106.2300033569336,106.19999694824219,106.19999694824219,106.19999694824219,853
2024-04-08 14:05:00-04:00,106.19000244140625,106.19000244140625,106.15969848632812,106.15969848632812,106.15969848632812,170
2024-04-08 14:06:00-04:00,106.16000366210938,106.16000366210938,106.12999725341797,106.13500213623047,106.13500213623047,1886
2024-04-08 14:07:00-04:00,106.12000274658203,106.12000274658203,106.12000274658203,106.12000274658203,106.12000274658203,225
2024-04-08 14:08:00-04:00,106.08999633789062,106.19000244140625,106.08999633789062,106.19000244140625,106.19000244140625,5876
2024-04-08 14:09:00-04:00,106.16000366210938,106.16000366210938,106.16000366210938,106.16000366210938,106.16000366210938,302
2024-04-08 14:10:00-04:00,106.13999938964844,106.13999938964844,106.08000183105469,106.08000183105469,106.08000183105469,723
2024-04-08 14:11:00-04:00,106.09989929199219,106.09989929199219,106.08760070800781,106.08760070800781,106.08760070800781,432
2024-04-08 14:13:00-04:00,106.04000091552734,106.0999984741211,106.02999877929688,106.08999633789062,106.08999633789062,2303
2024-04-08 14:14:00-04:00,106.1395034790039,106.1395034790039,106.1050033569336,106.1050033569336,106.1050033569336,811
2024-04-08 14:15:00-04:00,106.0999984741211,106.0999984741211,106.0999984741211,106.0999984741211,106.0999984741211,1286
2024-04-08 14:16:00-04:00,106.05999755859375,106.05999755859375,106.05999755859375,106.05999755859375,106.05999755859375,330
2024-04-08 14:17:00-04:00,106.04000091552734,106.04000091552734,106.04000091552734,106.04000091552734,106.04000091552734,459
2024-04-08 14:18:00-04:00,106.05000305175781,106.05000305175781,106.01000213623047,106.01000213623047,106.01000213623047,2808
2024-04-08 14:19:00-04:00,105.98999786376953,106.01180267333984,105.9800033569336,106.01180267333984,106.01180267333984,1969
2024-04-08 14:20:00-04:00,106.0199966430664,106.05999755859375,106.0199966430664,106.05989837646484,106.05989837646484,1939
2024-04-08 14:21:00-04:00,106.05999755859375,106.05999755859375,106.05999755859375,106.05999755859375,106.05999755859375,1106
2024-04-08 14:22:00-04:00,106.05999755859375,106.07980346679688,106.04000091552734,106.07980346679688,106.07980346679688,2673
2024-04-08 14:24:00-04:00,106.06999969482422,106.06999969482422,106.05999755859375,106.05999755859375,106.05999755859375,1611
2024-04-08 14:25:00-04:00,106.08999633789062,106.0999984741211,106.08999633789062,106.0999984741211,106.0999984741211,1769
2024-04-08 14:26:00-04:00,106.13999938964844,106.16999816894531,106.13999938964844,106.16999816894531,106.16999816894531,1812
2024-04-08 14:27:00-04:00,106.0999984741211,106.0999984741211,106.0999984741211,106.0999984741211,106.0999984741211,1183
2024-04-08 14:29:00-04:00,106.0250015258789,106.0250015258789,106.0250015258789,106.0250015258789,106.0250015258789,920
2024-04-08 14:30:00-04:00,105.98999786376953,106.0,105.98999786376953,106.0,106.0,793
2024-04-08 14:32:00-04:00,105.99140167236328,105.99140167236328,105.9800033569336,105.9800033569336,105.9800033569336,1021
2024-04-08 14:33:00-04:00,106.0,106.0199966430664,106.0,106.0199966430664,106.0199966430664,1181
2024-04-08 14:34:00-04:00,106.02120208740234,106.02120208740234,106.02120208740234,106.02120208740234,106.02120208740234,2113
2024-04-08 14:35:00-04:00,106.01000213623047,106.05999755859375,106.01000213623047,106.05999755859375,106.05999755859375,2026
2024-04-08 14:36:00-04:00,106.05000305175781,106.05000305175781,106.05000305175781,106.05000305175781,106.05000305175781,382
2024-04-08 14:37:00-04:00,106.05999755859375,106.05999755859375,106.03009796142578,106.03009796142578,106.03009796142578,1152
2024-04-08 14:38:00-04:00,106.01000213623047,106.01390075683594,106.01000213623047,106.01390075683594,106.01390075683594,303
2024-04-08 14:39:00-04:00,106.0199966430664,106.12000274658203,106.01000213623047,106.08000183105469,106.08000183105469,3615
2024-04-08 14:40:00-04:00,106.05999755859375,106.06500244140625,106.05999755859375,106.06500244140625,106.06500244140625,1229
2024-04-08 14:41:00-04:00,106.06999969482422,106.06999969482422,106.06990051269531,106.06990051269531,106.06990051269531,3320
2024-04-08 14:44:00-04:00,106.12000274658203,106.12000274658203,106.12000274658203,106.12000274658203,106.12000274658203,126
2024-04-08 14:45:00-04:00,106.11000061035156,106.11000061035156,106.11000061035156,106.11000061035156,106.11000061035156,528
2024-04-08 14:46:00-04:00,106.01000213623047,106.0199966430664,106.01000213623047,106.01000213623047,106.01000213623047,1605
2024-04-08 14:47:00-04:00,106.04000091552734,106.04000091552734,106.04000091552734,106.04000091552734,106.04000091552734,481
2024-04-08 14:49:00-04:00,106.05000305175781,106.06999969482422,106.05000305175781,106.06999969482422,106.06999969482422,807
2024-04-08 14:50:00-04:00,106.05999755859375,106.05999755859375,105.99500274658203,105.99500274658203,105.99500274658203,910
2024-04-08 14:51:00-04:00,106.02760314941406,106.02989959716797,106.00759887695312,106.00759887695312,106.00759887695312,1075
2024-04-08 14:52:00-04:00,106.02999877929688,106.04000091552734,106.01000213623047,106.02999877929688,106.02999877929688,1645
2024-04-08 14:53:00-04:00,106.06999969482422,106.06999969482422,106.06999969482422,106.06999969482422,106.06999969482422,319
2024-04-08 14:54:00-04:00,106.05500030517578,106.05500030517578,106.0199966430664,106.05000305175781,106.05000305175781,1008
2024-04-08 14:55:00-04:00,106.02999877929688,106.04000091552734,106.02999877929688,106.04000091552734,106.04000091552734,2513
2024-04-08 14:56:00-04:00,106.0199966430664,106.04000091552734,106.0199966430664,106.04000091552734,106.04000091552734,724
2024-04-08 14:57:00-04:00,106.01000213623047,106.05000305175781,106.01000213623047,106.05000305175781,106.05000305175781,1928
2024-04-08 14:58:00-04:00,106.06770324707031,106.08499908447266,106.06770324707031,106.08000183105469,106.08000183105469,2843
2024-04-08 14:59:00-04:00,106.09500122070312,106.13970184326172,106.08999633789062,106.13970184326172,106.13970184326172,2384
2024-04-08 15:00:00-04:00,106.12000274658203,106.16999816894531,106.12000274658203,106.16999816894531,106.16999816894531,919
2024-04-08 15:02:00-04:00,106.16000366210938,106.19999694824219,106.16000366210938,106.19499969482422,106.19499969482422,1652
2024-04-08 15:03:00-04:00,106.16999816894531,106.16999816894531,106.12999725341797,106.12999725341797,106.12999725341797,1825
2024-04-08 15:04:00-04:00,106.12999725341797,106.12999725341797,106.12999725341797,106.12999725341797,106.12999725341797,369
2024-04-08 15:05:00-04:00,106.125,106.125,106.11000061035156,106.11000061035156,106.11000061035156,1106
2024-04-08 15:06:00-04:00,106.12000274658203,106.12000274658203,106.12000274658203,106.12000274658203,106.12000274658203,501
2024-04-08 15:07:00-04:00,106.11000061035156,106.11000061035156,106.06500244140625,106.06500244140625,106.06500244140625,1073
2024-04-08 15:08:00-04:00,106.01000213623047,106.02999877929688,106.0,106.02999877929688,106.02999877929688,4449
2024-04-08 15:09:00-04:00,106.04239654541016,106.05999755859375,106.02999877929688,106.02999877929688,106.02999877929688,731
2024-04-08 15:10:00-04:00,106.02999877929688,106.02999877929688,105.94999694824219,105.97000122070312,105.97000122070312,2609
2024-04-08 15:11:00-04:00,105.9749984741211,105.9749984741211,105.96499633789062,105.97000122070312,105.97000122070312,1000
2024-04-08 15:12:00-04:00,105.9800033569336,105.9800033569336,105.91500091552734,105.93000030517578,105.93000030517578,1768
2024-04-08 15:13:00-04:00,105.95999908447266,105.97000122070312,105.91010284423828,105.91010284423828,105.91010284423828,4681
2024-04-08 15:14:00-04:00,105.9800033569336,105.98999786376953,105.9800033569336,105.9800033569336,105.9800033569336,2004
2024-04-08 15:15:00-04:00,105.94999694824219,105.99500274658203,105.94999694824219,105.97010040283203,105.97010040283203,1907
2024-04-08 15:16:00-04:00,106.01000213623047,106.05000305175781,106.01000213623047,106.05000305175781,106.05000305175781,4100
2024-04-08 15:17:00-04:00,106.05000305175781,106.05249786376953,105.98999786376953,106.0,106.0,2831
2024-04-08 15:18:00-04:00,106.0199966430664,106.04000091552734,106.01499938964844,106.02999877929688,106.02999877929688,2470
2024-04-08 15:19:00-04:00,106.05000305175781,106.05000305175781,106.02999877929688,106.03500366210938,106.03500366210938,990
2024-04-08 15:20:00-04:00,106.05000305175781,106.08000183105469,106.05000305175781,106.06999969482422,106.06999969482422,2182
2024-04-08 15:21:00-04:00,106.08000183105469,106.08000183105469,106.06430053710938,106.06430053710938,106.06430053710938,714
2024-04-08 15:22:00-04:00,106.08999633789062,106.11000061035156,106.05000305175781,106.05000305175781,106.05000305175781,1852
2024-04-08 15:23:00-04:00,106.05500030517578,106.05500030517578,106.02999877929688,106.02999877929688,106.02999877929688,911
2024-04-08 15:24:00-04:00,106.04100036621094,106.08000183105469,106.04000091552734,106.06999969482422,106.06999969482422,1360
2024-04-08 15:25:00-04:00,106.08999633789062,106.20999908447266,106.08999633789062,106.19249725341797,106.19249725341797,3844
2024-04-08 15:26:00-04:00,106.1854019165039,106.20999908447266,106.1500015258789,106.16500091552734,106.16500091552734,4308
2024-04-08 15:27:00-04:00,106.18000030517578,106.19999694824219,106.18000030517578,106.19999694824219,106.19999694824219,2170
2024-04-08 15:28:00-04:00,106.19000244140625,106.19999694824219,106.1729965209961,106.1729965209961,106.1729965209961,3443
2024-04-08 15:29:00-04:00,106.18499755859375,106.18499755859375,106.18499755859375,106.18499755859375,106.18499755859375,367
2024-04-08 15:30:00-04:00,106.16000366210938,106.18000030517578,106.16000366210938,106.18000030517578,106.18000030517578,652
2024-04-08 15:31:00-04:00,106.17500305175781,106.17500305175781,106.1500015258789,106.16999816894531,106.16999816894531,4364
2024-04-08 15:32:00-04:00,106.16999816894531,106.19000244140625,106.16999816894531,106.16999816894531,106.16999816894531,1360
2024-04-08 15:33:00-04:00,106.19000244140625,106.2509994506836,106.18000030517578,106.25,106.25,4044
2024-04-08 15:34:00-04:00,106.2699966430664,106.29450225830078,106.22000122070312,106.26000213623047,106.26000213623047,3415
2024-04-08 15:35:00-04:00,106.25499725341797,106.2699966430664,106.19999694824219,106.20999908447266,106.20999908447266,6728
2024-04-08 15:36:00-04:00,106.25,106.28500366210938,106.23999786376953,106.27999877929688,106.27999877929688,2637
2024-04-08 15:37:00-04:00,106.2699966430664,106.2947998046875,106.25499725341797,106.2699966430664,106.2699966430664,2166
2024-04-08 15:38:00-04:00,106.2750015258789,106.33999633789062,106.2750015258789,106.33000183105469,106.33000183105469,3573
2024-04-08 15:39:00-04:00,106.33000183105469,106.4000015258789,106.33000183105469,106.38999938964844,106.38999938964844,2893
2024-04-08 15:40:00-04:00,106.38500213623047,106.38500213623047,106.27999877929688,106.28099822998047,106.28099822998047,4996
2024-04-08 15:41:00-04:00,106.30999755859375,106.31500244140625,106.29000091552734,106.29000091552734,106.29000091552734,5699
2024-04-08 15:42:00-04:00,106.25,106.29000091552734,106.25,106.29000091552734,106.29000091552734,2163
2024-04-08 15:43:00-04:00,106.28500366210938,106.30000305175781,106.09400177001953,106.09400177001953,106.09400177001953,9850
2024-04-08 15:44:00-04:00,106.1449966430664,106.1500015258789,106.08999633789062,106.11000061035156,106.11000061035156,1819
2024-04-08 15:45:00-04:00,106.13999938964844,106.13999938964844,106.11000061035156,106.11000061035156,106.11000061035156,1749
2024-04-08 15:46:00-04:00,106.12000274658203,106.12999725341797,106.04499816894531,106.04499816894531,106.04499816894531,6480
2024-04-08 15:47:00-04:00,106.05999755859375,106.05999755859375,106.05999755859375,106.05999755859375,106.05999755859375,455
2024-04-08 15:48:00-04:00,106.06999969482422,106.11499786376953,106.04000091552734,106.04000091552734,106.04000091552734,5619
2024-04-08 15:49:00-04:00,106.01499938964844,106.01499938964844,105.98999786376953,105.99749755859375,105.99749755859375,1495
2024-04-08 15:50:00-04:00,106.0199966430664,106.0999984741211,106.01000213623047,106.0999984741211,106.0999984741211,6610
2024-04-08 15:51:00-04:00,106.1500015258789,106.17250061035156,106.0999984741211,106.11000061035156,106.11000061035156,9473
2024-04-08 15:52:00-04:00,106.11000061035156,106.23500061035156,106.07499694824219,106.23500061035156,106.23500061035156,6763
2024-04-08 15:53:00-04:00,106.23500061035156,106.26000213623047,106.13500213623047,106.15499877929688,106.15499877929688,17369
2024-04-08 15:54:00-04:00,106.14009857177734,106.22000122070312,106.05999755859375,106.13999938964844,106.13999938964844,23918
2024-04-08 15:55:00-04:00,106.12999725341797,106.12999725341797,106.0199966430664,106.04000091552734,106.04000091552734,23308
2024-04-08 15:56:00-04:00,106.03500366210938,106.07499694824219,105.98999786376953,106.02999877929688,106.02999877929688,21572
2024-04-08 15:57:00-04:00,106.02999877929688,106.04000091552734,105.98999786376953,106.01499938964844,106.01499938964844,16441
2024-04-08 15:58:00-04:00,106.01499938964844,106.05000305175781,105.97000122070312,105.9800033569336,105.9800033569336,33050
2024-04-08 15:59:00-04:00,105.98500061035156,106.01000213623047,105.93000030517578,106.01000213623047,106.01000213623047,48407
2024-04-09 09:30:00-04:00,106.0,106.58499908447266,105.93000030517578,106.55999755859375,106.55999755859375,19048
2024-04-09 09:31:00-04:00,106.41999816894531,106.4800033569336,106.30500030517578,106.36000061035156,106.36000061035156,3229
2024-04-09 09:32:00-04:00,106.5,106.5,106.5,106.5,106.5,1411
2024-04-09 09:33:00-04:00,106.44999694824219,106.44999694824219,106.41999816894531,106.41999816894531,106.41999816894531,1043
2024-04-09 09:34:00-04:00,106.55500030517578,106.55500030517578,106.5,106.55500030517578,106.55500030517578,2092
2024-04-09 09:35:00-04:00,106.4800033569336,106.56999969482422,106.31809997558594,106.43000030517578,106.43000030517578,10237
2024-04-09 09:36:00-04:00,106.36000061035156,106.5,106.11000061035156,106.5,106.5,12164
2024-04-09 09:37:00-04:00,106.5,106.51000213623047,106.16000366210938,106.24500274658203,106.24500274658203,13610
2024-04-09 09:38:00-04:00,106.1449966430664,106.1449966430664,106.11499786376953,106.11499786376953,106.11499786376953,829
2024-04-09 09:39:00-04:00,106.05000305175781,106.22000122070312,106.05000305175781,106.22000122070312,106.22000122070312,941
2024-04-09 09:40:00-04:00,106.19999694824219,106.33000183105469,106.19999694824219,106.33000183105469,106.33000183105469,2268
2024-04-09 09:41:00-04:00,106.33999633789062,106.4000015258789,106.30500030517578,106.33000183105469,106.33000183105469,2810
2024-04-09 09:42:00-04:00,106.23999786376953,106.41000366210938,106.23999786376953,106.27999877929688,106.27999877929688,8011
2024-04-09 09:43:00-04:00,106.30500030517578,106.30500030517578,106.19999694824219,106.19999694824219,106.19999694824219,1871
2024-04-09 09:44:00-04:00,106.30999755859375,106.30999755859375,106.29499816894531,106.29499816894531,106.29499816894531,1446
2024-04-09 09:45:00-04:00,106.29000091552734,106.43000030517578,106.29000091552734,106.43000030517578,106.43000030517578,789
2024-04-09 09:46:00-04:00,106.5,106.5,106.5,106.5,106.5,1531
2024-04-09 09:47:00-04:00,106.33000183105469,106.3499984741211,106.33000183105469,106.3499984741211,106.3499984741211,1240
2024-04-09 09:48:00-04:00,106.30000305175781,106.37000274658203,106.30000305175781,106.3499984741211,106.3499984741211,1188
2024-04-09 09:49:00-04:00,106.30999755859375,106.30999755859375,106.23999786376953,106.29000091552734,106.29000091552734,4080
2024-04-09 09:50:00-04:00,106.30500030517578,106.36499786376953,106.19999694824219,106.23500061035156,106.23500061035156,3709
2024-04-09 09:51:00-04:00,106.27999877929688,106.33000183105469,106.27749633789062,106.27749633789062,106.27749633789062,2516
2024-04-09 09:52:00-04:00,106.2699966430664,106.30000305175781,106.13999938964844,106.20999908447266,106.20999908447266,4565
2024-04-09 09:53:00-04:00,106.22540283203125,106.26000213623047,106.19999694824219,106.26000213623047,106.26000213623047,1279
2024-04-09 09:54:00-04:00,106.18000030517578,106.18000030517578,106.18000030517578,106.18000030517578,106.18000030517578,616
2024-04-09 09:55:00-04:00,106.1771011352539,106.22000122070312,106.12999725341797,106.16999816894531,106.16999816894531,3611
2024-04-09 09:56:00-04:00,106.16999816894531,106.19000244140625,105.9489974975586,105.9749984741211,105.9749984741211,4151
2024-04-09 09:57:00-04:00,106.0,106.0,105.93000030517578,105.93000030517578,105.93000030517578,1903
2024-04-09 09:58:00-04:00,105.91000366210938,106.05999755859375,105.91000366210938,106.04429626464844,106.04429626464844,3700
2024-04-09 09:59:00-04:00,105.98139953613281,105.98139953613281,105.9800033569336,105.9800033569336,105.9800033569336,486
2024-04-09 10:00:00-04:00,106.01499938964844,106.01499938964844,105.93000030517578,105.94000244140625,105.94000244140625,3409
2024-04-09 10:01:00-04:00,105.8949966430664,105.92040252685547,105.88610076904297,105.88610076904297,105.88610076904297,1280
2024-04-09 10:02:00-04:00,105.87999725341797,105.93000030517578,105.81500244140625,105.81500244140625,105.81500244140625,5595
2024-04-09 10:03:00-04:00,105.75,105.81999969482422,105.7300033569336,105.7750015258789,105.7750015258789,1972
2024-04-09 10:04:00-04:00,105.7750015258789,105.79989624023438,105.72000122070312,105.79989624023438,105.79989624023438,2014
2024-04-09 10:05:00-04:00,105.72000122070312,105.72000122070312,105.6500015258789,105.66000366210938,105.66000366210938,1863
2024-04-09 10:06:00-04:00,105.63999938964844,105.69499969482422,105.62000274658203,105.69499969482422,105.69499969482422,2089
2024-04-09 10:07:00-04:00,105.7699966430664,105.83000183105469,105.7699966430664,105.83000183105469,105.83000183105469,1417
2024-04-09 10:08:00-04:00,105.8593978881836,105.9000015258789,105.8593978881836,105.9000015258789,105.9000015258789,2070
2024-04-09 10:09:00-04:00,106.01499938964844,106.01499938964844,106.01499938964844,106.01499938964844,106.01499938964844,1714
2024-04-09 10:10:00-04:00,106.06999969482422,106.27999877929688,106.05500030517578,106.26000213623047,106.26000213623047,3392
2024-04-09 10:11:00-04:00,106.26000213623047,106.26000213623047,106.24500274658203,106.24500274658203,106.24500274658203,1906
2024-04-09 10:12:00-04:00,106.25499725341797,106.25499725341797,106.18000030517578,106.20500183105469,106.20500183105469,2145
2024-04-09 10:13:00-04:00,106.25,106.30999755859375,106.25,106.30999755859375,106.30999755859375,1125
2024-04-09 10:14:00-04:00,106.29000091552734,106.29000091552734,106.29000091552734,106.29000091552734,106.29000091552734,161
2024-04-09 10:15:00-04:00,106.25,106.25,106.20999908447266,106.2300033569336,106.2300033569336,2521
2024-04-09 10:16:00-04:00,106.31999969482422,106.37000274658203,106.31999969482422,106.37000274658203,106.37000274658203,1344
2024-04-09 10:17:00-04:00,106.30000305175781,106.36000061035156,106.30000305175781,106.36000061035156,106.36000061035156,1625
2024-04-09 10:18:00-04:00,106.3949966430664,106.40499877929688,106.3949966430664,106.40499877929688,106.40499877929688,675
2024-04-09 10:19:00-04:00,106.41999816894531,106.55999755859375,106.41999816894531,106.55999755859375,106.55999755859375,3212
2024-04-09 10:20:00-04:00,106.5199966430664,106.66000366210938,106.50409698486328,106.66000366210938,106.66000366210938,2014
2024-04-09 10:21:00-04:00,106.6500015258789,106.70999908447266,106.63800048828125,106.69999694824219,106.69999694824219,1110
2024-04-09 10:22:00-04:00,106.69999694824219,106.69999694824219,106.69999694824219,106.69999694824219,106.69999694824219,238
2024-04-09 10:23:00-04:00,106.73500061035156,106.84100341796875,106.69999694824219,106.84100341796875,106.84100341796875,4664
2024-04-09 10:24:00-04:00,106.83999633789062,106.83999633789062,106.76000213623047,106.7699966430664,106.7699966430664,1954
2024-04-09 10:25:00-04:00,106.85800170898438,106.87000274658203,106.85800170898438,106.87000274658203,106.87000274658203,2450
2024-04-09 10:26:00-04:00,106.87000274658203,106.87000274658203,106.68000030517578,106.75,106.75,4866
2024-04-09 10:27:00-04:00,106.75,106.75,106.73500061035156,106.73500061035156,106.73500061035156,1356
2024-04-09 10:28:00-04:00,106.75,106.7699966430664,106.73500061035156,106.73500061035156,106.73500061035156,5385
2024-04-09 10:29:00-04:00,106.75,106.76000213623047,106.63999938964844,106.63999938964844,106.63999938964844,4782
2024-04-09 10:30:00-04:00,106.6500015258789,106.66000366210938,106.45999908447266,106.45999908447266,106.45999908447266,4787
2024-04-09 10:31:00-04:00,106.30000305175781,106.3499984741211,106.30000305175781,106.3499984741211,106.3499984741211,991
2024-04-09 10:32:00-04:00,106.36000061035156,106.36000061035156,106.33000183105469,106.33000183105469,106.33000183105469,1542
2024-04-09 10:33:00-04:00,106.48999786376953,106.48999786376953,106.48999786376953,106.48999786376953,106.48999786376953,233
2024-04-09 10:34:00-04:00,106.37000274658203,106.37000274658203,106.37000274658203,106.37000274658203,106.37000274658203,401
2024-04-09 10:35:00-04:00,106.38999938964844,106.43000030517578,106.38999938964844,106.43000030517578,106.43000030517578,1850
2024-04-09 10:36:00-04:00,106.48999786376953,106.48999786376953,106.23999786376953,106.23999786376953,106.23999786376953,2473
2024-04-09 10:37:00-04:00,106.30000305175781,106.30000305175781,106.30000305175781,106.30000305175781,106.30000305175781,671
2024-04-09 10:38:00-04:00,106.1500015258789,106.1500015258789,106.08000183105469,106.1500015258789,106.1500015258789,3963
2024-04-09 10:39:00-04:00,106.12000274658203,106.1500015258789,106.12000274658203,106.1500015258789,106.1500015258789,477
2024-04-09 10:40:00-04:00,106.16500091552734,106.16500091552734,106.08000183105469,106.08000183105469,106.08000183105469,1197
2024-04-09 10:41:00-04:00,106.08200073242188,106.08200073242188,106.08000183105469,106.08000183105469,106.08000183105469,1366
2024-04-09 10:42:00-04:00,105.94000244140625,105.94000244140625,105.9000015258789,105.9000015258789,105.9000015258789,1511
2024-04-09 10:43:00-04:00,105.98999786376953,105.98999786376953,105.80000305175781,105.83000183105469,105.83000183105469,1262
2024-04-09 10:44:00-04:00,105.81849670410156,105.81849670410156,105.81849670410156,105.81849670410156,105.81849670410156,1000
2024-04-09 10:45:00-04:00,105.83190155029297,105.91000366210938,105.83190155029297,105.91000366210938,105.91000366210938,1510
2024-04-09 10:46:00-04:00,105.9000015258789,105.95500183105469,105.9000015258789,105.90499877929688,105.90499877929688,2650
2024-04-09 10:47:00-04:00,105.90499877929688,105.95500183105469,105.9000015258789,105.93000030517578,105.93000030517578,4302
2024-04-09 10:48:00-04:00,106.0,106.0,105.95999908447266,105.95999908447266,105.95999908447266,1119
2024-04-09 10:49:00-04:00,106.05500030517578,106.05500030517578,106.01499938964844,106.01499938964844,106.01499938964844,872
2024-04-09 10:50:00-04:00,105.9800033569336,105.9800033569336,105.92009735107422,105.92009735107422,105.92009735107422,1989
2024-04-09 10:51:00-04:00,105.91999816894531,105.94000244140625,105.88999938964844,105.9000015258789,105.9000015258789,3621
2024-04-09 10:52:00-04:00,105.9000015258789,105.9000015258789,105.88009643554688,105.9000015258789,105.9000015258789,2650
2024-04-09 10:53:00-04:00,105.9000015258789,105.92500305175781,105.8949966430664,105.92500305175781,105.92500305175781,1089
2024-04-09 10:54:00-04:00,105.91999816894531,105.91999816894531,105.9000015258789,105.9000015258789,105.9000015258789,2434
2024-04-09 10:55:00-04:00,105.94819641113281,106.04319763183594,105.88999938964844,106.04319763183594,106.04319763183594,16398
2024-04-09 10:56:00-04:00,106.05000305175781,106.0999984741211,106.05000305175781,106.06999969482422,106.06999969482422,1956
2024-04-09 10:57:00-04:00,106.05999755859375,106.11000061035156,106.04000091552734,106.11000061035156,106.11000061035156,2908
2024-04-09 10:58:00-04:00,106.0999984741211,106.12999725341797,106.0999984741211,106.12999725341797,106.12999725341797,214
2024-04-09 10:59:00-04:00,106.13999938964844,106.19000244140625,106.12999725341797,106.12999725341797,106.12999725341797,3509
2024-04-09 11:00:00-04:00,106.12000274658203,106.1500015258789,106.12000274658203,106.13999938964844,106.13999938964844,2741
2024-04-09 11:01:00-04:00,106.13999938964844,106.19000244140625,106.12799835205078,106.12799835205078,106.12799835205078,16458
2024-04-09 11:02:00-04:00,106.22000122070312,106.25,106.22000122070312,106.22000122070312,106.22000122070312,599
2024-04-09 11:03:00-04:00,106.20249938964844,106.24500274658203,106.20249938964844,106.24500274658203,106.24500274658203,888
2024-04-09 11:04:00-04:00,106.13999938964844,106.13999938964844,106.125,106.125,106.125,504
2024-04-09 11:05:00-04:00,106.16000366210938,106.19000244140625,106.16000366210938,106.18499755859375,106.18499755859375,814
2024-04-09 11:06:00-04:00,106.23999786376953,106.23999786376953,106.22000122070312,106.22000122070312,106.22000122070312,2156
2024-04-09 11:07:00-04:00,106.23999786376953,106.26000213623047,106.23999786376953,106.26000213623047,106.26000213623047,1164
2024-04-09 11:08:00-04:00,106.36000061035156,106.36000061035156,106.30999755859375,106.30999755859375,106.30999755859375,537
2024-04-09 11:09:00-04:00,106.32499694824219,106.33499908447266,106.30999755859375,106.30999755859375,106.30999755859375,1669
2024-04-09 11:10:00-04:00,106.27999877929688,106.27999877929688,106.23999786376953,106.2699966430664,106.2699966430664,2370
2024-04-09 11:11:00-04:00,106.30999755859375,106.30999755859375,106.27999877929688,106.27999877929688,106.27999877929688,1003
2024-04-09 11:12:00-04:00,106.30000305175781,106.30000305175781,106.30000305175781,106.30000305175781,106.30000305175781,513
2024-04-09 11:13:00-04:00,106.20999908447266,106.2300033569336,106.19999694824219,106.2300033569336,106.2300033569336,1790
2024-04-09 11:15:00-04:00,106.30999755859375,106.31999969482422,106.25,106.25,106.25,6098
2024-04-09 11:16:00-04:00,106.3550033569336,106.3550033569336,106.3550033569336,106.3550033569336,106.3550033569336,1284
2024-04-09 11:17:00-04:00,106.36499786376953,106.37999725341797,106.3499984741211,106.37999725341797,106.37999725341797,1650
2024-04-09 11:20:00-04:00,106.41010284423828,106.4749984741211,106.41010284423828,106.4749984741211,106.4749984741211,1349
2024-04-09 11:21:00-04:00,106.4800033569336,106.48999786376953,106.4800033569336,106.48999786376953,106.48999786376953,899
2024-04-09 11:22:00-04:00,106.47000122070312,106.50499725341797,106.47000122070312,106.4800033569336,106.4800033569336,2095
2024-04-09 11:23:00-04:00,106.51000213623047,106.52999877929688,106.4800033569336,106.48999786376953,106.48999786376953,5767
2024-04-09 11:24:00-04:00,106.47000122070312,106.49500274658203,106.45500183105469,106.49500274658203,106.49500274658203,1075
2024-04-09 11:25:00-04:00,106.51000213623047,106.56500244140625,106.51000213623047,106.56500244140625,106.56500244140625,798
2024-04-09 11:26:00-04:00,106.55999755859375,106.56999969482422,106.45999908447266,106.48999786376953,106.48999786376953,4639
2024-04-09 11:27:00-04:00,106.44000244140625,106.44000244140625,106.44000244140625,106.44000244140625,106.44000244140625,674
2024-04-09 11:28:00-04:00,106.44000244140625,106.45999908447266,106.44000244140625,106.45999908447266,106.45999908447266,684
2024-04-09 11:29:00-04:00,106.46829986572266,106.46829986572266,106.46829986572266,106.46829986572266,106.46829986572266,709
2024-04-09 11:30:00-04:00,106.43000030517578,106.43000030517578,106.43000030517578,106.43000030517578,106.43000030517578,105
2024-04-09 11:31:00-04:00,106.43000030517578,106.51000213623047,106.4000015258789,106.43000030517578,106.43000030517578,5294
2024-04-09 11:32:00-04:00,106.47000122070312,106.47000122070312,106.46089935302734,106.46089935302734,106.46089935302734,297
2024-04-09 11:33:00-04:00,106.4718017578125,106.4800033569336,106.4718017578125,106.4800033569336,106.4800033569336,1822
2024-04-09 11:34:00-04:00,106.52999877929688,106.52999877929688,106.51000213623047,106.51000213623047,106.51000213623047,694
2024-04-09 11:35:00-04:00,106.52999877929688,106.55000305175781,106.5,106.55000305175781,106.55000305175781,2395
2024-04-09 11:37:00-04:00,106.65869903564453,106.66000366210938,106.65869903564453,106.66000366210938,106.66000366210938,415
2024-04-09 11:38:00-04:00,106.63999938964844,106.63999938964844,106.63500213623047,106.63500213623047,106.63500213623047,667
2024-04-09 11:40:00-04:00,106.62159729003906,106.6500015258789,106.62159729003906,106.6500015258789,106.6500015258789,541
2024-04-09 11:41:00-04:00,106.6050033569336,106.62000274658203,106.6050033569336,106.62000274658203,106.62000274658203,623
2024-04-09 11:42:00-04:00,106.55999755859375,106.55999755859375,106.55999755859375,106.55999755859375,106.55999755859375,1925
2024-04-09 11:44:00-04:00,106.69000244140625,106.7249984741211,106.69000244140625,106.7249984741211,106.7249984741211,581
2024-04-09 11:45:00-04:00,106.70999908447266,106.80999755859375,106.69999694824219,106.80999755859375,106.80999755859375,1078
2024-04-09 11:46:00-04:00,106.7699966430664,106.79000091552734,106.7699966430664,106.79000091552734,106.79000091552734,1045
2024-04-09 11:47:00-04:00,106.81999969482422,106.86000061035156,106.81999969482422,106.86000061035156,106.86000061035156,1155
2024-04-09 11:48:00-04:00,106.84500122070312,106.86000061035156,106.81230163574219,106.81230163574219,106.81230163574219,753
2024-04-09 11:49:00-04:00,106.8499984741211,106.8499984741211,106.8499984741211,106.8499984741211,106.8499984741211,406
2024-04-09 11:50:00-04:00,106.8499984741211,106.8499984741211,106.80000305175781,106.8499984741211,106.8499984741211,1105
2024-04-09 11:51:00-04:00,106.8582992553711,106.8582992553711,106.81999969482422,106.81999969482422,106.81999969482422,679
2024-04-09 11:52:00-04:00,106.79000091552734,106.79000091552734,106.79000091552734,106.79000091552734,106.79000091552734,440
2024-04-09 11:53:00-04:00,106.77999877929688,106.79000091552734,106.72000122070312,106.72000122070312,106.72000122070312,4081
2024-04-09 11:54:00-04:00,106.77999877929688,106.77999877929688,106.77999877929688,106.77999877929688,106.77999877929688,627
2024-04-09 11:55:00-04:00,106.83000183105469,106.83999633789062,106.80000305175781,106.80000305175781,106.80000305175781,671
2024-04-09 11:56:00-04:00,106.83999633789062,106.83999633789062,106.72000122070312,106.72000122070312,106.72000122070312,2032
2024-04-09 11:57:00-04:00,106.69999694824219,106.69999694824219,106.69000244140625,106.69999694824219,106.69999694824219,886
2024-04-09 11:58:00-04:00,106.69499969482422,106.77999877929688,106.69499969482422,106.77999877929688,106.77999877929688,4241
2024-04-09 11:59:00-04:00,106.83999633789062,106.83999633789062,106.83999633789062,106.83999633789062,106.83999633789062,349
2024-04-09 12:00:00-04:00,106.87999725341797,106.9000015258789,106.87999725341797,106.9000015258789,106.9000015258789,1543
2024-04-09 12:02:00-04:00,106.91390228271484,106.91390228271484,106.91390228271484,106.91390228271484,106.91390228271484,1060
2024-04-09 12:03:00-04:00,106.92500305175781,107.0,106.92500305175781,106.98999786376953,106.98999786376953,3203
2024-04-09 12:04:00-04:00,107.01260375976562,107.01260375976562,107.01260375976562,107.01260375976562,107.01260375976562,203
2024-04-09 12:05:00-04:00,107.01370239257812,107.03939819335938,107.0,107.0,107.0,1036
2024-04-09 12:06:00-04:00,107.02999877929688,107.02999877929688,107.02999877929688,107.02999877929688,107.02999877929688,237
2024-04-09 12:07:00-04:00,107.01000213623047,107.01000213623047,106.98619842529297,106.98619842529297,106.98619842529297,2112
2024-04-09 12:08:00-04:00,107.02439880371094,107.02989959716797,107.0,107.02989959716797,107.02989959716797,2313
2024-04-09 12:09:00-04:00,107.0,107.06500244140625,106.98999786376953,107.06500244140625,107.06500244140625,2479
2024-04-09 12:10:00-04:00,107.08370208740234,107.08370208740234,107.08370208740234,107.08370208740234,107.08370208740234,306
2024-04-09 12:11:00-04:00,107.06500244140625,107.06500244140625,107.0509033203125,107.0509033203125,107.0509033203125,474
2024-04-09 12:12:00-04:00,107.08000183105469,107.11750030517578,107.08000183105469,107.11750030517578,107.11750030517578,1875
2024-04-09 12:13:00-04:00,107.13240051269531,107.14250183105469,107.13240051269531,107.14250183105469,107.14250183105469,1409
2024-04-09 12:14:00-04:00,107.13999938964844,107.13999938964844,107.0999984741211,107.12000274658203,107.12000274658203,7324
2024-04-09 12:16:00-04:00,107.05999755859375,107.05999755859375,107.04000091552734,107.05000305175781,107.05000305175781,1460
2024-04-09 12:17:00-04:00,107.08000183105469,107.08000183105469,107.08000183105469,107.08000183105469,107.08000183105469,442
2024-04-09 12:18:00-04:00,107.11499786376953,107.12000274658203,107.11499786376953,107.12000274658203,107.12000274658203,364
2024-04-09 12:19:00-04:00,107.13500213623047,107.13500213623047,107.11540222167969,107.13249969482422,107.13249969482422,581
2024-04-09 12:20:00-04:00,107.17500305175781,107.17500305175781,107.17500305175781,107.17500305175781,107.17500305175781,733
2024-04-09 12:21:00-04:00,107.16000366210938,107.16000366210938,107.16000366210938,107.16000366210938,107.16000366210938,2022
2024-04-09 12:22:00-04:00,107.16000366210938,107.16000366210938,107.12999725341797,107.12999725341797,107.12999725341797,695
2024-04-09 12:23:00-04:00,107.1500015258789,107.1500015258789,107.11000061035156,107.11000061035156,107.11000061035156,960
2024-04-09 12:24:00-04:00,107.12999725341797,107.12999725341797,107.12999725341797,107.12999725341797,107.12999725341797,435
2024-04-09 12:25:00-04:00,107.11479949951172,107.13999938964844,107.0999984741211,107.13999938964844,107.13999938964844,3836
2024-04-09 12:26:00-04:00,107.16000366210938,107.1729965209961,107.1500015258789,107.1729965209961,107.1729965209961,975
2024-04-09 12:27:00-04:00,107.13999938964844,107.15989685058594,107.13999938964844,107.1500015258789,107.1500015258789,896
2024-04-09 12:28:00-04:00,107.1500015258789,107.1500015258789,107.12899780273438,107.12899780273438,107.12899780273438,308
2024-04-09 12:29:00-04:00,107.12000274658203,107.1449966430664,107.0999984741211,107.11000061035156,107.11000061035156,1934
2024-04-09 12:30:00-04:00,107.0199966430664,107.05400085449219,107.0199966430664,107.05400085449219,107.05400085449219,1348
2024-04-09 12:31:00-04:00,107.05000305175781,107.05999755859375,107.03500366210938,107.05999755859375,107.05999755859375,893
2024-04-09 12:33:00-04:00,107.01000213623047,107.0199966430664,106.98999786376953,106.99749755859375,106.99749755859375,1085
2024-04-09 12:34:00-04:00,107.05000305175781,107.05000305175781,107.02999877929688,107.02999877929688,107.02999877929688,460
2024-04-09 12:35:00-04:00,107.02999877929688,107.02999877929688,107.02999877929688,107.02999877929688,107.02999877929688,241
2024-04-09 12:36:00-04:00,107.0,107.0,106.99749755859375,106.99749755859375,106.99749755859375,991
2024-04-09 12:37:00-04:00,107.00499725341797,107.00499725341797,107.0,107.0,107.0,328
2024-04-09 12:38:00-04:00,107.01000213623047,107.0199966430664,107.01000213623047,107.0199966430664,107.0199966430664,906
2024-04-09 12:39:00-04:00,107.0250015258789,107.05000305175781,107.0250015258789,107.05000305175781,107.05000305175781,1379
2024-04-09 12:40:00-04:00,107.04499816894531,107.07499694824219,107.03500366210938,107.04000091552734,107.04000091552734,2917
2024-04-09 12:42:00-04:00,107.0199966430664,107.0199966430664,107.0199966430664,107.0199966430664,107.0199966430664,672
2024-04-09 12:43:00-04:00,107.05000305175781,107.05000305175781,107.05000305175781,107.05000305175781,107.05000305175781,336
2024-04-09 12:44:00-04:00,107.0250015258789,107.0250015258789,106.97000122070312,106.98999786376953,106.98999786376953,2752
2024-04-09 12:45:00-04:00,106.95999908447266,106.95999908447266,106.8051986694336,106.8051986694336,106.8051986694336,2523
2024-04-09 12:46:00-04:00,106.78500366210938,106.78500366210938,106.78500366210938,106.78500366210938,106.78500366210938,388
2024-04-09 12:47:00-04:00,106.78610229492188,106.78610229492188,106.78610229492188,106.78610229492188,106.78610229492188,309
2024-04-09 12:48:00-04:00,106.76000213623047,106.77999877929688,106.7300033569336,106.76000213623047,106.76000213623047,2570
2024-04-09 12:49:00-04:00,106.72000122070312,106.72000122070312,106.72000122070312,106.72000122070312,106.72000122070312,393
2024-04-09 12:50:00-04:00,106.6500015258789,106.69000244140625,106.6500015258789,106.6500015258789,106.6500015258789,427
2024-04-09 12:51:00-04:00,106.62999725341797,106.62999725341797,106.62999725341797,106.62999725341797,106.62999725341797,506
2024-04-09 12:53:00-04:00,106.55000305175781,106.56999969482422,106.55000305175781,106.56999969482422,106.56999969482422,1833
2024-04-09 12:55:00-04:00,106.51000213623047,106.51000213623047,106.51000213623047,106.51000213623047,106.51000213623047,275
2024-04-09 12:56:00-04:00,106.5,106.5,106.5,106.5,106.5,895
2024-04-09 12:57:00-04:00,106.54000091552734,106.54000091552734,106.54000091552734,106.54000091552734,106.54000091552734,708
2024-04-09 12:58:00-04:00,106.5,106.5,106.5,106.5,106.5,425
2024-04-09 12:59:00-04:00,106.48999786376953,106.5199966430664,106.48999786376953,106.5199966430664,106.5199966430664,987
2024-04-09 13:00:00-04:00,106.51000213623047,106.5199966430664,106.51000213623047,106.5199966430664,106.5199966430664,888
2024-04-09 13:02:00-04:00,106.54000091552734,106.55000305175781,106.48999786376953,106.5447006225586,106.5447006225586,2058
2024-04-09 13:03:00-04:00,106.54669952392578,106.54669952392578,106.54669952392578,106.54669952392578,106.54669952392578,544
2024-04-09 13:05:00-04:00,106.56999969482422,106.62000274658203,106.56539916992188,106.62000274658203,106.62000274658203,1016
2024-04-09 13:06:00-04:00,106.61499786376953,106.62000274658203,106.58000183105469,106.58000183105469,106.58000183105469,1607
2024-04-09 13:07:00-04:00,106.58000183105469,106.58000183105469,106.52999877929688,106.52999877929688,106.52999877929688,1175
2024-04-09 13:08:00-04:00,106.55999755859375,106.55999755859375,106.55999755859375,106.55999755859375,106.55999755859375,438
2024-04-09 13:09:00-04:00,106.54000091552734,106.55940246582031,106.54000091552734,106.54000091552734,106.54000091552734,2694
2024-04-09 13:10:00-04:00,106.58000183105469,106.61000061035156,106.58000183105469,106.61000061035156,106.61000061035156,1385
2024-04-09 13:11:00-04:00,106.5999984741211,106.5999984741211,106.5999984741211,106.5999984741211,106.5999984741211,123
2024-04-09 13:12:00-04:00,106.5999984741211,106.62999725341797,106.5999984741211,106.62999725341797,106.62999725341797,670
2024-04-09 13:13:00-04:00,106.61000061035156,106.62999725341797,106.56500244140625,106.58999633789062,106.58999633789062,2032
2024-04-09 13:14:00-04:00,106.65489959716797,106.65489959716797,106.58000183105469,106.58000183105469,106.58000183105469,1063
2024-04-09 13:16:00-04:00,106.59500122070312,106.59500122070312,106.52999877929688,106.52999877929688,106.52999877929688,935
2024-04-09 13:17:00-04:00,106.58000183105469,106.58000183105469,106.55500030517578,106.55500030517578,106.55500030517578,2006
2024-04-09 13:18:00-04:00,106.55999755859375,106.55999755859375,106.55999755859375,106.55999755859375,106.55999755859375,205
2024-04-09 13:19:00-04:00,106.58000183105469,106.58000183105469,106.58000183105469,106.58000183105469,106.58000183105469,383
2024-04-09 13:20:00-04:00,106.5199966430664,106.52999877929688,106.5199966430664,106.52999877929688,106.52999877929688,522
2024-04-09 13:21:00-04:00,106.54550170898438,106.54550170898438,106.54550170898438,106.54550170898438,106.54550170898438,1534
2024-04-09 13:22:00-04:00,106.58999633789062,106.58999633789062,106.48999786376953,106.5011978149414,106.5011978149414,1616
2024-04-09 13:23:00-04:00,106.58000183105469,106.58000183105469,106.5199966430664,106.56999969482422,106.56999969482422,2049
2024-04-09 13:24:00-04:00,106.45999908447266,106.45999908447266,106.44999694824219,106.44999694824219,106.44999694824219,491
2024-04-09 13:25:00-04:00,106.45999908447266,106.45999908447266,106.41500091552734,106.41500091552734,106.41500091552734,1443
2024-04-09 13:28:00-04:00,106.38500213623047,106.43000030517578,106.38500213623047,106.43000030517578,106.43000030517578,5139
2024-04-09 13:29:00-04:00,106.4000015258789,106.4000015258789,106.4000015258789,106.4000015258789,106.4000015258789,622
2024-04-09 13:30:00-04:00,106.44000244140625,106.44000244140625,106.44000244140625,106.44000244140625,106.44000244140625,615
2024-04-09 13:31:00-04:00,106.43000030517578,106.43000030517578,106.43000030517578,106.43000030517578,106.43000030517578,148
2024-04-09 13:32:00-04:00,106.43499755859375,106.4800033569336,106.43499755859375,106.4800033569336,106.4800033569336,1373
2024-04-09 13:33:00-04:00,106.44000244140625,106.44000244140625,106.38999938964844,106.38999938964844,106.38999938964844,598
2024-04-09 13:35:00-04:00,106.37000274658203,106.41000366210938,106.37000274658203,106.41000366210938,106.41000366210938,1087
2024-04-09 13:36:00-04:00,106.44999694824219,106.54000091552734,106.44999694824219,106.53500366210938,106.53500366210938,4887
2024-04-09 13:37:00-04:00,106.5,106.54859924316406,106.5,106.54859924316406,106.54859924316406,2047
2024-04-09 13:38:00-04:00,106.55999755859375,106.58999633789062,106.55000305175781,106.55999755859375,106.55999755859375,3495
2024-04-09 13:40:00-04:00,106.5199966430664,106.5199966430664,106.51000213623047,106.51000213623047,106.51000213623047,731
2024-04-09 13:41:00-04:00,106.5,106.5,106.41999816894531,106.41999816894531,106.41999816894531,1587
2024-04-09 13:42:00-04:00,106.33999633789062,106.33999633789062,106.29000091552734,106.29900360107422,106.29900360107422,1047
2024-04-09 13:43:00-04:00,106.30000305175781,106.31999969482422,106.27999877929688,106.29499816894531,106.29499816894531,1820
2024-04-09 13:44:00-04:00,106.30000305175781,106.3499984741211,106.24500274658203,106.31999969482422,106.31999969482422,5669
2024-04-09 13:45:00-04:00,106.33000183105469,106.33999633789062,106.31999969482422,106.33999633789062,106.33999633789062,1264
2024-04-09 13:47:00-04:00,106.33999633789062,106.33999633789062,106.33999633789062,106.33999633789062,106.33999633789062,162
2024-04-09 13:48:00-04:00,106.3499984741211,106.3499984741211,106.3499984741211,106.3499984741211,106.3499984741211,233
2024-04-09 13:49:00-04:00,106.34249877929688,106.3499984741211,106.33999633789062,106.3499984741211,106.3499984741211,1199
2024-04-09 13:50:00-04:00,106.37000274658203,106.37999725341797,106.36000061035156,106.37000274658203,106.37000274658203,1559
2024-04-09 13:51:00-04:00,106.40399932861328,106.40399932861328,106.33000183105469,106.33000183105469,106.33000183105469,1741
2024-04-09 13:52:00-04:00,106.33000183105469,106.35569763183594,106.33000183105469,106.35569763183594,106.35569763183594,1420
2024-04-09 13:53:00-04:00,106.34500122070312,106.34500122070312,106.34500122070312,106.34500122070312,106.34500122070312,203
2024-04-09 13:54:00-04:00,106.36000061035156,106.38500213623047,106.36000061035156,106.38500213623047,106.38500213623047,1044
2024-04-09 13:55:00-04:00,106.37000274658203,106.37000274658203,106.37000274658203,106.37000274658203,106.37000274658203,361
2024-04-09 13:56:00-04:00,106.3499984741211,106.3499984741211,106.31999969482422,106.32689666748047,106.32689666748047,2252
2024-04-09 13:57:00-04:00,106.30000305175781,106.30000305175781,106.19999694824219,106.19999694824219,106.19999694824219,2873
2024-04-09 13:58:00-04:00,106.19999694824219,106.19999694824219,106.19999694824219,106.19999694824219,106.19999694824219,1166
2024-04-09 13:59:00-04:00,106.185302734375,106.185302734375,106.185302734375,106.185302734375,106.185302734375,1937
2024-04-09 14:00:00-04:00,106.12000274658203,106.12000274658203,106.12000274658203,106.12000274658203,106.12000274658203,704
2024-04-09 14:01:00-04:00,106.0999984741211,106.0999984741211,106.0999984741211,106.0999984741211,106.0999984741211,546
2024-04-09 14:02:00-04:00,106.02690124511719,106.07980346679688,106.02690124511719,106.07980346679688,106.07980346679688,1487
2024-04-09 14:03:00-04:00,106.0199966430664,106.0199966430664,106.0199966430664,106.0199966430664,106.0199966430664,413
2024-04-09 14:04:00-04:00,106.00499725341797,106.02999877929688,106.00499725341797,106.02999877929688,106.02999877929688,1582
2024-04-09 14:05:00-04:00,106.09480285644531,106.09480285644531,106.09480285644531,106.09480285644531,106.09480285644531,571
2024-04-09 14:06:00-04:00,106.08499908447266,106.11000061035156,106.08499908447266,106.08999633789062,106.08999633789062,2199
2024-04-09 14:07:00-04:00,106.08999633789062,106.08999633789062,106.08000183105469,106.08999633789062,106.08999633789062,3457
2024-04-09 14:08:00-04:00,106.12999725341797,106.13999938964844,106.12000274658203,106.13999938964844,106.13999938964844,1135
2024-04-09 14:09:00-04:00,106.16000366210938,106.19499969482422,106.16000366210938,106.19499969482422,106.19499969482422,412
2024-04-09 14:10:00-04:00,106.19000244140625,106.19000244140625,106.18000030517578,106.18000030517578,106.18000030517578,716
2024-04-09 14:12:00-04:00,106.19499969482422,106.19499969482422,106.19499969482422,106.19499969482422,106.19499969482422,329
2024-04-09 14:13:00-04:00,106.19999694824219,106.19999694824219,106.18499755859375,106.18499755859375,106.18499755859375,965
2024-04-09 14:14:00-04:00,106.18000030517578,106.23999786376953,106.18000030517578,106.23999786376953,106.23999786376953,3059
2024-04-09 14:15:00-04:00,106.25499725341797,106.27999877929688,106.25499725341797,106.27999877929688,106.27999877929688,991
2024-04-09 14:16:00-04:00,106.19999694824219,106.19999694824219,106.19999694824219,106.19999694824219,106.19999694824219,628
2024-04-09 14:17:00-04:00,106.16999816894531,106.19000244140625,106.16999816894531,106.18000030517578,106.18000030517578,1022
2024-04-09 14:18:00-04:00,106.19999694824219,106.19999694824219,106.17500305175781,106.17500305175781,106.17500305175781,768
2024-04-09 14:19:00-04:00,106.17500305175781,106.19999694824219,106.17500305175781,106.19000244140625,106.19000244140625,1953
2024-04-09 14:20:00-04:00,106.19000244140625,106.20999908447266,106.19000244140625,106.20999908447266,106.20999908447266,654
2024-04-09 14:21:00-04:00,106.2074966430664,106.21499633789062,106.2074966430664,106.21499633789062,106.21499633789062,285
2024-04-09 14:22:00-04:00,106.18499755859375,106.22000122070312,106.18499755859375,106.20999908447266,106.20999908447266,1989
2024-04-09 14:23:00-04:00,106.22000122070312,106.22000122070312,106.19999694824219,106.20999908447266,106.20999908447266,1119
2024-04-09 14:24:00-04:00,106.19999694824219,106.19999694824219,106.19499969482422,106.197998046875,106.197998046875,2917
2024-04-09 14:25:00-04:00,106.2699966430664,106.29000091552734,106.2699966430664,106.29000091552734,106.29000091552734,998
2024-04-09 14:26:00-04:00,106.27999877929688,106.27999877929688,106.27999877929688,106.27999877929688,106.27999877929688,895
2024-04-09 14:27:00-04:00,106.29000091552734,106.29319763183594,106.29000091552734,106.29319763183594,106.29319763183594,1370
2024-04-09 14:28:00-04:00,106.30999755859375,106.32499694824219,106.30999755859375,106.32499694824219,106.32499694824219,986
2024-04-09 14:29:00-04:00,106.30500030517578,106.30500030517578,106.25,106.25,106.25,1856
2024-04-09 14:30:00-04:00,106.25,106.25,106.25,106.25,106.25,2068
2024-04-09 14:31:00-04:00,106.25499725341797,106.25499725341797,106.24009704589844,106.24009704589844,106.24009704589844,523
2024-04-09 14:32:00-04:00,106.24500274658203,106.2699966430664,106.24500274658203,106.2699966430664,106.2699966430664,752
2024-04-09 14:33:00-04:00,106.2699966430664,106.2699966430664,106.25,106.25,106.25,1062
2024-04-09 14:34:00-04:00,106.25499725341797,106.25499725341797,106.25499725341797,106.25499725341797,106.25499725341797,376
2024-04-09 14:35:00-04:00,106.25,106.25,106.25,106.25,106.25,634
2024-04-09 14:36:00-04:00,106.26000213623047,106.2699966430664,106.25920104980469,106.25920104980469,106.25920104980469,1303
2024-04-09 14:37:00-04:00,106.25,106.25,106.23999786376953,106.25,106.25,1704
2024-04-09 14:38:00-04:00,106.2699966430664,106.29000091552734,106.2699966430664,106.29000091552734,106.29000091552734,1876
2024-04-09 14:39:00-04:00,106.25,106.25,106.19000244140625,106.19000244140625,106.19000244140625,2512
2024-04-09 14:40:00-04:00,106.18000030517578,106.18000030517578,106.18000030517578,106.18000030517578,106.18000030517578,889
2024-04-09 14:41:00-04:00,106.1500015258789,106.16000366210938,106.13999938964844,106.16000366210938,106.16000366210938,1461
2024-04-09 14:43:00-04:00,106.16999816894531,106.16999816894531,106.13999938964844,106.1500015258789,106.1500015258789,1059
2024-04-09 14:44:00-04:00,106.16000366210938,106.16000366210938,106.16000366210938,106.16000366210938,106.16000366210938,1230
2024-04-09 14:45:00-04:00,106.1500015258789,106.18000030517578,106.1500015258789,106.16000366210938,106.16000366210938,2128
2024-04-09 14:46:00-04:00,106.13999938964844,106.19000244140625,106.13999938964844,106.19000244140625,106.19000244140625,1542
2024-04-09 14:47:00-04:00,106.18199920654297,106.19499969482422,106.18199920654297,106.19499969482422,106.19499969482422,525
2024-04-09 14:48:00-04:00,106.19000244140625,106.20999908447266,106.15409851074219,106.15409851074219,106.15409851074219,1931
2024-04-09 14:49:00-04:00,106.1500015258789,106.1500015258789,106.1500015258789,106.1500015258789,106.1500015258789,337
2024-04-09 14:50:00-04:00,106.11000061035156,106.11000061035156,106.08999633789062,106.1050033569336,106.1050033569336,3095
2024-04-09 14:51:00-04:00,106.08999633789062,106.11000061035156,106.08000183105469,106.1050033569336,106.1050033569336,2455
2024-04-09 14:52:00-04:00,106.12000274658203,106.12999725341797,106.12000274658203,106.12999725341797,106.12999725341797,1616
2024-04-09 14:53:00-04:00,106.13999938964844,106.15499877929688,106.12000274658203,106.12000274658203,106.12000274658203,2414
2024-04-09 14:54:00-04:00,106.08999633789062,106.11000061035156,106.08999633789062,106.11000061035156,106.11000061035156,660
2024-04-09 14:55:00-04:00,106.05000305175781,106.06999969482422,106.05000305175781,106.06999969482422,106.06999969482422,1972
2024-04-09 14:56:00-04:00,106.07060241699219,106.07060241699219,106.05000305175781,106.0530014038086,106.0530014038086,3157
2024-04-09 14:57:00-04:00,106.05000305175781,106.05000305175781,106.05000305175781,106.05000305175781,106.05000305175781,1003
2024-04-09 14:58:00-04:00,106.05999755859375,106.0999984741211,106.05999755859375,106.0999984741211,106.0999984741211,1262
2024-04-09 14:59:00-04:00,106.08999633789062,106.0999984741211,106.08000183105469,106.09500122070312,106.09500122070312,1269
2024-04-09 15:00:00-04:00,106.05999755859375,106.05999755859375,106.0199966430664,106.0199966430664,106.0199966430664,878
2024-04-09 15:01:00-04:00,106.04499816894531,106.04499816894531,106.04499816894531,106.04499816894531,106.04499816894531,470
2024-04-09 15:02:00-04:00,106.05999755859375,106.06999969482422,106.04000091552734,106.04000091552734,106.04000091552734,2507
2024-04-09 15:04:00-04:00,106.05999755859375,106.05999755859375,106.05000305175781,106.05000305175781,106.05000305175781,1709
2024-04-09 15:05:00-04:00,106.06999969482422,106.07499694824219,106.05999755859375,106.07499694824219,106.07499694824219,1826
2024-04-09 15:06:00-04:00,106.12000274658203,106.12000274658203,106.08000183105469,106.08000183105469,106.08000183105469,1424
2024-04-09 15:07:00-04:00,106.05000305175781,106.05500030517578,106.05000305175781,106.05500030517578,106.05500030517578,494
2024-04-09 15:08:00-04:00,106.06999969482422,106.06999969482422,106.06999969482422,106.06999969482422,106.06999969482422,722
2024-04-09 15:09:00-04:00,106.05999755859375,106.05999755859375,106.02999877929688,106.05999755859375,106.05999755859375,1328
2024-04-09 15:10:00-04:00,105.98999786376953,105.98999786376953,105.95010375976562,105.95999908447266,105.95999908447266,2342
2024-04-09 15:11:00-04:00,105.94999694824219,105.94999694824219,105.9000015258789,105.94499969482422,105.94499969482422,4082
2024-04-09 15:12:00-04:00,105.9800033569336,105.99500274658203,105.9800033569336,105.99500274658203,105.99500274658203,946
2024-04-09 15:13:00-04:00,105.99500274658203,106.00499725341797,105.99500274658203,106.00499725341797,106.00499725341797,470
2024-04-09 15:14:00-04:00,106.01499938964844,106.08000183105469,106.00499725341797,106.08000183105469,106.08000183105469,6882
2024-04-09 15:16:00-04:00,106.1500015258789,106.16999816894531,106.1500015258789,106.15499877929688,106.15499877929688,907
2024-04-09 15:17:00-04:00,106.18000030517578,106.21499633789062,106.1780014038086,106.21499633789062,106.21499633789062,2127
2024-04-09 15:18:00-04:00,106.2249984741211,106.25499725341797,106.2249984741211,106.25499725341797,106.25499725341797,989
2024-04-09 15:19:00-04:00,106.28500366210938,106.29000091552734,106.28500366210938,106.29000091552734,106.29000091552734,1714
2024-04-09 15:20:00-04:00,106.29000091552734,106.30999755859375,106.27999877929688,106.30000305175781,106.30000305175781,2774
2024-04-09 15:21:00-04:00,106.28500366210938,106.30999755859375,106.28500366210938,106.30999755859375,106.30999755859375,1817
2024-04-09 15:22:00-04:00,106.33000183105469,106.44999694824219,106.33000183105469,106.43499755859375,106.43499755859375,2583
2024-04-09 15:23:00-04:00,106.43499755859375,106.47000122070312,106.43499755859375,106.47000122070312,106.47000122070312,2824
2024-04-09 15:24:00-04:00,106.4800033569336,106.48500061035156,106.44000244140625,106.44000244140625,106.44000244140625,1820
2024-04-09 15:25:00-04:00,106.44000244140625,106.45999908447266,106.41999816894531,106.44000244140625,106.44000244140625,4581
2024-04-09 15:26:00-04:00,106.45500183105469,106.54000091552734,106.45500183105469,106.54000091552734,106.54000091552734,3348
2024-04-09 15:27:00-04:00,106.55500030517578,106.58499908447266,106.55500030517578,106.58499908447266,106.58499908447266,1626
2024-04-09 15:28:00-04:00,106.625,106.625,106.61000061035156,106.61000061035156,106.61000061035156,2257
2024-04-09 15:29:00-04:00,106.61000061035156,106.69499969482422,106.61000061035156,106.69499969482422,106.69499969482422,4201
2024-04-09 15:30:00-04:00,106.70999908447266,106.70999908447266,106.6240005493164,106.62999725341797,106.62999725341797,3291
2024-04-09 15:31:00-04:00,106.63999938964844,106.7300033569336,106.63500213623047,106.72000122070312,106.72000122070312,4634
2024-04-09 15:32:00-04:00,106.72000122070312,106.73500061035156,106.68000030517578,106.68000030517578,106.68000030517578,3045
2024-04-09 15:33:00-04:00,106.69999694824219,106.70999908447266,106.69000244140625,106.70999908447266,106.70999908447266,1148
2024-04-09 15:34:00-04:00,106.69000244140625,106.69000244140625,106.62000274658203,106.62000274658203,106.62000274658203,2218
2024-04-09 15:35:00-04:00,106.625,106.625,106.58999633789062,106.58999633789062,106.58999633789062,432
2024-04-09 15:36:00-04:00,106.61000061035156,106.61000061035156,106.55999755859375,106.57029724121094,106.57029724121094,4752
2024-04-09 15:37:00-04:00,106.55500030517578,106.55500030517578,106.44000244140625,106.44000244140625,106.44000244140625,4690
2024-04-09 15:39:00-04:00,106.45500183105469,106.45500183105469,106.36000061035156,106.36000061035156,106.36000061035156,3376
2024-04-09 15:40:00-04:00,106.37000274658203,106.37000274658203,106.33000183105469,106.33999633789062,106.33999633789062,3953
2024-04-09 15:41:00-04:00,106.34500122070312,106.36000061035156,106.2699966430664,106.2699966430664,106.2699966430664,4056
2024-04-09 15:42:00-04:00,106.27999877929688,106.30000305175781,106.27999877929688,106.28500366210938,106.28500366210938,3203
2024-04-09 15:43:00-04:00,106.30000305175781,106.32499694824219,106.29000091552734,106.29000091552734,106.29000091552734,2732
2024-04-09 15:44:00-04:00,106.30000305175781,106.32499694824219,106.30000305175781,106.30999755859375,106.30999755859375,4459
2024-04-09 15:45:00-04:00,106.30000305175781,106.38500213623047,106.30000305175781,106.31999969482422,106.31999969482422,5288
2024-04-09 15:46:00-04:00,106.30000305175781,106.30999755859375,106.26000213623047,106.30999755859375,106.30999755859375,9138
2024-04-09 15:47:00-04:00,106.29499816894531,106.29499816894531,106.2750015258789,106.29000091552734,106.29000091552734,2590
2024-04-09 15:48:00-04:00,106.36000061035156,106.41999816894531,106.36000061035156,106.41999816894531,106.41999816894531,3820
2024-04-09 15:49:00-04:00,106.41000366210938,106.41500091552734,106.4000015258789,106.41500091552734,106.41500091552734,2052
2024-04-09 15:50:00-04:00,106.4000015258789,106.4000015258789,106.33000183105469,106.37000274658203,106.37000274658203,6784
2024-04-09 15:51:00-04:00,106.36000061035156,106.38500213623047,106.33999633789062,106.38500213623047,106.38500213623047,3868
2024-04-09 15:52:00-04:00,106.38500213623047,106.44499969482422,106.38500213623047,106.41510009765625,106.41510009765625,4345
2024-04-09 15:53:00-04:00,106.41000366210938,106.41000366210938,106.36499786376953,106.36499786376953,106.36499786376953,6202
2024-04-09 15:54:00-04:00,106.37000274658203,106.45500183105469,106.37000274658203,106.45500183105469,106.45500183105469,8164
2024-04-09 15:55:00-04:00,106.43000030517578,106.43499755859375,106.38999938964844,106.4000015258789,106.4000015258789,9339
2024-04-09 15:56:00-04:00,106.3949966430664,106.42500305175781,106.37999725341797,106.42500305175781,106.42500305175781,14598
2024-04-09 15:57:00-04:00,106.41999816894531,106.42500305175781,106.37999725341797,106.38500213623047,106.38500213623047,17297
2024-04-09 15:58:00-04:00,106.38999938964844,106.43000030517578,106.37000274658203,106.41999816894531,106.41999816894531,14585
2024-04-09 15:59:00-04:00,106.41999816894531,106.52999877929688,106.41999816894531,106.5199966430664,106.5199966430664,26493
2024-04-10 09:30:00-04:00,104.70999908447266,104.87000274658203,104.33000183105469,104.58999633789062,104.58999633789062,27214
2024-04-10 09:31:00-04:00,104.75499725341797,104.75499725341797,104.75,104.75,104.75,981
2024-04-10 09:32:00-04:00,104.7300033569336,105.0,104.58999633789062,105.0,105.0,4270
2024-04-10 09:33:00-04:00,105.05999755859375,105.05999755859375,104.87529754638672,104.87529754638672,104.87529754638672,2588
2024-04-10 09:34:00-04:00,104.97000122070312,104.97000122070312,104.97000122070312,104.97000122070312,104.97000122070312,349
2024-04-10 09:35:00-04:00,104.9800033569336,105.1500015258789,104.9800033569336,105.08049774169922,105.08049774169922,2099
2024-04-10 09:36:00-04:00,105.11000061035156,105.15679931640625,104.9800033569336,105.12999725341797,105.12999725341797,1792
2024-04-10 09:37:00-04:00,105.12999725341797,105.12999725341797,104.93000030517578,104.93000030517578,104.93000030517578,1929
2024-04-10 09:38:00-04:00,105.0199966430664,105.15360260009766,105.0199966430664,105.15360260009766,105.15360260009766,783
2024-04-10 09:40:00-04:00,104.80000305175781,104.81990051269531,104.55909729003906,104.66790008544922,104.66790008544922,3161
2024-04-10 09:41:00-04:00,104.59100341796875,104.72000122070312,104.59100341796875,104.61250305175781,104.61250305175781,2288
2024-04-10 09:42:00-04:00,104.61000061035156,104.72000122070312,104.59500122070312,104.69999694824219,104.69999694824219,2176
2024-04-10 09:43:00-04:00,104.70999908447266,104.70999908447266,104.70999908447266,104.70999908447266,104.70999908447266,1559
2024-04-10 09:44:00-04:00,104.81999969482422,104.98999786376953,104.81999969482422,104.97000122070312,104.97000122070312,1955
2024-04-10 09:45:00-04:00,104.91000366210938,104.91000366210938,104.80000305175781,104.80000305175781,104.80000305175781,1211
2024-04-10 09:47:00-04:00,104.4800033569336,104.4800033569336,104.4800033569336,104.4800033569336,104.4800033569336,6244
2024-04-10 09:48:00-04:00,104.58999633789062,104.66999816894531,104.58999633789062,104.66999816894531,104.66999816894531,816
2024-04-10 09:49:00-04:00,104.53500366210938,104.53500366210938,104.53500366210938,104.53500366210938,104.53500366210938,354
2024-04-10 09:50:00-04:00,104.5,104.5,104.5,104.5,104.5,281
2024-04-10 09:51:00-04:00,104.49500274658203,104.62000274658203,104.47920227050781,104.52999877929688,104.52999877929688,4436
2024-04-10 09:52:00-04:00,104.56999969482422,104.69000244140625,104.49400329589844,104.66000366210938,104.66000366210938,4244
2024-04-10 09:53:00-04:00,104.63999938964844,104.63999938964844,104.63999938964844,104.63999938964844,104.63999938964844,270
2024-04-10 09:54:00-04:00,104.9000015258789,104.9000015258789,104.75,104.80000305175781,104.80000305175781,3083
2024-04-10 09:55:00-04:00,104.81999969482422,104.83000183105469,104.81999969482422,104.83000183105469,104.83000183105469,1317
2024-04-10 09:56:00-04:00,104.8687973022461,104.91000366210938,104.8499984741211,104.8949966430664,104.8949966430664,1622
2024-04-10 09:57:00-04:00,104.94000244140625,105.02999877929688,104.94000244140625,105.02999877929688,105.02999877929688,1314
2024-04-10 09:58:00-04:00,104.95999908447266,105.07499694824219,104.95999908447266,105.07499694824219,105.07499694824219,1041
2024-04-10 09:59:00-04:00,105.19000244140625,105.19000244140625,105.12999725341797,105.1449966430664,105.1449966430664,1118
2024-04-10 10:00:00-04:00,105.12999725341797,105.12999725341797,104.87999725341797,104.87999725341797,104.87999725341797,1618
2024-04-10 10:01:00-04:00,104.94999694824219,104.95500183105469,104.91500091552734,104.91500091552734,104.91500091552734,2126
2024-04-10 10:02:00-04:00,104.86000061035156,104.94999694824219,104.86000061035156,104.875,104.875,1382
2024-04-10 10:03:00-04:00,104.87000274658203,104.98999786376953,104.87000274658203,104.95500183105469,104.95500183105469,1178
2024-04-10 10:04:00-04:00,105.04000091552734,105.04000091552734,105.03990173339844,105.03990173339844,105.03990173339844,1282
2024-04-10 10:05:00-04:00,105.09500122070312,105.09500122070312,105.09500122070312,105.09500122070312,105.09500122070312,488
2024-04-10 10:06:00-04:00,105.01000213623047,105.05680084228516,105.01000213623047,105.05680084228516,105.05680084228516,627
2024-04-10 10:07:00-04:00,105.06999969482422,105.0999984741211,105.04129791259766,105.0999984741211,105.0999984741211,639
2024-04-10 10:08:00-04:00,105.16000366210938,105.16000366210938,105.08000183105469,105.08000183105469,105.08000183105469,597
2024-04-10 10:09:00-04:00,104.94999694824219,104.95999908447266,104.875,104.875,104.875,1825
2024-04-10 10:10:00-04:00,104.94000244140625,104.96769714355469,104.94000244140625,104.96769714355469,104.96769714355469,1422
2024-04-10 10:11:00-04:00,105.05000305175781,105.09500122070312,105.05000305175781,105.09500122070312,105.09500122070312,1384
2024-04-10 10:13:00-04:00,105.16000366210938,105.16000366210938,105.08999633789062,105.08999633789062,105.08999633789062,828
2024-04-10 10:14:00-04:00,105.15499877929688,105.15499877929688,105.15499877929688,105.15499877929688,105.15499877929688,1598
2024-04-10 10:15:00-04:00,105.25,105.25,105.19999694824219,105.19999694824219,105.19999694824219,1419
2024-04-10 10:17:00-04:00,105.25,105.26499938964844,105.25,105.26499938964844,105.26499938964844,980
2024-04-10 10:18:00-04:00,105.2699966430664,105.29499816894531,105.2699966430664,105.29499816894531,105.29499816894531,587
2024-04-10 10:19:00-04:00,105.19000244140625,105.20249938964844,105.1500015258789,105.1500015258789,105.1500015258789,1473
2024-04-10 10:20:00-04:00,105.08999633789062,105.08999633789062,105.08999633789062,105.08999633789062,105.08999633789062,219
2024-04-10 10:21:00-04:00,105.16500091552734,105.16500091552734,105.16500091552734,105.16500091552734,105.16500091552734,521
2024-04-10 10:22:00-04:00,105.29000091552734,105.29000091552734,105.29000091552734,105.29000091552734,105.29000091552734,346
2024-04-10 10:23:00-04:00,105.33000183105469,105.3499984741211,105.16999816894531,105.19000244140625,105.19000244140625,2538
2024-04-10 10:24:00-04:00,105.23999786376953,105.26000213623047,105.18000030517578,105.22270202636719,105.22270202636719,798
2024-04-10 10:25:00-04:00,105.2249984741211,105.2300033569336,105.2249984741211,105.2300033569336,105.2300033569336,471
2024-04-10 10:26:00-04:00,105.26000213623047,105.33999633789062,105.2300033569336,105.29499816894531,105.29499816894531,8301
2024-04-10 10:27:00-04:00,105.28500366210938,105.28500366210938,105.13999938964844,105.13999938964844,105.13999938964844,5951
2024-04-10 10:28:00-04:00,105.20999908447266,105.20999908447266,105.16000366210938,105.16000366210938,105.16000366210938,1636
2024-04-10 10:29:00-04:00,105.13999938964844,105.1500015258789,105.08000183105469,105.08000183105469,105.08000183105469,1405
2024-04-10 10:30:00-04:00,105.02999877929688,105.12000274658203,104.93499755859375,105.11499786376953,105.11499786376953,5921
2024-04-10 10:31:00-04:00,104.95999908447266,104.95999908447266,104.91010284423828,104.91010284423828,104.91010284423828,2627
2024-04-10 10:32:00-04:00,104.91500091552734,104.97000122070312,104.91500091552734,104.95999908447266,104.95999908447266,843
2024-04-10 10:33:00-04:00,105.05999755859375,105.16999816894531,105.02999877929688,105.16619873046875,105.16619873046875,1404
2024-04-10 10:34:00-04:00,105.20999908447266,105.23500061035156,105.1500015258789,105.1500015258789,105.1500015258789,1216
2024-04-10 10:35:00-04:00,105.30000305175781,105.30000305175781,105.16999816894531,105.18000030517578,105.18000030517578,2781
2024-04-10 10:36:00-04:00,105.10009765625,105.10009765625,105.10009765625,105.10009765625,105.10009765625,303
2024-04-10 10:37:00-04:00,105.20500183105469,105.20500183105469,105.20500183105469,105.20500183105469,105.20500183105469,764
2024-04-10 10:38:00-04:00,105.29000091552734,105.29000091552734,105.27999877929688,105.29000091552734,105.29000091552734,1381
2024-04-10 10:39:00-04:00,105.2249984741211,105.37000274658203,105.2249984741211,105.34500122070312,105.34500122070312,2886
2024-04-10 10:40:00-04:00,105.28500366210938,105.36000061035156,105.27999877929688,105.3499984741211,105.3499984741211,3052
2024-04-10 10:41:00-04:00,105.36000061035156,105.36000061035156,105.30999755859375,105.34500122070312,105.34500122070312,1706
2024-04-10 10:42:00-04:00,105.32160186767578,105.3499984741211,105.29010009765625,105.34750366210938,105.34750366210938,662
2024-04-10 10:43:00-04:00,105.3499984741211,105.35749816894531,105.27999877929688,105.27999877929688,105.27999877929688,5051
2024-04-10 10:44:00-04:00,105.22630310058594,105.22630310058594,105.16000366210938,105.16000366210938,105.16000366210938,1973
2024-04-10 10:45:00-04:00,105.0999984741211,105.1050033569336,105.09500122070312,105.09500122070312,105.09500122070312,2250
2024-04-10 10:46:00-04:00,105.08499908447266,105.08499908447266,105.0199966430664,105.0199966430664,105.0199966430664,1370
2024-04-10 10:47:00-04:00,105.08000183105469,105.08999633789062,105.08000183105469,105.08999633789062,105.08999633789062,558
2024-04-10 10:48:00-04:00,105.00499725341797,105.00499725341797,105.00499725341797,105.00499725341797,105.00499725341797,136
2024-04-10 10:49:00-04:00,104.96939849853516,104.98999786376953,104.88999938964844,104.98999786376953,104.98999786376953,2021
2024-04-10 10:50:00-04:00,104.92500305175781,104.92500305175781,104.92500305175781,104.92500305175781,104.92500305175781,373
2024-04-10 10:51:00-04:00,104.95500183105469,104.95500183105469,104.85479736328125,104.85479736328125,104.85479736328125,2461
2024-04-10 10:52:00-04:00,104.88999938964844,104.93000030517578,104.88999938964844,104.93000030517578,104.93000030517578,482
2024-04-10 10:53:00-04:00,104.85009765625,104.94999694824219,104.85009765625,104.94999694824219,104.94999694824219,405
2024-04-10 10:54:00-04:00,104.95999908447266,104.95999908447266,104.80999755859375,104.8499984741211,104.8499984741211,2235
2024-04-10 10:56:00-04:00,104.87999725341797,104.87999725341797,104.8499984741211,104.8499984741211,104.8499984741211,1077
2024-04-10 10:57:00-04:00,104.91999816894531,104.91999816894531,104.80000305175781,104.80000305175781,104.80000305175781,1853
2024-04-10 10:58:00-04:00,104.93000030517578,104.93000030517578,104.93000030517578,104.93000030517578,104.93000030517578,870
2024-04-10 10:59:00-04:00,104.91000366210938,104.91000366210938,104.91000366210938,104.91000366210938,104.91000366210938,773
2024-04-10 11:02:00-04:00,104.88500213623047,104.88500213623047,104.88500213623047,104.88500213623047,104.88500213623047,180
2024-04-10 11:03:00-04:00,104.9363021850586,104.9363021850586,104.91000366210938,104.91500091552734,104.91500091552734,1803
2024-04-10 11:04:00-04:00,104.9800033569336,104.98999786376953,104.9800033569336,104.98999786376953,104.98999786376953,1354
2024-04-10 11:05:00-04:00,105.04000091552734,105.06999969482422,105.02999877929688,105.03500366210938,105.03500366210938,1348
2024-04-10 11:06:00-04:00,105.08999633789062,105.08999633789062,105.08999633789062,105.08999633789062,105.08999633789062,2305
2024-04-10 11:07:00-04:00,105.0199966430664,105.04499816894531,105.0199966430664,105.04000091552734,105.04000091552734,2134
2024-04-10 11:08:00-04:00,105.06500244140625,105.06999969482422,104.94999694824219,104.94999694824219,104.94999694824219,3219
2024-04-10 11:11:00-04:00,104.96379852294922,105.06500244140625,104.96379852294922,105.06500244140625,105.06500244140625,1655
2024-04-10 11:12:00-04:00,105.06500244140625,105.06500244140625,105.06500244140625,105.06500244140625,105.06500244140625,444
2024-04-10 11:13:00-04:00,105.01000213623047,105.01000213623047,105.01000213623047,105.01000213623047,105.01000213623047,638
2024-04-10 11:14:00-04:00,105.05000305175781,105.05000305175781,105.02770233154297,105.02770233154297,105.02770233154297,729
2024-04-10 11:15:00-04:00,105.12999725341797,105.12999725341797,105.03009796142578,105.03009796142578,105.03009796142578,658
2024-04-10 11:16:00-04:00,105.13999938964844,105.13999938964844,105.08999633789062,105.13999938964844,105.13999938964844,421
2024-04-10 11:17:00-04:00,105.08000183105469,105.08000183105469,105.0,105.0,105.0,2113
2024-04-10 11:18:00-04:00,104.92500305175781,104.92500305175781,104.87999725341797,104.91000366210938,104.91000366210938,1854
2024-04-10 11:19:00-04:00,104.83999633789062,104.86000061035156,104.83000183105469,104.86000061035156,104.86000061035156,2712
2024-04-10 11:20:00-04:00,104.77999877929688,104.8550033569336,104.77999877929688,104.8550033569336,104.8550033569336,1750
2024-04-10 11:21:00-04:00,104.87999725341797,104.87999725341797,104.87999725341797,104.87999725341797,104.87999725341797,320
2024-04-10 11:22:00-04:00,104.88999938964844,104.88999938964844,104.88999938964844,104.88999938964844,104.88999938964844,313
2024-04-10 11:23:00-04:00,104.77999877929688,104.8499984741211,104.7750015258789,104.81999969482422,104.81999969482422,2518
2024-04-10 11:24:00-04:00,104.81999969482422,104.83999633789062,104.81999969482422,104.83999633789062,104.83999633789062,1288
2024-04-10 11:25:00-04:00,104.81999969482422,104.87999725341797,104.81999969482422,104.87999725341797,104.87999725341797,1897
2024-04-10 11:26:00-04:00,104.9000015258789,104.91000366210938,104.9000015258789,104.91000366210938,104.91000366210938,446
2024-04-10 11:27:00-04:00,104.92369842529297,104.94000244140625,104.92369842529297,104.94000244140625,104.94000244140625,2554
2024-04-10 11:28:00-04:00,104.8499984741211,104.87999725341797,104.79000091552734,104.87999725341797,104.87999725341797,2672
2024-04-10 11:29:00-04:00,104.875,104.91999816894531,104.875,104.91999816894531,104.91999816894531,1595
2024-04-10 11:30:00-04:00,104.8499984741211,104.8499984741211,104.81999969482422,104.81999969482422,104.81999969482422,1969
2024-04-10 11:31:00-04:00,104.7699966430664,104.7699966430664,104.7699966430664,104.7699966430664,104.7699966430664,904
2024-04-10 11:32:00-04:00,104.80999755859375,104.80999755859375,104.80999755859375,104.80999755859375,104.80999755859375,401
2024-04-10 11:33:00-04:00,104.80000305175781,104.86000061035156,104.79000091552734,104.86000061035156,104.86000061035156,2848
2024-04-10 11:34:00-04:00,104.9000015258789,104.9000015258789,104.9000015258789,104.9000015258789,104.9000015258789,568
2024-04-10 11:35:00-04:00,104.94000244140625,104.94999694824219,104.94000244140625,104.94999694824219,104.94999694824219,12825
2024-04-10 11:36:00-04:00,104.94999694824219,104.94999694824219,104.87999725341797,104.87999725341797,104.87999725341797,1547
2024-04-10 11:37:00-04:00,104.91000366210938,104.98999786376953,104.91000366210938,104.98999786376953,104.98999786376953,1479
2024-04-10 11:38:00-04:00,104.98999786376953,104.98999786376953,104.91500091552734,104.91500091552734,104.91500091552734,1411
2024-04-10 11:39:00-04:00,104.94999694824219,104.95999908447266,104.91999816894531,104.91999816894531,104.91999816894531,2743
2024-04-10 11:40:00-04:00,104.94000244140625,104.94999694824219,104.93499755859375,104.94999694824219,104.94999694824219,844
2024-04-10 11:41:00-04:00,104.87000274658203,104.87000274658203,104.8499984741211,104.8499984741211,104.8499984741211,1507
2024-04-10 11:42:00-04:00,104.8499984741211,104.8499984741211,104.83000183105469,104.83999633789062,104.83999633789062,1188
2024-04-10 11:44:00-04:00,104.79000091552734,104.81999969482422,104.77999877929688,104.77999877929688,104.77999877929688,1716
2024-04-10 11:45:00-04:00,104.77040100097656,104.91000366210938,104.77040100097656,104.91000366210938,104.91000366210938,2882
2024-04-10 11:46:00-04:00,104.93000030517578,104.93000030517578,104.93000030517578,104.93000030517578,104.93000030517578,118
2024-04-10 11:47:00-04:00,104.94000244140625,104.94000244140625,104.94000244140625,104.94000244140625,104.94000244140625,885
2024-04-10 11:48:00-04:00,104.91999816894531,104.91999816894531,104.91999816894531,104.91999816894531,104.91999816894531,442
2024-04-10 11:49:00-04:00,104.88999938964844,104.94999694824219,104.88999938964844,104.94999694824219,104.94999694824219,1295
2024-04-10 11:50:00-04:00,104.95989990234375,104.95989990234375,104.95989990234375,104.95989990234375,104.95989990234375,2082
2024-04-10 11:51:00-04:00,105.02999877929688,105.05000305175781,104.98999786376953,104.98999786376953,104.98999786376953,1475
2024-04-10 11:52:00-04:00,104.97470092773438,104.97470092773438,104.94999694824219,104.94999694824219,104.94999694824219,440
2024-04-10 11:53:00-04:00,104.94000244140625,105.02999877929688,104.94000244140625,105.0199966430664,105.0199966430664,1519
2024-04-10 11:54:00-04:00,105.05999755859375,105.05999755859375,105.04000091552734,105.04000091552734,105.04000091552734,884
2024-04-10 11:55:00-04:00,105.06999969482422,105.06999969482422,105.05999755859375,105.06999969482422,105.06999969482422,1417
2024-04-10 11:57:00-04:00,105.06500244140625,105.06999969482422,105.04000091552734,105.04000091552734,105.04000091552734,1008
2024-04-10 11:58:00-04:00,104.98999786376953,105.0,104.97000122070312,104.9800033569336,104.9800033569336,2713
2024-04-10 11:59:00-04:00,104.95999908447266,105.01000213623047,104.91000366210938,104.97000122070312,104.97000122070312,3995
2024-04-10 12:00:00-04:00,105.0,105.0,105.0,105.0,105.0,720
2024-04-10 12:01:00-04:00,104.95999908447266,104.95999908447266,104.95999908447266,104.95999908447266,104.95999908447266,2237
2024-04-10 12:02:00-04:00,104.97000122070312,104.97000122070312,104.97000122070312,104.97000122070312,104.97000122070312,385
2024-04-10 12:03:00-04:00,105.0,105.0,105.0,105.0,105.0,238
2024-04-10 12:04:00-04:00,104.99500274658203,104.99500274658203,104.93000030517578,104.94000244140625,104.94000244140625,1399
2024-04-10 12:05:00-04:00,104.95999908447266,104.97000122070312,104.95999908447266,104.97000122070312,104.97000122070312,1003
2024-04-10 12:06:00-04:00,104.9000015258789,104.91000366210938,104.87999725341797,104.87999725341797,104.87999725341797,1630
2024-04-10 12:07:00-04:00,104.87000274658203,104.91000366210938,104.87000274658203,104.91000366210938,104.91000366210938,783
2024-04-10 12:08:00-04:00,104.87000274658203,104.87000274658203,104.86000061035156,104.86000061035156,104.86000061035156,457
2024-04-10 12:09:00-04:00,104.83999633789062,104.86109924316406,104.83000183105469,104.83000183105469,104.83000183105469,2207
2024-04-10 12:10:00-04:00,104.7699966430664,104.80000305175781,104.7699966430664,104.80000305175781,104.80000305175781,2581
2024-04-10 12:12:00-04:00,104.73999786376953,104.73999786376953,104.72000122070312,104.72000122070312,104.72000122070312,914
2024-04-10 12:13:00-04:00,104.73999786376953,104.75,104.70999908447266,104.70999908447266,104.70999908447266,782
2024-04-10 12:14:00-04:00,104.70999908447266,104.70999908447266,104.66000366210938,104.69000244140625,104.69000244140625,4013
2024-04-10 12:15:00-04:00,104.69999694824219,104.72000122070312,104.66000366210938,104.68000030517578,104.68000030517578,2163
2024-04-10 12:16:00-04:00,104.6707992553711,104.72000122070312,104.6707992553711,104.70999908447266,104.70999908447266,877
2024-04-10 12:17:00-04:00,104.69999694824219,104.69999694824219,104.69999694824219,104.69999694824219,104.69999694824219,3092
2024-04-10 12:18:00-04:00,104.68000030517578,104.68000030517578,104.68000030517578,104.68000030517578,104.68000030517578,743
2024-04-10 12:19:00-04:00,104.69000244140625,104.69000244140625,104.66000366210938,104.66000366210938,104.66000366210938,1092
2024-04-10 12:20:00-04:00,104.66000366210938,104.66000366210938,104.61000061035156,104.61000061035156,104.61000061035156,3201
2024-04-10 12:21:00-04:00,104.56999969482422,104.56999969482422,104.5,104.5,104.5,3318
2024-04-10 12:22:00-04:00,104.5,104.5,104.5,104.5,104.5,977
2024-04-10 12:23:00-04:00,104.5199966430664,104.55999755859375,104.5199966430664,104.55999755859375,104.55999755859375,2187
2024-04-10 12:24:00-04:00,104.58000183105469,104.5999984741211,104.52999877929688,104.54000091552734,104.54000091552734,1531
2024-04-10 12:25:00-04:00,104.57990264892578,104.58000183105469,104.52999877929688,104.55000305175781,104.55000305175781,2242
2024-04-10 12:27:00-04:00,104.54000091552734,104.58999633789062,104.54000091552734,104.58999633789062,104.58999633789062,1114
2024-04-10 12:28:00-04:00,104.57499694824219,104.57499694824219,104.55000305175781,104.55000305175781,104.55000305175781,768
2024-04-10 12:29:00-04:00,104.52999877929688,104.56999969482422,104.52999877929688,104.56999969482422,104.56999969482422,1214
2024-04-10 12:30:00-04:00,104.56999969482422,104.56999969482422,104.56999969482422,104.56999969482422,104.56999969482422,533
2024-04-10 12:31:00-04:00,104.58999633789062,104.62000274658203,104.58999633789062,104.62000274658203,104.62000274658203,1358
2024-04-10 12:32:00-04:00,104.62000274658203,104.62000274658203,104.62000274658203,104.62000274658203,104.62000274658203,889
2024-04-10 12:33:00-04:00,104.62999725341797,104.62999725341797,104.62999725341797,104.62999725341797,104.62999725341797,298
2024-04-10 12:34:00-04:00,104.66000366210938,104.72000122070312,104.66000366210938,104.72000122070312,104.72000122070312,1392
2024-04-10 12:35:00-04:00,104.69999694824219,104.73999786376953,104.69999694824219,104.73999786376953,104.73999786376953,458
2024-04-10 12:36:00-04:00,104.7699966430664,104.7699966430664,104.76000213623047,104.76000213623047,104.76000213623047,874
2024-04-10 12:37:00-04:00,104.76000213623047,104.76589965820312,104.76000213623047,104.76589965820312,104.76589965820312,1604
2024-04-10 12:39:00-04:00,104.74500274658203,104.74500274658203,104.68000030517578,104.68000030517578,104.68000030517578,3259
2024-04-10 12:40:00-04:00,104.66999816894531,104.68000030517578,104.66999816894531,104.68000030517578,104.68000030517578,1381
2024-04-10 12:41:00-04:00,104.63999938964844,104.63999938964844,104.51000213623047,104.55999755859375,104.55999755859375,22561
2024-04-10 12:42:00-04:00,104.58000183105469,104.65989685058594,104.58000183105469,104.65989685058594,104.65989685058594,1148
2024-04-10 12:44:00-04:00,104.63990020751953,104.63990020751953,104.61000061035156,104.62699890136719,104.62699890136719,2294
2024-04-10 12:45:00-04:00,104.55999755859375,104.55999755859375,104.54000091552734,104.54000091552734,104.54000091552734,1964
2024-04-10 12:46:00-04:00,104.4800033569336,104.4800033569336,104.4800033569336,104.4800033569336,104.4800033569336,532
2024-04-10 12:48:00-04:00,104.51000213623047,104.51000213623047,104.5,104.5,104.5,2450
2024-04-10 12:49:00-04:00,104.44000244140625,104.44000244140625,104.44000244140625,104.44000244140625,104.44000244140625,669
2024-04-10 12:50:00-04:00,104.41999816894531,104.48999786376953,104.3499984741211,104.48999786376953,104.48999786376953,5518
2024-04-10 12:51:00-04:00,104.48999786376953,104.48999786376953,104.41000366210938,104.41000366210938,104.41000366210938,1392
2024-04-10 12:52:00-04:00,104.40730285644531,104.44000244140625,104.40730285644531,104.44000244140625,104.44000244140625,3233
2024-04-10 12:53:00-04:00,104.48999786376953,104.48999786376953,104.48999786376953,104.48999786376953,104.48999786376953,299
2024-04-10 12:54:00-04:00,104.56999969482422,104.56999969482422,104.5199966430664,104.5199966430664,104.5199966430664,2316
2024-04-10 12:55:00-04:00,104.5199966430664,104.58989715576172,104.5199966430664,104.58989715576172,104.58989715576172,732
2024-04-10 12:56:00-04:00,104.55500030517578,104.55500030517578,104.5,104.5,104.5,1064
2024-04-10 12:57:00-04:00,104.5,104.5,104.5,104.5,104.5,852
2024-04-10 12:59:00-04:00,104.51499938964844,104.51499938964844,104.4749984741211,104.4749984741211,104.4749984741211,1004
2024-04-10 13:00:00-04:00,104.49500274658203,104.49500274658203,104.49500274658203,104.49500274658203,104.49500274658203,1401
2024-04-10 13:01:00-04:00,104.45999908447266,104.4800033569336,104.36000061035156,104.37999725341797,104.37999725341797,4255
2024-04-10 13:02:00-04:00,104.31500244140625,104.33290100097656,104.31500244140625,104.33290100097656,104.33290100097656,1724
2024-04-10 13:03:00-04:00,104.31999969482422,104.33000183105469,104.20999908447266,104.22000122070312,104.22000122070312,4816
2024-04-10 13:04:00-04:00,104.12999725341797,104.12999725341797,104.1050033569336,104.1050033569336,104.1050033569336,1378
2024-04-10 13:05:00-04:00,104.12999725341797,104.12999725341797,104.01000213623047,104.05999755859375,104.05999755859375,925
2024-04-10 13:06:00-04:00,104.11000061035156,104.11000061035156,104.05999755859375,104.06210327148438,104.06210327148438,1516
2024-04-10 13:07:00-04:00,104.01000213623047,104.05999755859375,103.9800033569336,104.05999755859375,104.05999755859375,4885
2024-04-10 13:08:00-04:00,104.03620147705078,104.03620147705078,104.02490234375,104.02490234375,104.02490234375,1441
2024-04-10 13:09:00-04:00,104.01000213623047,104.03500366210938,104.0,104.01750183105469,104.01750183105469,1369
2024-04-10 13:11:00-04:00,104.02999877929688,104.06999969482422,104.02999877929688,104.03500366210938,104.03500366210938,4874
2024-04-10 13:12:00-04:00,104.06999969482422,104.08000183105469,104.06999969482422,104.08000183105469,104.08000183105469,1491
2024-04-10 13:13:00-04:00,104.13999938964844,104.13999938964844,104.13999938964844,104.13999938964844,104.13999938964844,399
2024-04-10 13:14:00-04:00,104.16999816894531,104.19999694824219,104.1500015258789,104.18000030517578,104.18000030517578,4601
2024-04-10 13:15:00-04:00,104.11000061035156,104.11000061035156,104.05999755859375,104.05999755859375,104.05999755859375,3492
2024-04-10 13:17:00-04:00,104.08999633789062,104.19999694824219,104.08999633789062,104.19999694824219,104.19999694824219,2069
2024-04-10 13:18:00-04:00,104.19499969482422,104.19499969482422,104.11000061035156,104.11000061035156,104.11000061035156,2521
2024-04-10 13:19:00-04:00,104.31999969482422,104.3499984741211,104.31999969482422,104.3499984741211,104.3499984741211,1516
2024-04-10 13:20:00-04:00,104.44000244140625,104.44999694824219,104.44000244140625,104.44999694824219,104.44999694824219,585
2024-04-10 13:21:00-04:00,104.48999786376953,104.48999786376953,104.4800033569336,104.48999786376953,104.48999786376953,651
2024-04-10 13:22:00-04:00,104.48999786376953,104.69999694824219,104.48999786376953,104.69999694824219,104.69999694824219,1873
2024-04-10 13:23:00-04:00,104.68000030517578,104.69499969482422,104.68000030517578,104.69499969482422,104.69499969482422,1140
2024-04-10 13:24:00-04:00,104.69000244140625,104.7300033569336,104.69000244140625,104.7300033569336,104.7300033569336,1247
2024-04-10 13:25:00-04:00,104.70500183105469,104.76000213623047,104.69999694824219,104.76000213623047,104.76000213623047,2673
2024-04-10 13:26:00-04:00,104.75,104.80999755859375,104.75,104.80999755859375,104.80999755859375,1051
2024-04-10 13:27:00-04:00,104.81999969482422,104.83999633789062,104.7300033569336,104.75,104.75,2668
2024-04-10 13:28:00-04:00,104.7300033569336,104.81999969482422,104.7300033569336,104.75,104.75,2185
2024-04-10 13:29:00-04:00,104.75,104.75,104.69000244140625,104.7300033569336,104.7300033569336,1669
2024-04-10 13:30:00-04:00,104.70500183105469,104.70500183105469,104.69499969482422,104.69499969482422,104.69499969482422,2642
2024-04-10 13:31:00-04:00,104.58999633789062,104.65499877929688,104.58999633789062,104.65499877929688,104.65499877929688,1094
2024-04-10 13:32:00-04:00,104.55000305175781,104.58499908447266,104.43000030517578,104.43000030517578,104.43000030517578,1644
2024-04-10 13:33:00-04:00,104.36000061035156,104.36000061035156,104.36000061035156,104.36000061035156,104.36000061035156,680
2024-04-10 13:34:00-04:00,104.36000061035156,104.4000015258789,104.36000061035156,104.37999725341797,104.37999725341797,1317
2024-04-10 13:35:00-04:00,104.30000305175781,104.30000305175781,104.30000305175781,104.30000305175781,104.30000305175781,1213
2024-04-10 13:36:00-04:00,104.26000213623047,104.3499984741211,104.25,104.3499984741211,104.3499984741211,2477
2024-04-10 13:37:00-04:00,104.30500030517578,104.30500030517578,104.27999877929688,104.27999877929688,104.27999877929688,746
2024-04-10 13:39:00-04:00,104.30000305175781,104.30000305175781,104.2300033569336,104.25,104.25,1747
2024-04-10 13:40:00-04:00,104.2699966430664,104.30000305175781,104.2699966430664,104.2699966430664,104.2699966430664,2351
2024-04-10 13:41:00-04:00,104.25,104.31999969482422,104.25,104.31999969482422,104.31999969482422,927
2024-04-10 13:42:00-04:00,104.33000183105469,104.33000183105469,104.33000183105469,104.33000183105469,104.33000183105469,527
2024-04-10 13:43:00-04:00,104.41000366210938,104.47000122070312,104.41000366210938,104.41000366210938,104.41000366210938,2506
2024-04-10 13:44:00-04:00,104.44000244140625,104.44000244140625,104.3499984741211,104.3499984741211,104.3499984741211,1768
2024-04-10 13:45:00-04:00,104.37000274658203,104.37000274658203,104.33999633789062,104.33999633789062,104.33999633789062,712
2024-04-10 13:47:00-04:00,104.41000366210938,104.41000366210938,104.41000366210938,104.41000366210938,104.41000366210938,455
2024-04-10 13:48:00-04:00,104.44000244140625,104.44000244140625,104.4000015258789,104.4000015258789,104.4000015258789,1414
2024-04-10 13:49:00-04:00,104.41000366210938,104.5199966430664,104.41000366210938,104.5199966430664,104.5199966430664,1231
2024-04-10 13:50:00-04:00,104.5,104.54000091552734,104.44000244140625,104.44000244140625,104.44000244140625,2179
2024-04-10 13:51:00-04:00,104.47000122070312,104.47000122070312,104.45999908447266,104.45999908447266,104.45999908447266,981
2024-04-10 13:52:00-04:00,104.5,104.5,104.5,104.5,104.5,696
2024-04-10 13:53:00-04:00,104.55999755859375,104.55999755859375,104.55999755859375,104.55999755859375,104.55999755859375,208
2024-04-10 13:54:00-04:00,104.55500030517578,104.55500030517578,104.55500030517578,104.55500030517578,104.55500030517578,761
2024-04-10 13:55:00-04:00,104.55999755859375,104.55999755859375,104.55999755859375,104.55999755859375,104.55999755859375,423
2024-04-10 13:56:00-04:00,104.5636978149414,104.7300033569336,104.5636978149414,104.7300033569336,104.7300033569336,4709
2024-04-10 13:57:00-04:00,104.875,104.875,104.83000183105469,104.83000183105469,104.83000183105469,568
2024-04-10 13:58:00-04:00,104.84500122070312,104.84500122070312,104.76000213623047,104.7699966430664,104.7699966430664,4556
2024-04-10 13:59:00-04:00,104.7699966430664,104.80999755859375,104.7699966430664,104.80249786376953,104.80249786376953,858
2024-04-10 14:00:00-04:00,104.8499984741211,104.88999938964844,104.70999908447266,104.70999908447266,104.70999908447266,2405
2024-04-10 14:01:00-04:00,104.80999755859375,104.83999633789062,104.7699966430664,104.7699966430664,104.7699966430664,987
2024-04-10 14:03:00-04:00,104.72000122070312,104.77999877929688,104.72000122070312,104.7300033569336,104.7300033569336,845
2024-04-10 14:04:00-04:00,104.77999877929688,104.77999877929688,104.73999786376953,104.73999786376953,104.73999786376953,1057
2024-04-10 14:06:00-04:00,104.73999786376953,104.73999786376953,104.73999786376953,104.73999786376953,104.73999786376953,593
2024-04-10 14:07:00-04:00,104.70999908447266,104.70999908447266,104.63999938964844,104.63999938964844,104.63999938964844,1916
2024-04-10 14:09:00-04:00,104.68000030517578,104.68499755859375,104.68000030517578,104.68499755859375,104.68499755859375,574
2024-04-10 14:10:00-04:00,104.72000122070312,104.72000122070312,104.72000122070312,104.72000122070312,104.72000122070312,351
2024-04-10 14:11:00-04:00,104.69499969482422,104.69499969482422,104.58999633789062,104.58999633789062,104.58999633789062,2566
2024-04-10 14:12:00-04:00,104.66000366210938,104.66000366210938,104.6500015258789,104.6500015258789,104.6500015258789,946
2024-04-10 14:13:00-04:00,104.63999938964844,104.66000366210938,104.63999938964844,104.66000366210938,104.66000366210938,343
2024-04-10 14:14:00-04:00,104.6449966430664,104.6449966430664,104.55999755859375,104.57499694824219,104.57499694824219,1579
2024-04-10 14:15:00-04:00,104.66999816894531,104.66999816894531,104.66999816894531,104.66999816894531,104.66999816894531,694
2024-04-10 14:16:00-04:00,104.61000061035156,104.63999938964844,104.61000061035156,104.63999938964844,104.63999938964844,1231
2024-04-10 14:17:00-04:00,104.63500213623047,104.63500213623047,104.63500213623047,104.63500213623047,104.63500213623047,732
2024-04-10 14:18:00-04:00,104.45999908447266,104.45999908447266,104.45999908447266,104.45999908447266,104.45999908447266,1041
2024-04-10 14:20:00-04:00,104.4800033569336,104.55999755859375,104.4800033569336,104.55999755859375,104.55999755859375,973
2024-04-10 14:21:00-04:00,104.56999969482422,104.56999969482422,104.56999969482422,104.56999969482422,104.56999969482422,1105
2024-04-10 14:22:00-04:00,104.4800033569336,104.4800033569336,104.47000122070312,104.4749984741211,104.4749984741211,1672
2024-04-10 14:23:00-04:00,104.37000274658203,104.37000274658203,104.37000274658203,104.37000274658203,104.37000274658203,107
2024-04-10 14:24:00-04:00,104.375,104.375,104.375,104.375,104.375,226
2024-04-10 14:25:00-04:00,104.3499984741211,104.3499984741211,104.3499984741211,104.3499984741211,104.3499984741211,1731
2024-04-10 14:27:00-04:00,104.4000015258789,104.41000366210938,104.4000015258789,104.41000366210938,104.41000366210938,821
2024-04-10 14:28:00-04:00,104.33000183105469,104.33000183105469,104.30000305175781,104.31500244140625,104.31500244140625,1029
2024-04-10 14:29:00-04:00,104.33000183105469,104.33000183105469,104.33000183105469,104.33000183105469,104.33000183105469,795
2024-04-10 14:30:00-04:00,104.25,104.25,104.25,104.25,104.25,1023
2024-04-10 14:31:00-04:00,104.23999786376953,104.23999786376953,104.23500061035156,104.23500061035156,104.23500061035156,1328
2024-04-10 14:32:00-04:00,104.2300033569336,104.23999786376953,104.2300033569336,104.23999786376953,104.23999786376953,1244
2024-04-10 14:33:00-04:00,104.19999694824219,104.2300033569336,104.19499969482422,104.19499969482422,104.19499969482422,505
2024-04-10 14:34:00-04:00,104.19400024414062,104.19400024414062,104.19400024414062,104.19400024414062,104.19400024414062,797
2024-04-10 14:35:00-04:00,104.19999694824219,104.22000122070312,104.19000244140625,104.22000122070312,104.22000122070312,2927
2024-04-10 14:36:00-04:00,104.22000122070312,104.23999786376953,104.13999938964844,104.13999938964844,104.13999938964844,2831
2024-04-10 14:37:00-04:00,104.16999816894531,104.18000030517578,104.16000366210938,104.16000366210938,104.16000366210938,1251
2024-04-10 14:38:00-04:00,104.19999694824219,104.20999908447266,104.19000244140625,104.19499969482422,104.19499969482422,1955
2024-04-10 14:39:00-04:00,104.17500305175781,104.17500305175781,104.11000061035156,104.14990234375,104.14990234375,2221
2024-04-10 14:40:00-04:00,104.16000366210938,104.16999816894531,104.15499877929688,104.15499877929688,104.15499877929688,949
2024-04-10 14:41:00-04:00,104.16999816894531,104.16999816894531,104.16999816894531,104.16999816894531,104.16999816894531,389
2024-04-10 14:42:00-04:00,104.12000274658203,104.16999816894531,104.1050033569336,104.16999816894531,104.16999816894531,2996
2024-04-10 14:43:00-04:00,104.08999633789062,104.08999633789062,104.08999633789062,104.08999633789062,104.08999633789062,1091
2024-04-10 14:44:00-04:00,104.13500213623047,104.1500015258789,104.12000274658203,104.14810180664062,104.14810180664062,1345
2024-04-10 14:45:00-04:00,104.12000274658203,104.12000274658203,104.12000274658203,104.12000274658203,104.12000274658203,571
2024-04-10 14:46:00-04:00,104.12000274658203,104.1500015258789,104.11000061035156,104.11000061035156,104.11000061035156,1353
2024-04-10 14:47:00-04:00,104.06999969482422,104.12000274658203,104.06999969482422,104.12000274658203,104.12000274658203,1739
2024-04-10 14:48:00-04:00,104.08000183105469,104.08000183105469,104.08000183105469,104.08000183105469,104.08000183105469,1885
2024-04-10 14:49:00-04:00,104.08000183105469,104.08000183105469,104.08000183105469,104.08000183105469,104.08000183105469,744
2024-04-10 14:50:00-04:00,104.03600311279297,104.16999816894531,104.01000213623047,104.16999816894531,104.16999816894531,10725
2024-04-10 14:51:00-04:00,104.0999984741211,104.0999984741211,104.01000213623047,104.05999755859375,104.05999755859375,20492
2024-04-10 14:52:00-04:00,104.08000183105469,104.12999725341797,103.9800033569336,103.99500274658203,103.99500274658203,6294
2024-04-10 14:53:00-04:00,104.00499725341797,104.00499725341797,103.96499633789062,103.96499633789062,103.96499633789062,2156
2024-04-10 14:54:00-04:00,103.97010040283203,103.97010040283203,103.91999816894531,103.93499755859375,103.93499755859375,8664
2024-04-10 14:55:00-04:00,103.91000366210938,103.91000366210938,103.75,103.76000213623047,103.76000213623047,139665
2024-04-10 14:56:00-04:00,103.76499938964844,103.80500030517578,103.62000274658203,103.62000274658203,103.62000274658203,31787
2024-04-10 14:57:00-04:00,103.63999938964844,103.70500183105469,103.55000305175781,103.58000183105469,103.58000183105469,13663
2024-04-10 14:58:00-04:00,103.54000091552734,103.6500015258789,103.54000091552734,103.63999938964844,103.63999938964844,7337
2024-04-10 14:59:00-04:00,103.61000061035156,103.66000366210938,103.5999984741211,103.6449966430664,103.6449966430664,6680
2024-04-10 15:00:00-04:00,103.58999633789062,103.63999938964844,103.56999969482422,103.63999938964844,103.63999938964844,6477
2024-04-10 15:01:00-04:00,103.66999816894531,103.79000091552734,103.62999725341797,103.62999725341797,103.62999725341797,5362
2024-04-10 15:02:00-04:00,103.63999938964844,103.66999816894531,103.62000274658203,103.63999938964844,103.63999938964844,2247
2024-04-10 15:03:00-04:00,103.66999816894531,103.73999786376953,103.66999816894531,103.7300033569336,103.7300033569336,1520
2024-04-10 15:04:00-04:00,103.73999786376953,103.79000091552734,103.6500015258789,103.69999694824219,103.69999694824219,3671
2024-04-10 15:05:00-04:00,103.72000122070312,103.72000122070312,103.63999938964844,103.64920043945312,103.64920043945312,2322
2024-04-10 15:06:00-04:00,103.62999725341797,103.69000244140625,103.62999725341797,103.65750122070312,103.65750122070312,1620
2024-04-10 15:07:00-04:00,103.65499877929688,103.77999877929688,103.65499877929688,103.77999877929688,103.77999877929688,3496
2024-04-10 15:08:00-04:00,103.79000091552734,103.79000091552734,103.71499633789062,103.7300033569336,103.7300033569336,4275
2024-04-10 15:09:00-04:00,103.73999786376953,103.7699966430664,103.73999786376953,103.76000213623047,103.76000213623047,5320
2024-04-10 15:10:00-04:00,103.8499984741211,103.85489654541016,103.8499984741211,103.85489654541016,103.85489654541016,884
2024-04-10 15:11:00-04:00,103.8499984741211,103.94000244140625,103.8499984741211,103.94000244140625,103.94000244140625,2436
2024-04-10 15:12:00-04:00,103.91999816894531,103.91999816894531,103.87000274658203,103.88500213623047,103.88500213623047,2138
2024-04-10 15:13:00-04:00,103.88500213623047,104.01000213623047,103.88500213623047,104.01000213623047,104.01000213623047,10073
2024-04-10 15:15:00-04:00,104.16999816894531,104.2249984741211,104.16999816894531,104.19000244140625,104.19000244140625,2639
2024-04-10 15:16:00-04:00,104.20249938964844,104.2300033569336,104.19999694824219,104.2300033569336,104.2300033569336,2047
2024-04-10 15:17:00-04:00,104.20999908447266,104.20999908447266,104.16999816894531,104.19499969482422,104.19499969482422,2596
2024-04-10 15:18:00-04:00,106.48999786376953,106.48999786376953,104.05000305175781,104.08999633789062,104.08999633789062,11313
2024-04-10 15:20:00-04:00,104.22000122070312,104.26000213623047,104.22000122070312,104.25,104.25,2188
2024-04-10 15:21:00-04:00,104.25,104.25,104.12999725341797,104.1500015258789,104.1500015258789,2794
2024-04-10 15:22:00-04:00,104.19999694824219,104.20999908447266,104.18499755859375,104.20249938964844,104.20249938964844,2892
2024-04-10 15:23:00-04:00,104.18000030517578,104.18000030517578,104.16999816894531,104.17500305175781,104.17500305175781,1544
2024-04-10 15:24:00-04:00,104.18499755859375,104.31999969482422,104.18499755859375,104.31999969482422,104.31999969482422,2866
2024-04-10 15:25:00-04:00,104.31999969482422,104.37999725341797,104.31999969482422,104.37000274658203,104.37000274658203,1718
2024-04-10 15:26:00-04:00,104.41000366210938,104.41000366210938,104.33000183105469,104.38999938964844,104.38999938964844,2689
2024-04-10 15:27:00-04:00,104.375,104.375,104.31999969482422,104.36000061035156,104.36000061035156,1780
2024-04-10 15:28:00-04:00,104.36000061035156,104.40170288085938,104.3550033569336,104.40170288085938,104.40170288085938,3615
2024-04-10 15:29:00-04:00,104.375,104.375,104.27999877929688,104.28990173339844,104.28990173339844,3168
2024-04-10 15:30:00-04:00,104.26499938964844,104.26499938964844,104.125,104.12999725341797,104.12999725341797,2431
2024-04-10 15:31:00-04:00,104.12999725341797,104.1500015258789,104.0999984741211,104.0999984741211,104.0999984741211,2941
2024-04-10 15:32:00-04:00,104.09500122070312,104.12000274658203,104.0,104.0,104.0,3865
2024-04-10 15:33:00-04:00,104.0,104.0,103.95500183105469,103.95500183105469,103.95500183105469,2619
2024-04-10 15:34:00-04:00,103.94000244140625,103.95999908447266,103.93000030517578,103.95999908447266,103.95999908447266,1783
2024-04-10 15:35:00-04:00,103.94000244140625,103.94000244140625,103.88500213623047,103.94000244140625,103.94000244140625,5012
2024-04-10 15:36:00-04:00,103.93499755859375,103.98999786376953,103.86000061035156,103.86499786376953,103.86499786376953,7484
2024-04-10 15:37:00-04:00,103.8550033569336,103.94999694824219,103.83999633789062,103.93000030517578,103.93000030517578,3787
2024-04-10 15:38:00-04:00,103.93000030517578,103.9800033569336,103.93000030517578,103.95999908447266,103.95999908447266,4424
2024-04-10 15:39:00-04:00,103.95999908447266,103.98999786376953,103.94000244140625,103.94000244140625,103.94000244140625,5169
2024-04-10 15:40:00-04:00,103.95999908447266,104.00499725341797,103.94999694824219,103.9749984741211,103.9749984741211,6349
2024-04-10 15:41:00-04:00,103.98999786376953,104.0199966430664,103.95500183105469,104.01000213623047,104.01000213623047,4968
2024-04-10 15:42:00-04:00,103.98999786376953,103.98999786376953,103.93499755859375,103.94000244140625,103.94000244140625,3099
2024-04-10 15:43:00-04:00,103.94999694824219,104.0250015258789,103.94999694824219,104.01000213623047,104.01000213623047,2994
2024-04-10 15:44:00-04:00,104.01000213623047,104.08000183105469,104.01000213623047,104.05000305175781,104.05000305175781,6445
2024-04-10 15:45:00-04:00,104.04000091552734,104.12000274658203,104.04000091552734,104.11000061035156,104.11000061035156,5330
2024-04-10 15:46:00-04:00,104.11000061035156,104.16999816894531,104.11000061035156,104.16999816894531,104.16999816894531,5976
2024-04-10 15:47:00-04:00,104.16500091552734,104.20999908447266,104.1500015258789,104.1500015258789,104.1500015258789,4937
2024-04-10 15:48:00-04:00,104.16000366210938,104.16000366210938,104.08499908447266,104.10169982910156,104.10169982910156,6340
2024-04-10 15:49:00-04:00,104.1050033569336,104.13999938964844,104.06999969482422,104.06999969482422,104.06999969482422,9142
2024-04-10 15:50:00-04:00,104.11000061035156,104.1500015258789,104.0,104.05000305175781,104.05000305175781,7853
2024-04-10 15:51:00-04:00,104.06500244140625,104.12000274658203,104.04000091552734,104.08999633789062,104.08999633789062,7789
2024-04-10 15:52:00-04:00,104.08499908447266,104.08499908447266,104.0199966430664,104.05999755859375,104.05999755859375,8593
2024-04-10 15:53:00-04:00,104.05999755859375,104.1500015258789,104.04000091552734,104.13999938964844,104.13999938964844,9137
2024-04-10 15:54:00-04:00,104.1500015258789,104.2699966430664,104.125,104.2699966430664,104.2699966430664,20249
2024-04-10 15:55:00-04:00,104.26000213623047,104.4000015258789,104.26000213623047,104.30999755859375,104.30999755859375,22247
2024-04-10 15:56:00-04:00,104.31999969482422,104.36000061035156,104.2699966430664,104.30999755859375,104.30999755859375,16150
2024-04-10 15:57:00-04:00,104.30000305175781,104.3375015258789,104.29000091552734,104.33000183105469,104.33000183105469,26152
2024-04-10 15:58:00-04:00,104.31999969482422,104.33920288085938,104.30500030517578,104.31999969482422,104.31999969482422,16243
2024-04-10 15:59:00-04:00,104.32499694824219,104.33740234375,104.23999786376953,104.26000213623047,104.26000213623047,45497
2024-04-11 09:30:00-04:00,104.43000030517578,104.48999786376953,104.1500015258789,104.48999786376953,104.48999786376953,20907
2024-04-11 09:31:00-04:00,104.54000091552734,104.69000244140625,104.54000091552734,104.69000244140625,104.69000244140625,1814
2024-04-11 09:32:00-04:00,104.58999633789062,104.66999816894531,104.5199966430664,104.5199966430664,104.5199966430664,3258
2024-04-11 09:33:00-04:00,104.52999877929688,104.69000244140625,104.4977035522461,104.69000244140625,104.69000244140625,1230
2024-04-11 09:34:00-04:00,104.75,104.80500030517578,104.70999908447266,104.80500030517578,104.80500030517578,2468
2024-04-11 09:35:00-04:00,104.63999938964844,104.63999938964844,104.4301986694336,104.51000213623047,104.51000213623047,2963
2024-04-11 09:36:00-04:00,104.5999984741211,104.5999984741211,104.36499786376953,104.59989929199219,104.59989929199219,3504
2024-04-11 09:37:00-04:00,104.55999755859375,104.56999969482422,104.50499725341797,104.56999969482422,104.56999969482422,1562
2024-04-11 09:38:00-04:00,104.58000183105469,104.58000183105469,104.58000183105469,104.58000183105469,104.58000183105469,737
2024-04-11 09:39:00-04:00,104.80000305175781,104.80000305175781,104.5999984741211,104.61499786376953,104.61499786376953,1278
2024-04-11 09:40:00-04:00,104.68000030517578,104.68000030517578,104.53500366210938,104.6500015258789,104.6500015258789,1848
2024-04-11 09:41:00-04:00,104.68000030517578,104.87999725341797,104.68000030517578,104.87999725341797,104.87999725341797,1610
2024-04-11 09:42:00-04:00,104.79000091552734,104.87999725341797,104.79000091552734,104.79000091552734,104.79000091552734,1605
2024-04-11 09:43:00-04:00,104.77999877929688,104.77999877929688,104.74340057373047,104.74340057373047,104.74340057373047,727
2024-04-11 09:44:00-04:00,104.68499755859375,104.83000183105469,104.68499755859375,104.81999969482422,104.81999969482422,1562
2024-04-11 09:45:00-04:00,104.80999755859375,104.81999969482422,104.69499969482422,104.72250366210938,104.72250366210938,3589
2024-04-11 09:46:00-04:00,104.61000061035156,104.61000061035156,104.61000061035156,104.61000061035156,104.61000061035156,1149
2024-04-11 09:47:00-04:00,104.66000366210938,104.70999908447266,104.65499877929688,104.70999908447266,104.70999908447266,841
2024-04-11 09:48:00-04:00,104.69999694824219,104.87000274658203,104.69999694824219,104.79000091552734,104.79000091552734,2112
2024-04-11 09:49:00-04:00,104.88999938964844,104.88999938964844,104.88500213623047,104.88500213623047,104.88500213623047,329
2024-04-11 09:50:00-04:00,105.0,105.04499816894531,105.0,105.04499816894531,105.04499816894531,840
2024-04-11 09:51:00-04:00,105.0199966430664,105.2699966430664,105.01000213623047,105.16999816894531,105.16999816894531,3570
2024-04-11 09:52:00-04:00,105.27999877929688,105.37000274658203,105.18000030517578,105.18000030517578,105.18000030517578,4149
2024-04-11 09:53:00-04:00,105.19999694824219,105.19999694824219,105.08000183105469,105.0999984741211,105.0999984741211,2689
2024-04-11 09:54:00-04:00,105.11000061035156,105.17500305175781,105.08000183105469,105.08000183105469,105.08000183105469,4781
2024-04-11 09:55:00-04:00,105.20999908447266,105.30999755859375,105.19999694824219,105.19999694824219,105.19999694824219,8565
2024-04-11 09:56:00-04:00,105.20999908447266,105.20999908447266,105.19999694824219,105.19999694824219,105.19999694824219,851
2024-04-11 09:57:00-04:00,105.1500015258789,105.1500015258789,105.04499816894531,105.04499816894531,105.04499816894531,2121
2024-04-11 09:58:00-04:00,105.05500030517578,105.12999725341797,105.05500030517578,105.09159851074219,105.09159851074219,906
2024-04-11 09:59:00-04:00,105.16000366210938,105.2300033569336,105.04000091552734,105.18000030517578,105.18000030517578,3492
2024-04-11 10:00:00-04:00,105.15499877929688,105.15499877929688,104.93000030517578,104.93000030517578,104.93000030517578,2075
2024-04-11 10:01:00-04:00,104.88999938964844,104.94999694824219,104.88999938964844,104.94999694824219,104.94999694824219,1683
2024-04-11 10:02:00-04:00,104.87999725341797,104.94000244140625,104.87999725341797,104.94000244140625,104.94000244140625,958
2024-04-11 10:03:00-04:00,104.91999816894531,104.91999816894531,104.9000015258789,104.91999816894531,104.91999816894531,1007
2024-04-11 10:04:00-04:00,104.91000366210938,104.91000366210938,104.70999908447266,104.77999877929688,104.77999877929688,2364
2024-04-11 10:05:00-04:00,104.82350158691406,104.83000183105469,104.82350158691406,104.83000183105469,104.83000183105469,1174
2024-04-11 10:06:00-04:00,104.76000213623047,104.94000244140625,104.76000213623047,104.94000244140625,104.94000244140625,2312
2024-04-11 10:07:00-04:00,104.95999908447266,105.0,104.81999969482422,104.81999969482422,104.81999969482422,2246
2024-04-11 10:08:00-04:00,104.76499938964844,104.83999633789062,104.76000213623047,104.83999633789062,104.83999633789062,1311
2024-04-11 10:09:00-04:00,104.87999725341797,104.87999725341797,104.7699966430664,104.7699966430664,104.7699966430664,4093
2024-04-11 10:10:00-04:00,104.73999786376953,104.80000305175781,104.73999786376953,104.80000305175781,104.80000305175781,1200
2024-04-11 10:11:00-04:00,104.77999877929688,104.77999877929688,104.69000244140625,104.7249984741211,104.7249984741211,1746
2024-04-11 10:12:00-04:00,104.80000305175781,104.86499786376953,104.80000305175781,104.86499786376953,104.86499786376953,1060
2024-04-11 10:13:00-04:00,104.87000274658203,104.9800033569336,104.87000274658203,104.9800033569336,104.9800033569336,1415
2024-04-11 10:14:00-04:00,104.98999786376953,105.0199966430664,104.87999725341797,105.0199966430664,105.0199966430664,1509
2024-04-11 10:15:00-04:00,104.97000122070312,104.97000122070312,104.60040283203125,104.60040283203125,104.60040283203125,4598
2024-04-11 10:17:00-04:00,104.63999938964844,104.63999938964844,104.5999984741211,104.62000274658203,104.62000274658203,1439
2024-04-11 10:18:00-04:00,104.7300033569336,104.7300033569336,104.62000274658203,104.62000274658203,104.62000274658203,1246
2024-04-11 10:19:00-04:00,104.62999725341797,104.62999725341797,104.58000183105469,104.58000183105469,104.58000183105469,4213
2024-04-11 10:20:00-04:00,104.45999908447266,104.5,104.43000030517578,104.5,104.5,2977
2024-04-11 10:21:00-04:00,104.51000213623047,104.52999877929688,104.51000213623047,104.52999877929688,104.52999877929688,700
2024-04-11 10:22:00-04:00,104.53759765625,104.53759765625,104.37999725341797,104.37999725341797,104.37999725341797,1576
2024-04-11 10:23:00-04:00,104.375,104.375,104.375,104.375,104.375,1018
2024-04-11 10:24:00-04:00,104.27999877929688,104.33999633789062,104.16999816894531,104.33999633789062,104.33999633789062,2743
2024-04-11 10:25:00-04:00,104.4000015258789,104.4000015258789,104.26000213623047,104.26000213623047,104.26000213623047,1329
2024-04-11 10:26:00-04:00,104.25,104.2750015258789,104.25,104.26000213623047,104.26000213623047,1958
2024-04-11 10:27:00-04:00,104.22000122070312,104.30000305175781,104.22000122070312,104.30000305175781,104.30000305175781,1291
2024-04-11 10:28:00-04:00,104.26000213623047,104.26000213623047,104.16000366210938,104.16000366210938,104.16000366210938,2749
2024-04-11 10:29:00-04:00,104.2300033569336,104.2300033569336,104.2300033569336,104.2300033569336,104.2300033569336,186
2024-04-11 10:30:00-04:00,104.22000122070312,104.29000091552734,104.19999694824219,104.26000213623047,104.26000213623047,2133
2024-04-11 10:31:00-04:00,104.41999816894531,104.5,104.41999816894531,104.5,104.5,1762
2024-04-11 10:32:00-04:00,104.5,104.51000213623047,104.41999816894531,104.47000122070312,104.47000122070312,1681
2024-04-11 10:33:00-04:00,104.5,104.5,104.45500183105469,104.45999908447266,104.45999908447266,1295
2024-04-11 10:34:00-04:00,104.45999908447266,104.45999908447266,104.41000366210938,104.41000366210938,104.41000366210938,1269
2024-04-11 10:35:00-04:00,104.36499786376953,104.36499786376953,104.30000305175781,104.31500244140625,104.31500244140625,1786
2024-04-11 10:36:00-04:00,104.33740234375,104.4000015258789,104.33740234375,104.4000015258789,104.4000015258789,715
2024-04-11 10:37:00-04:00,104.4000015258789,104.5,104.4000015258789,104.5,104.5,1935
2024-04-11 10:38:00-04:00,104.51000213623047,104.55000305175781,104.51000213623047,104.55000305175781,104.55000305175781,1525
2024-04-11 10:39:00-04:00,104.41999816894531,104.55999755859375,104.4000015258789,104.55999755859375,104.55999755859375,3687
2024-04-11 10:40:00-04:00,104.45999908447266,104.45999908447266,104.41999816894531,104.41999816894531,104.41999816894531,1145
2024-04-11 10:42:00-04:00,104.37000274658203,104.54750061035156,104.37000274658203,104.46499633789062,104.46499633789062,7530
2024-04-11 10:43:00-04:00,104.45999908447266,104.45999908447266,104.41999816894531,104.44000244140625,104.44000244140625,157
2024-04-11 10:44:00-04:00,104.54000091552734,104.54000091552734,104.54000091552734,104.54000091552734,104.54000091552734,372
2024-04-11 10:45:00-04:00,104.56500244140625,104.58999633789062,104.47000122070312,104.5250015258789,104.5250015258789,2547
2024-04-11 10:46:00-04:00,104.3949966430664,104.41999816894531,104.37000274658203,104.41999816894531,104.41999816894531,1074
2024-04-11 10:48:00-04:00,104.44000244140625,104.45999908447266,104.44000244140625,104.44999694824219,104.44999694824219,7718
2024-04-11 10:49:00-04:00,104.36000061035156,104.36000061035156,104.36000061035156,104.36000061035156,104.36000061035156,1045
2024-04-11 10:50:00-04:00,104.43000030517578,104.44999694824219,104.41999816894531,104.41999816894531,104.41999816894531,1365
2024-04-11 10:51:00-04:00,104.44999694824219,104.45999908447266,104.44999694824219,104.45999908447266,104.45999908447266,2610
2024-04-11 10:52:00-04:00,104.36000061035156,104.37000274658203,104.3499984741211,104.37000274658203,104.37000274658203,889
2024-04-11 10:53:00-04:00,104.3499984741211,104.3499984741211,104.3499984741211,104.3499984741211,104.3499984741211,464
2024-04-11 10:54:00-04:00,104.43499755859375,104.43499755859375,104.43499755859375,104.43499755859375,104.43499755859375,480
2024-04-11 10:55:00-04:00,104.51000213623047,104.51000213623047,104.47000122070312,104.48999786376953,104.48999786376953,1180
2024-04-11 10:56:00-04:00,104.51000213623047,104.51000213623047,104.51000213623047,104.51000213623047,104.51000213623047,847
2024-04-11 10:57:00-04:00,104.45999908447266,104.5199966430664,104.45999908447266,104.51000213623047,104.51000213623047,1345
2024-04-11 10:58:00-04:00,104.50499725341797,104.50499725341797,104.40499877929688,104.40499877929688,104.40499877929688,2669
2024-04-11 10:59:00-04:00,104.41999816894531,104.44000244140625,104.37000274658203,104.44000244140625,104.44000244140625,1634
2024-04-11 11:00:00-04:00,104.2300033569336,104.2750015258789,104.2300033569336,104.25499725341797,104.25499725341797,732
2024-04-11 11:01:00-04:00,104.25,104.25,104.25,104.25,104.25,142
2024-04-11 11:02:00-04:00,104.23999786376953,104.3499984741211,104.23999786376953,104.3499984741211,104.3499984741211,1788
2024-04-11 11:03:00-04:00,104.3499984741211,104.44000244140625,104.3499984741211,104.44000244140625,104.44000244140625,1365
2024-04-11 11:04:00-04:00,104.45040130615234,104.45040130615234,104.29000091552734,104.29000091552734,104.29000091552734,1797
2024-04-11 11:05:00-04:00,104.36190032958984,104.36190032958984,104.36190032958984,104.36190032958984,104.36190032958984,2464
2024-04-11 11:06:00-04:00,104.4000015258789,104.40499877929688,104.4000015258789,104.40499877929688,104.40499877929688,1586
2024-04-11 11:07:00-04:00,104.47000122070312,104.47000122070312,104.47000122070312,104.47000122070312,104.47000122070312,589
2024-04-11 11:08:00-04:00,104.4000015258789,104.4000015258789,104.4000015258789,104.4000015258789,104.4000015258789,1482
2024-04-11 11:09:00-04:00,104.41999816894531,104.41999816894531,104.41999816894531,104.41999816894531,104.41999816894531,604
2024-04-11 11:10:00-04:00,104.37000274658203,104.37000274658203,104.37000274658203,104.37000274658203,104.37000274658203,1245
2024-04-11 11:11:00-04:00,104.45999908447266,104.45999908447266,104.45999908447266,104.45999908447266,104.45999908447266,395
2024-04-11 11:12:00-04:00,104.48040008544922,104.48040008544922,104.44999694824219,104.44999694824219,104.44999694824219,1327
2024-04-11 11:13:00-04:00,104.54000091552734,104.54000091552734,104.54000091552734,104.54000091552734,104.54000091552734,653
2024-04-11 11:14:00-04:00,104.54000091552734,104.54000091552734,104.47000122070312,104.48999786376953,104.48999786376953,2521
2024-04-11 11:15:00-04:00,104.55500030517578,104.58999633789062,104.5199966430664,104.54000091552734,104.54000091552734,3694
2024-04-11 11:16:00-04:00,104.5999984741211,104.5999984741211,104.5999984741211,104.5999984741211,104.5999984741211,1042
2024-04-11 11:17:00-04:00,104.66999816894531,104.66999816894531,104.66000366210938,104.66000366210938,104.66000366210938,646
2024-04-11 11:18:00-04:00,104.66000366210938,104.66999816894531,104.66000366210938,104.66999816894531,104.66999816894531,769
2024-04-11 11:19:00-04:00,104.66999816894531,104.66999816894531,104.66999816894531,104.66999816894531,104.66999816894531,487
2024-04-11 11:20:00-04:00,104.6500015258789,104.69000244140625,104.6449966430664,104.68000030517578,104.68000030517578,3639
2024-04-11 11:21:00-04:00,104.68000030517578,104.72000122070312,104.68000030517578,104.72000122070312,104.72000122070312,1473
2024-04-11 11:22:00-04:00,104.76000213623047,104.76000213623047,104.76000213623047,104.76000213623047,104.76000213623047,253
2024-04-11 11:23:00-04:00,104.7750015258789,104.7750015258789,104.7750015258789,104.7750015258789,104.7750015258789,965
2024-04-11 11:24:00-04:00,104.69999694824219,104.75,104.69999694824219,104.75,104.75,1690
2024-04-11 11:26:00-04:00,104.68000030517578,104.68000030517578,104.65499877929688,104.65499877929688,104.65499877929688,958
2024-04-11 11:27:00-04:00,104.68000030517578,104.72000122070312,104.68000030517578,104.72000122070312,104.72000122070312,1110
2024-04-11 11:28:00-04:00,104.69000244140625,104.69000244140625,104.69000244140625,104.69000244140625,104.69000244140625,818
2024-04-11 11:29:00-04:00,104.72000122070312,104.72000122070312,104.72000122070312,104.72000122070312,104.72000122070312,1181
2024-04-11 11:30:00-04:00,104.66000366210938,104.66999816894531,104.66000366210938,104.66999816894531,104.66999816894531,905
2024-04-11 11:32:00-04:00,104.70999908447266,104.70999908447266,104.70999908447266,104.70999908447266,104.70999908447266,990
2024-04-11 11:33:00-04:00,104.71410369873047,104.71410369873047,104.55000305175781,104.55000305175781,104.55000305175781,1704
2024-04-11 11:34:00-04:00,104.57550048828125,104.57550048828125,104.56999969482422,104.56999969482422,104.56999969482422,1447
2024-04-11 11:35:00-04:00,104.62999725341797,104.62999725341797,104.62999725341797,104.62999725341797,104.62999725341797,597
2024-04-11 11:36:00-04:00,104.58000183105469,104.58000183105469,104.58000183105469,104.58000183105469,104.58000183105469,734
2024-04-11 11:37:00-04:00,104.58000183105469,104.62000274658203,104.58000183105469,104.58999633789062,104.58999633789062,1479
2024-04-11 11:39:00-04:00,104.61000061035156,104.61000061035156,104.61000061035156,104.61000061035156,104.61000061035156,1237
2024-04-11 11:40:00-04:00,104.68000030517578,104.68000030517578,104.68000030517578,104.68000030517578,104.68000030517578,1377
2024-04-11 11:41:00-04:00,104.69000244140625,104.69000244140625,104.69000244140625,104.69000244140625,104.69000244140625,278
2024-04-11 11:42:00-04:00,104.7249984741211,104.7249984741211,104.7249984741211,104.7249984741211,104.7249984741211,2930
2024-04-11 11:44:00-04:00,104.6500015258789,104.6500015258789,104.58000183105469,104.58000183105469,104.58000183105469,1027
2024-04-11 11:45:00-04:00,104.56999969482422,104.58000183105469,104.56999969482422,104.58000183105469,104.58000183105469,581
2024-04-11 11:46:00-04:00,104.62000274658203,104.62000274658203,104.62000274658203,104.62000274658203,104.62000274658203,643
2024-04-11 11:47:00-04:00,104.66000366210938,104.66000366210938,104.66000366210938,104.66000366210938,104.66000366210938,360
2024-04-11 11:48:00-04:00,104.58000183105469,104.63999938964844,104.58000183105469,104.62999725341797,104.62999725341797,3348
2024-04-11 11:49:00-04:00,104.63999938964844,104.63999938964844,104.63999938964844,104.63999938964844,104.63999938964844,767
2024-04-11 11:50:00-04:00,104.61000061035156,104.61000061035156,104.61000061035156,104.61000061035156,104.61000061035156,410
2024-04-11 11:51:00-04:00,104.62999725341797,104.62999725341797,104.62000274658203,104.62999725341797,104.62999725341797,1178
2024-04-11 11:52:00-04:00,104.62999725341797,104.66000366210938,104.62000274658203,104.66000366210938,104.66000366210938,2625
2024-04-11 11:53:00-04:00,104.63999938964844,104.63999938964844,104.62999725341797,104.62999725341797,104.62999725341797,453
2024-04-11 11:54:00-04:00,104.66809844970703,104.73999786376953,104.66809844970703,104.73999786376953,104.73999786376953,9366
2024-04-11 11:55:00-04:00,104.75,104.80000305175781,104.73819732666016,104.79000091552734,104.79000091552734,2669
2024-04-11 11:56:00-04:00,104.81999969482422,104.8499984741211,104.81999969482422,104.83999633789062,104.83999633789062,3341
2024-04-11 11:57:00-04:00,104.86000061035156,104.87999725341797,104.86000061035156,104.87000274658203,104.87000274658203,936
2024-04-11 11:58:00-04:00,104.93000030517578,104.93000030517578,104.9000015258789,104.91400146484375,104.91400146484375,2050
2024-04-11 11:59:00-04:00,104.9000015258789,104.9000015258789,104.9000015258789,104.9000015258789,104.9000015258789,732
2024-04-11 12:00:00-04:00,104.83999633789062,104.91000366210938,104.83999633789062,104.91000366210938,104.91000366210938,1943
2024-04-11 12:01:00-04:00,104.8499984741211,104.8499984741211,104.8499984741211,104.8499984741211,104.8499984741211,424
2024-04-11 12:02:00-04:00,104.88999938964844,104.88999938964844,104.81999969482422,104.83999633789062,104.83999633789062,2215
2024-04-11 12:04:00-04:00,104.7699966430664,104.7699966430664,104.7699966430664,104.7699966430664,104.7699966430664,344
2024-04-11 12:05:00-04:00,104.79499816894531,104.79499816894531,104.79499816894531,104.79499816894531,104.79499816894531,335
2024-04-11 12:06:00-04:00,104.79000091552734,104.79000091552734,104.7699966430664,104.7699966430664,104.7699966430664,1163
2024-04-11 12:07:00-04:00,104.78500366210938,104.78500366210938,104.78500366210938,104.78500366210938,104.78500366210938,423
2024-04-11 12:08:00-04:00,104.7699966430664,104.80999755859375,104.7699966430664,104.80999755859375,104.80999755859375,984
2024-04-11 12:09:00-04:00,104.80999755859375,104.81999969482422,104.80999755859375,104.81999969482422,104.81999969482422,1495
2024-04-11 12:11:00-04:00,104.86000061035156,104.86000061035156,104.77999877929688,104.77999877929688,104.77999877929688,1462
2024-04-11 12:12:00-04:00,104.81999969482422,104.81999969482422,104.81999969482422,104.81999969482422,104.81999969482422,556
2024-04-11 12:13:00-04:00,104.83999633789062,104.83999633789062,104.79499816894531,104.79499816894531,104.79499816894531,591
2024-04-11 12:15:00-04:00,104.69999694824219,104.69999694824219,104.68000030517578,104.69999694824219,104.69999694824219,6182
2024-04-11 12:16:00-04:00,104.67500305175781,104.67500305175781,104.67500305175781,104.67500305175781,104.67500305175781,253
2024-04-11 12:17:00-04:00,104.72000122070312,104.72000122070312,104.66000366210938,104.66000366210938,104.66000366210938,1267
2024-04-11 12:18:00-04:00,104.69000244140625,104.69000244140625,104.62999725341797,104.62999725341797,104.62999725341797,522
2024-04-11 12:19:00-04:00,104.68000030517578,104.7300033569336,104.68000030517578,104.70999908447266,104.70999908447266,2908
2024-04-11 12:20:00-04:00,104.68000030517578,104.69999694824219,104.66000366210938,104.66999816894531,104.66999816894531,1875
2024-04-11 12:21:00-04:00,104.68000030517578,104.72000122070312,104.66179656982422,104.72000122070312,104.72000122070312,2682
2024-04-11 12:22:00-04:00,104.72000122070312,104.77999877929688,104.72000122070312,104.77999877929688,104.77999877929688,807
2024-04-11 12:23:00-04:00,104.75910186767578,104.75910186767578,104.73500061035156,104.73500061035156,104.73500061035156,404
2024-04-11 12:24:00-04:00,104.77999877929688,104.77999877929688,104.77999877929688,104.77999877929688,104.77999877929688,962
2024-04-11 12:25:00-04:00,104.80000305175781,104.80000305175781,104.72000122070312,104.73500061035156,104.73500061035156,1457
2024-04-11 12:26:00-04:00,104.76000213623047,104.76000213623047,104.76000213623047,104.76000213623047,104.76000213623047,725
2024-04-11 12:27:00-04:00,104.69000244140625,104.69000244140625,104.69000244140625,104.69000244140625,104.69000244140625,508
2024-04-11 12:28:00-04:00,104.70999908447266,104.7300033569336,104.69999694824219,104.7300033569336,104.7300033569336,797
2024-04-11 12:29:00-04:00,104.76000213623047,104.76000213623047,104.76000213623047,104.76000213623047,104.76000213623047,801
2024-04-11 12:30:00-04:00,104.66000366210938,104.66000366210938,104.66000366210938,104.66000366210938,104.66000366210938,698
2024-04-11 12:31:00-04:00,104.70500183105469,104.70500183105469,104.70500183105469,104.70500183105469,104.70500183105469,273
2024-04-11 12:32:00-04:00,104.75,104.75,104.73999786376953,104.73999786376953,104.73999786376953,1199
2024-04-11 12:33:00-04:00,104.7300033569336,104.7699966430664,104.7300033569336,104.76609802246094,104.76609802246094,4873
2024-04-11 12:34:00-04:00,104.7699966430664,104.7699966430664,104.76589965820312,104.76589965820312,104.76589965820312,1001
2024-04-11 12:35:00-04:00,104.81999969482422,104.81999969482422,104.78500366210938,104.78500366210938,104.78500366210938,462
2024-04-11 12:36:00-04:00,104.83999633789062,104.83999633789062,104.83999633789062,104.83999633789062,104.83999633789062,784
2024-04-11 12:37:00-04:00,104.79000091552734,104.80000305175781,104.77999877929688,104.80000305175781,104.80000305175781,692
2024-04-11 12:38:00-04:00,104.81999969482422,104.81999969482422,104.81999969482422,104.81999969482422,104.81999969482422,112
2024-04-11 12:39:00-04:00,104.83000183105469,104.83999633789062,104.77999877929688,104.83999633789062,104.83999633789062,1488
2024-04-11 12:40:00-04:00,104.83000183105469,104.83000183105469,104.83000183105469,104.83000183105469,104.83000183105469,584
2024-04-11 12:41:00-04:00,104.83000183105469,104.83000183105469,104.83000183105469,104.83000183105469,104.83000183105469,567
2024-04-11 12:42:00-04:00,104.80999755859375,104.86000061035156,104.80999755859375,104.86000061035156,104.86000061035156,516
2024-04-11 12:44:00-04:00,104.80500030517578,104.83000183105469,104.80000305175781,104.80000305175781,104.80000305175781,1285
2024-04-11 12:45:00-04:00,104.86000061035156,104.86000061035156,104.86000061035156,104.86000061035156,104.86000061035156,412
2024-04-11 12:46:00-04:00,104.86000061035156,104.86000061035156,104.82499694824219,104.82499694824219,104.82499694824219,1375
2024-04-11 12:48:00-04:00,104.83000183105469,104.88999938964844,104.83000183105469,104.88999938964844,104.88999938964844,782
2024-04-11 12:49:00-04:00,104.88500213623047,104.88500213623047,104.86000061035156,104.86000061035156,104.86000061035156,669
2024-04-11 12:50:00-04:00,104.8550033569336,104.8550033569336,104.80999755859375,104.8499984741211,104.8499984741211,724
2024-04-11 12:52:00-04:00,104.90499877929688,104.90499877929688,104.90499877929688,104.90499877929688,104.90499877929688,1059
2024-04-11 12:53:00-04:00,104.94000244140625,104.95999908447266,104.91999816894531,104.91999816894531,104.91999816894531,1057
2024-04-11 12:54:00-04:00,104.9000015258789,104.9000015258789,104.86000061035156,104.86000061035156,104.86000061035156,1007
2024-04-11 12:55:00-04:00,104.87000274658203,104.87000274658203,104.87000274658203,104.87000274658203,104.87000274658203,4405
2024-04-11 12:57:00-04:00,104.85279846191406,104.85279846191406,104.80000305175781,104.80000305175781,104.80000305175781,1705
2024-04-11 12:58:00-04:00,104.8499984741211,104.88999938964844,104.8499984741211,104.88999938964844,104.88999938964844,1202
2024-04-11 12:59:00-04:00,104.88999938964844,104.88999938964844,104.87999725341797,104.87999725341797,104.87999725341797,620
2024-04-11 13:01:00-04:00,104.93000030517578,104.93000030517578,104.83000183105469,104.83000183105469,104.83000183105469,2198
2024-04-11 13:02:00-04:00,104.80000305175781,104.80000305175781,104.80000305175781,104.80000305175781,104.80000305175781,1754
2024-04-11 13:03:00-04:00,104.83999633789062,104.93000030517578,104.83999633789062,104.93000030517578,104.93000030517578,378
2024-04-11 13:04:00-04:00,104.95999908447266,105.05000305175781,104.95999908447266,105.05000305175781,105.05000305175781,4172
2024-04-11 13:05:00-04:00,105.07140350341797,105.08999633789062,105.07140350341797,105.08999633789062,105.08999633789062,1118
2024-04-11 13:06:00-04:00,105.07009887695312,105.07009887695312,105.05000305175781,105.05000305175781,105.05000305175781,2743
2024-04-11 13:10:00-04:00,105.13999938964844,105.13999938964844,105.13999938964844,105.13999938964844,105.13999938964844,462
2024-04-11 13:12:00-04:00,105.18000030517578,105.18000030517578,105.16000366210938,105.17610168457031,105.17610168457031,3284
2024-04-11 13:13:00-04:00,105.16999816894531,105.19000244140625,105.16999816894531,105.19000244140625,105.19000244140625,1027
2024-04-11 13:14:00-04:00,105.17500305175781,105.17500305175781,105.15010070800781,105.15010070800781,105.15010070800781,3219
2024-04-11 13:15:00-04:00,105.16999816894531,105.16999816894531,105.01000213623047,105.01000213623047,105.01000213623047,5339
2024-04-11 13:16:00-04:00,105.1449966430664,105.1449966430664,105.1449966430664,105.1449966430664,105.1449966430664,1214
2024-04-11 13:18:00-04:00,105.13999938964844,105.13999938964844,105.13999938964844,105.13999938964844,105.13999938964844,1551
2024-04-11 13:19:00-04:00,105.18000030517578,105.18000030517578,105.16000366210938,105.18000030517578,105.18000030517578,1514
2024-04-11 13:20:00-04:00,105.19999694824219,105.22000122070312,105.19999694824219,105.22000122070312,105.22000122070312,5884
2024-04-11 13:21:00-04:00,105.19999694824219,105.19999694824219,105.19999694824219,105.19999694824219,105.19999694824219,608
2024-04-11 13:22:00-04:00,105.22000122070312,105.22000122070312,105.16999816894531,105.19000244140625,105.19000244140625,1649
2024-04-11 13:23:00-04:00,105.16999816894531,105.18000030517578,105.16999816894531,105.18000030517578,105.18000030517578,883
2024-04-11 13:24:00-04:00,105.19999694824219,105.19999694824219,105.19999694824219,105.19999694824219,105.19999694824219,460
2024-04-11 13:25:00-04:00,105.22000122070312,105.22000122070312,105.22000122070312,105.22000122070312,105.22000122070312,283
2024-04-11 13:26:00-04:00,105.19999694824219,105.19999694824219,105.16999816894531,105.16999816894531,105.16999816894531,1097
2024-04-11 13:27:00-04:00,105.12999725341797,105.12999725341797,105.12999725341797,105.12999725341797,105.12999725341797,571
2024-04-11 13:28:00-04:00,105.16999816894531,105.16999816894531,105.16999816894531,105.16999816894531,105.16999816894531,288
2024-04-11 13:29:00-04:00,105.16000366210938,105.16000366210938,105.11000061035156,105.11499786376953,105.11499786376953,1136
2024-04-11 13:31:00-04:00,105.125,105.1500015258789,105.125,105.1500015258789,105.1500015258789,2050
2024-04-11 13:32:00-04:00,105.18000030517578,105.19499969482422,105.18000030517578,105.19499969482422,105.19499969482422,303
2024-04-11 13:33:00-04:00,105.20999908447266,105.22000122070312,105.05999755859375,105.11000061035156,105.11000061035156,2778
2024-04-11 13:34:00-04:00,105.16999816894531,105.16999816894531,105.12999725341797,105.12999725341797,105.12999725341797,1314
2024-04-11 13:35:00-04:00,105.12999725341797,105.12999725341797,105.12999725341797,105.12999725341797,105.12999725341797,844
2024-04-11 13:38:00-04:00,105.12000274658203,105.16000366210938,105.08999633789062,105.08999633789062,105.08999633789062,1575
2024-04-11 13:39:00-04:00,105.12999725341797,105.12999725341797,105.12999725341797,105.12999725341797,105.12999725341797,662
2024-04-11 13:41:00-04:00,105.0999984741211,105.12999725341797,105.06999969482422,105.06999969482422,105.06999969482422,2416
2024-04-11 13:42:00-04:00,105.06999969482422,105.0999984741211,105.06999969482422,105.0999984741211,105.0999984741211,959
2024-04-11 13:44:00-04:00,105.0999984741211,105.0999984741211,105.0999984741211,105.0999984741211,105.0999984741211,639
2024-04-11 13:45:00-04:00,105.13999938964844,105.13999938964844,105.13999938964844,105.13999938964844,105.13999938964844,524
2024-04-11 13:46:00-04:00,105.1500015258789,105.1500015258789,105.11000061035156,105.11000061035156,105.11000061035156,1737
2024-04-11 13:47:00-04:00,105.0999984741211,105.1500015258789,105.0999984741211,105.1500015258789,105.1500015258789,634
2024-04-11 13:48:00-04:00,105.16000366210938,105.20999908447266,105.16000366210938,105.19000244140625,105.19000244140625,2913
2024-04-11 13:49:00-04:00,105.20700073242188,105.2300033569336,105.20700073242188,105.2300033569336,105.2300033569336,1567
2024-04-11 13:50:00-04:00,105.23999786376953,105.28500366210938,105.22000122070312,105.27999877929688,105.27999877929688,3824
2024-04-11 13:51:00-04:00,105.23999786376953,105.23999786376953,105.2300033569336,105.2300033569336,105.2300033569336,1362
2024-04-11 13:52:00-04:00,105.2300033569336,105.2300033569336,105.19000244140625,105.20999908447266,105.20999908447266,2951
2024-04-11 13:53:00-04:00,105.26000213623047,105.26000213623047,105.20999908447266,105.20999908447266,105.20999908447266,725
2024-04-11 13:54:00-04:00,105.22000122070312,105.22000122070312,105.20500183105469,105.20500183105469,105.20500183105469,813
2024-04-11 13:55:00-04:00,105.21499633789062,105.21499633789062,105.21499633789062,105.21499633789062,105.21499633789062,258
2024-04-11 13:56:00-04:00,105.25,105.25,105.25,105.25,105.25,270
2024-04-11 13:57:00-04:00,105.23300170898438,105.23999786376953,105.22000122070312,105.22000122070312,105.22000122070312,1286
2024-04-11 13:58:00-04:00,105.25,105.25,105.23999786376953,105.23999786376953,105.23999786376953,1712
2024-04-11 13:59:00-04:00,105.26499938964844,105.26499938964844,105.18000030517578,105.22989654541016,105.22989654541016,3098
2024-04-11 14:00:00-04:00,105.2300033569336,105.25,105.2300033569336,105.25,105.25,614
2024-04-11 14:01:00-04:00,105.23500061035156,105.23500061035156,105.23500061035156,105.23500061035156,105.23500061035156,171
2024-04-11 14:02:00-04:00,105.23999786376953,105.26000213623047,105.20999908447266,105.26000213623047,105.26000213623047,1051
2024-04-11 14:03:00-04:00,105.22000122070312,105.22000122070312,105.20999908447266,105.20999908447266,105.20999908447266,1598
2024-04-11 14:04:00-04:00,105.20469665527344,105.26000213623047,105.19999694824219,105.25060272216797,105.25060272216797,2400
2024-04-11 14:05:00-04:00,105.2300033569336,105.2300033569336,105.2300033569336,105.2300033569336,105.2300033569336,1872
2024-04-11 14:06:00-04:00,105.2300033569336,105.30999755859375,105.22000122070312,105.30999755859375,105.30999755859375,2356
2024-04-11 14:07:00-04:00,105.33989715576172,105.39700317382812,105.2969970703125,105.39700317382812,105.39700317382812,3783
2024-04-11 14:08:00-04:00,105.4000015258789,105.44000244140625,105.4000015258789,105.44000244140625,105.44000244140625,1976
2024-04-11 14:09:00-04:00,105.5,105.5199966430664,105.39009857177734,105.4000015258789,105.4000015258789,4147
2024-04-11 14:10:00-04:00,105.41000366210938,105.43000030517578,105.33999633789062,105.33999633789062,105.33999633789062,2620
2024-04-11 14:11:00-04:00,105.38999938964844,105.4000015258789,105.36000061035156,105.36000061035156,105.36000061035156,3365
2024-04-11 14:12:00-04:00,105.31999969482422,105.33999633789062,105.31999969482422,105.33999633789062,105.33999633789062,523
2024-04-11 14:13:00-04:00,105.3550033569336,105.3550033569336,105.33000183105469,105.3499984741211,105.3499984741211,1941
2024-04-11 14:14:00-04:00,105.33999633789062,105.3499984741211,105.31999969482422,105.3499984741211,105.3499984741211,747
2024-04-11 14:15:00-04:00,105.36000061035156,105.37000274658203,105.33999633789062,105.37000274658203,105.37000274658203,2161
2024-04-11 14:16:00-04:00,105.36000061035156,105.36000061035156,105.36000061035156,105.36000061035156,105.36000061035156,506
2024-04-11 14:17:00-04:00,105.36499786376953,105.36499786376953,105.31999969482422,105.31999969482422,105.31999969482422,2321
2024-04-11 14:18:00-04:00,105.30999755859375,105.37999725341797,105.30999755859375,105.36499786376953,105.36499786376953,1478
2024-04-11 14:19:00-04:00,105.36499786376953,105.39990234375,105.36499786376953,105.39990234375,105.39990234375,1812
2024-04-11 14:21:00-04:00,105.31999969482422,105.3550033569336,105.31999969482422,105.3550033569336,105.3550033569336,405
2024-04-11 14:22:00-04:00,105.37999725341797,105.37999725341797,105.30000305175781,105.33000183105469,105.33000183105469,1673
2024-04-11 14:23:00-04:00,105.33499908447266,105.33499908447266,105.2699966430664,105.2699966430664,105.2699966430664,2781
2024-04-11 14:24:00-04:00,105.29000091552734,105.29000091552734,105.29000091552734,105.29000091552734,105.29000091552734,219
2024-04-11 14:25:00-04:00,105.31700134277344,105.3499984741211,105.31700134277344,105.3499984741211,105.3499984741211,2009
2024-04-11 14:26:00-04:00,105.41000366210938,105.41909790039062,105.3499984741211,105.3499984741211,105.3499984741211,1592
2024-04-11 14:27:00-04:00,105.4000015258789,105.43000030517578,105.4000015258789,105.4000015258789,105.4000015258789,1496
2024-04-11 14:28:00-04:00,105.41999816894531,105.41999816894531,105.41999816894531,105.41999816894531,105.41999816894531,618
2024-04-11 14:29:00-04:00,105.375,105.375,105.3499984741211,105.3499984741211,105.3499984741211,1161
2024-04-11 14:30:00-04:00,105.36000061035156,105.36000061035156,105.31999969482422,105.31999969482422,105.31999969482422,1681
2024-04-11 14:31:00-04:00,105.36309814453125,105.38999938964844,105.36309814453125,105.38999938964844,105.38999938964844,568
2024-04-11 14:32:00-04:00,105.4000015258789,105.41000366210938,105.4000015258789,105.41000366210938,105.41000366210938,1381
2024-04-11 14:33:00-04:00,105.37999725341797,105.38999938964844,105.3499984741211,105.37000274658203,105.37000274658203,4006
2024-04-11 14:34:00-04:00,105.37000274658203,105.37000274658203,105.3499984741211,105.3499984741211,105.3499984741211,1521
2024-04-11 14:37:00-04:00,105.38999938964844,105.41000366210938,105.38999938964844,105.41000366210938,105.41000366210938,1218
2024-04-11 14:38:00-04:00,105.37999725341797,105.37999725341797,105.37999725341797,105.37999725341797,105.37999725341797,237
2024-04-11 14:39:00-04:00,105.38999938964844,105.44000244140625,105.38999938964844,105.44000244140625,105.44000244140625,705
2024-04-11 14:40:00-04:00,105.45999908447266,105.45999908447266,105.45999908447266,105.45999908447266,105.45999908447266,3752
2024-04-11 14:42:00-04:00,105.5,105.5,105.5,105.5,105.5,241
2024-04-11 14:43:00-04:00,105.51000213623047,105.51000213623047,105.49500274658203,105.49500274658203,105.49500274658203,1623
2024-04-11 14:44:00-04:00,105.48999786376953,105.48999786376953,105.4800033569336,105.4800033569336,105.4800033569336,736
2024-04-11 14:45:00-04:00,105.47000122070312,105.48999786376953,105.47000122070312,105.47000122070312,105.47000122070312,814
2024-04-11 14:46:00-04:00,105.4800033569336,105.4800033569336,105.4800033569336,105.4800033569336,105.4800033569336,1512
2024-04-11 14:48:00-04:00,105.48999786376953,105.48999786376953,105.45999908447266,105.4800033569336,105.4800033569336,960
2024-04-11 14:49:00-04:00,105.46700286865234,105.46700286865234,105.41999816894531,105.41999816894531,105.41999816894531,2285
2024-04-11 14:50:00-04:00,105.39969635009766,105.39969635009766,105.39969635009766,105.39969635009766,105.39969635009766,824
2024-04-11 14:51:00-04:00,105.3949966430664,105.40499877929688,105.37000274658203,105.38999938964844,105.38999938964844,1804
2024-04-11 14:52:00-04:00,105.36000061035156,105.36000061035156,105.33000183105469,105.33000183105469,105.33000183105469,976
2024-04-11 14:53:00-04:00,105.33999633789062,105.33999633789062,105.33999633789062,105.33999633789062,105.33999633789062,2006
2024-04-11 14:54:00-04:00,105.2916030883789,105.30000305175781,105.29000091552734,105.30000305175781,105.30000305175781,908
2024-04-11 14:55:00-04:00,105.30500030517578,105.30500030517578,105.30500030517578,105.30500030517578,105.30500030517578,1088
2024-04-11 14:56:00-04:00,105.2916030883789,105.30000305175781,105.2916030883789,105.30000305175781,105.30000305175781,1941
2024-04-11 14:57:00-04:00,105.31999969482422,105.33999633789062,105.31999969482422,105.33999633789062,105.33999633789062,580
2024-04-11 14:58:00-04:00,105.36499786376953,105.38999938964844,105.36000061035156,105.38999938964844,105.38999938964844,1552
2024-04-11 14:59:00-04:00,105.37999725341797,105.38500213623047,105.3499984741211,105.3499984741211,105.3499984741211,1718
2024-04-11 15:00:00-04:00,105.31999969482422,105.31999969482422,105.31999969482422,105.31999969482422,105.31999969482422,884
2024-04-11 15:01:00-04:00,105.37000274658203,105.38500213623047,105.37000274658203,105.37999725341797,105.37999725341797,1555
2024-04-11 15:02:00-04:00,105.37000274658203,105.37999725341797,105.37000274658203,105.37999725341797,105.37999725341797,1801
2024-04-11 15:03:00-04:00,105.4000015258789,105.41000366210938,105.4000015258789,105.41000366210938,105.41000366210938,2048
2024-04-11 15:04:00-04:00,105.41999816894531,105.43000030517578,105.41000366210938,105.41069793701172,105.41069793701172,2429
2024-04-11 15:05:00-04:00,105.45999908447266,105.45999908447266,105.43000030517578,105.43000030517578,105.43000030517578,2318
2024-04-11 15:06:00-04:00,105.44000244140625,105.44999694824219,105.43000030517578,105.44999694824219,105.44999694824219,2093
2024-04-11 15:07:00-04:00,105.46499633789062,105.4800033569336,105.45999908447266,105.45999908447266,105.45999908447266,2627
2024-04-11 15:08:00-04:00,105.4000015258789,105.4000015258789,105.4000015258789,105.4000015258789,105.4000015258789,757
2024-04-11 15:09:00-04:00,105.38999938964844,105.38999938964844,105.38999938964844,105.38999938964844,105.38999938964844,617
2024-04-11 15:10:00-04:00,105.37000274658203,105.37999725341797,105.3550033569336,105.3550033569336,105.3550033569336,709
2024-04-11 15:11:00-04:00,105.31999969482422,105.33999633789062,105.31999969482422,105.33999633789062,105.33999633789062,2170
2024-04-11 15:12:00-04:00,105.29000091552734,105.30000305175781,105.2699966430664,105.30000305175781,105.30000305175781,1230
2024-04-11 15:13:00-04:00,105.28500366210938,105.28500366210938,105.28500366210938,105.28500366210938,105.28500366210938,553
2024-04-11 15:14:00-04:00,105.30999755859375,105.30999755859375,105.29499816894531,105.29499816894531,105.29499816894531,620
2024-04-11 15:15:00-04:00,105.30000305175781,105.30000305175781,105.25,105.25,105.25,3336
2024-04-11 15:16:00-04:00,105.2699966430664,105.28500366210938,105.26000213623047,105.26000213623047,105.26000213623047,1331
2024-04-11 15:17:00-04:00,105.24490356445312,105.26390075683594,105.21499633789062,105.21499633789062,105.21499633789062,898
2024-04-11 15:18:00-04:00,105.2699966430664,105.31999969482422,105.2699966430664,105.30999755859375,105.30999755859375,3380
2024-04-11 15:19:00-04:00,105.29000091552734,105.29000091552734,105.29000091552734,105.29000091552734,105.29000091552734,485
2024-04-11 15:20:00-04:00,105.25,105.2699966430664,105.24500274658203,105.2699966430664,105.2699966430664,1663
2024-04-11 15:21:00-04:00,105.2699966430664,105.34040069580078,105.26499938964844,105.30509948730469,105.30509948730469,2617
2024-04-11 15:22:00-04:00,105.33000183105469,105.43000030517578,105.33000183105469,105.43000030517578,105.43000030517578,3163
2024-04-11 15:24:00-04:00,105.43000030517578,105.46499633789062,105.43000030517578,105.4625015258789,105.4625015258789,2823
2024-04-11 15:25:00-04:00,105.44999694824219,105.47000122070312,105.44999694824219,105.47000122070312,105.47000122070312,3437
2024-04-11 15:26:00-04:00,105.4800033569336,105.48999786376953,105.45999908447266,105.45999908447266,105.45999908447266,2124
2024-04-11 15:27:00-04:00,105.44999694824219,105.4749984741211,105.41999816894531,105.43000030517578,105.43000030517578,2172
2024-04-11 15:28:00-04:00,105.41999816894531,105.4800033569336,105.41999816894531,105.47000122070312,105.47000122070312,4023
2024-04-11 15:29:00-04:00,105.4749984741211,105.4800033569336,105.4749984741211,105.4800033569336,105.4800033569336,2585
2024-04-11 15:30:00-04:00,105.41300201416016,105.41300201416016,105.38999938964844,105.38999938964844,105.38999938964844,1190
2024-04-11 15:31:00-04:00,105.41000366210938,105.41000366210938,105.33999633789062,105.3499984741211,105.3499984741211,1833
2024-04-11 15:32:00-04:00,105.30999755859375,105.30999755859375,105.30999755859375,105.30999755859375,105.30999755859375,864
2024-04-11 15:33:00-04:00,105.29000091552734,105.30000305175781,105.2300033569336,105.26000213623047,105.26000213623047,2372
2024-04-11 15:34:00-04:00,105.27999877929688,105.29000091552734,105.27999877929688,105.29000091552734,105.29000091552734,2505
2024-04-11 15:35:00-04:00,105.26000213623047,105.29000091552734,105.26000213623047,105.29000091552734,105.29000091552734,1896
2024-04-11 15:36:00-04:00,105.2699966430664,105.30000305175781,105.2699966430664,105.30000305175781,105.30000305175781,1238
2024-04-11 15:37:00-04:00,105.27999877929688,105.27999877929688,105.25,105.26499938964844,105.26499938964844,2072
2024-04-11 15:38:00-04:00,105.27999877929688,105.30000305175781,105.27999877929688,105.30000305175781,105.30000305175781,2004
2024-04-11 15:39:00-04:00,105.30000305175781,105.30000305175781,105.27999877929688,105.29039764404297,105.29039764404297,3300
2024-04-11 15:40:00-04:00,105.33000183105469,105.3988037109375,105.33000183105469,105.36000061035156,105.36000061035156,3763
2024-04-11 15:41:00-04:00,105.4000015258789,105.4000015258789,105.38500213623047,105.38999938964844,105.38999938964844,2142
2024-04-11 15:42:00-04:00,105.38999938964844,105.38999938964844,105.31999969482422,105.31999969482422,105.31999969482422,3517
2024-04-11 15:43:00-04:00,105.31500244140625,105.31999969482422,105.29499816894531,105.31999969482422,105.31999969482422,1234
2024-04-11 15:44:00-04:00,105.31500244140625,105.33999633789062,105.30999755859375,105.33000183105469,105.33000183105469,2963
2024-04-11 15:45:00-04:00,105.31500244140625,105.33000183105469,105.23999786376953,105.23999786376953,105.23999786376953,5339
2024-04-11 15:46:00-04:00,105.2249984741211,105.25,105.2249984741211,105.23500061035156,105.23500061035156,2165
2024-04-11 15:47:00-04:00,105.18000030517578,105.22000122070312,105.16999816894531,105.20999908447266,105.20999908447266,2621
2024-04-11 15:48:00-04:00,105.22000122070312,105.2300033569336,105.19999694824219,105.2249984741211,105.2249984741211,2418
2024-04-11 15:49:00-04:00,105.2300033569336,105.26000213623047,105.20999908447266,105.26000213623047,105.26000213623047,3944
2024-04-11 15:50:00-04:00,105.22000122070312,105.2300033569336,105.19999694824219,105.2300033569336,105.2300033569336,3110
2024-04-11 15:51:00-04:00,105.2300033569336,105.2699966430664,105.2300033569336,105.2699966430664,105.2699966430664,7181
2024-04-11 15:52:00-04:00,105.27999877929688,105.27999877929688,105.19000244140625,105.19999694824219,105.19999694824219,6897
2024-04-11 15:53:00-04:00,105.20999908447266,105.22000122070312,105.19999694824219,105.22000122070312,105.22000122070312,3294
2024-04-11 15:54:00-04:00,105.20999908447266,105.20999908447266,105.05999755859375,105.05999755859375,105.05999755859375,13759
2024-04-11 15:55:00-04:00,105.05000305175781,105.05999755859375,104.97000122070312,104.99749755859375,104.99749755859375,10679
2024-04-11 15:56:00-04:00,104.99500274658203,105.0199966430664,104.9800033569336,104.9800033569336,104.9800033569336,13799
2024-04-11 15:57:00-04:00,104.98500061035156,104.98500061035156,104.94000244140625,104.94000244140625,104.94000244140625,8779
2024-04-11 15:58:00-04:00,104.94999694824219,104.94999694824219,104.90499877929688,104.90499877929688,104.90499877929688,15834
2024-04-11 15:59:00-04:00,104.9000015258789,104.94000244140625,104.86000061035156,104.87000274658203,104.87000274658203,25251
2024-04-12 09:30:00-04:00,103.75,103.75,103.5,103.66000366210938,103.66000366210938,15780
2024-04-12 09:31:00-04:00,103.38999938964844,103.38999938964844,103.09500122070312,103.1488037109375,103.1488037109375,5517
2024-04-12 09:32:00-04:00,103.0,103.01000213623047,102.68499755859375,102.7300033569336,102.7300033569336,10559
2024-04-12 09:33:00-04:00,102.72000122070312,102.88999938964844,102.63999938964844,102.63999938964844,102.63999938964844,4492
2024-04-12 09:34:00-04:00,102.8499984741211,102.8499984741211,102.4000015258789,102.75,102.75,6775
2024-04-12 09:35:00-04:00,102.9000015258789,103.11000061035156,102.9000015258789,102.98999786376953,102.98999786376953,3905
2024-04-12 09:37:00-04:00,102.97000122070312,103.07499694824219,102.93000030517578,103.07499694824219,103.07499694824219,2242
2024-04-12 09:38:00-04:00,103.1500015258789,103.1500015258789,102.9801025390625,103.05999755859375,103.05999755859375,1451
2024-04-12 09:39:00-04:00,103.08000183105469,103.11000061035156,103.01000213623047,103.0999984741211,103.0999984741211,2595
2024-04-12 09:40:00-04:00,103.11000061035156,103.13619995117188,102.95999908447266,103.13619995117188,103.13619995117188,4577
2024-04-12 09:41:00-04:00,102.99500274658203,103.1500015258789,102.99500274658203,103.05000305175781,103.05000305175781,2130
2024-04-12 09:42:00-04:00,103.04000091552734,103.06999969482422,102.9800033569336,103.01000213623047,103.01000213623047,2325
2024-04-12 09:43:00-04:00,103.04499816894531,103.11000061035156,102.98999786376953,103.11000061035156,103.11000061035156,9328
2024-04-12 09:44:00-04:00,103.06999969482422,103.16999816894531,103.04000091552734,103.16999816894531,103.16999816894531,5299
2024-04-12 09:45:00-04:00,102.98999786376953,103.04460144042969,102.98999786376953,103.03510284423828,103.03510284423828,1366
2024-04-12 09:46:00-04:00,103.12999725341797,103.27999877929688,103.12999725341797,103.19000244140625,103.19000244140625,3135
2024-04-12 09:47:00-04:00,103.27999877929688,103.4000015258789,103.2249984741211,103.31500244140625,103.31500244140625,5720
2024-04-12 09:48:00-04:00,103.33999633789062,103.33999633789062,103.29000091552734,103.30000305175781,103.30000305175781,860
2024-04-12 09:49:00-04:00,103.3499984741211,103.3499984741211,103.2300033569336,103.2300033569336,103.2300033569336,1315
2024-04-12 09:50:00-04:00,103.23999786376953,103.38999938964844,103.2300033569336,103.38999938964844,103.38999938964844,3282
2024-04-12 09:51:00-04:00,103.4000015258789,103.41000366210938,103.38500213623047,103.38500213623047,103.38500213623047,728
2024-04-12 09:52:00-04:00,103.30000305175781,103.30000305175781,103.19000244140625,103.25,103.25,2247
2024-04-12 09:53:00-04:00,103.19000244140625,103.26000213623047,103.18000030517578,103.25,103.25,3325
2024-04-12 09:54:00-04:00,103.21499633789062,103.21499633789062,103.1449966430664,103.16000366210938,103.16000366210938,2027
2024-04-12 09:55:00-04:00,103.08000183105469,103.08000183105469,102.94999694824219,103.04000091552734,103.04000091552734,4507
2024-04-12 09:56:00-04:00,103.08000183105469,103.08000183105469,102.95999908447266,102.95999908447266,102.95999908447266,10766
2024-04-12 09:57:00-04:00,103.01000213623047,103.01000213623047,102.87000274658203,102.87000274658203,102.87000274658203,7620
2024-04-12 09:58:00-04:00,102.91000366210938,103.0,102.91000366210938,102.91999816894531,102.91999816894531,6311
2024-04-12 09:59:00-04:00,102.9800033569336,103.0,102.9800033569336,102.98999786376953,102.98999786376953,3864
2024-04-12 10:00:00-04:00,102.93000030517578,102.93000030517578,102.73999786376953,102.73999786376953,102.73999786376953,3390
2024-04-12 10:01:00-04:00,102.75,102.83999633789062,102.75,102.83999633789062,102.83999633789062,3554
2024-04-12 10:02:00-04:00,102.87999725341797,102.87999725341797,102.84500122070312,102.84500122070312,102.84500122070312,2278
2024-04-12 10:03:00-04:00,102.72000122070312,102.72000122070312,102.72000122070312,102.72000122070312,102.72000122070312,461
2024-04-12 10:04:00-04:00,102.72000122070312,102.79000091552734,102.66999816894531,102.66999816894531,102.66999816894531,11416
2024-04-12 10:05:00-04:00,102.66000366210938,102.69000244140625,102.5999984741211,102.61000061035156,102.61000061035156,4113
2024-04-12 10:06:00-04:00,102.6050033569336,102.62999725341797,102.57499694824219,102.57499694824219,102.57499694824219,2313
2024-04-12 10:07:00-04:00,102.4977035522461,102.66999816894531,102.4977035522461,102.66999816894531,102.66999816894531,3480
2024-04-12 10:08:00-04:00,102.58999633789062,102.58999633789062,102.5,102.5199966430664,102.5199966430664,2029
2024-04-12 10:09:00-04:00,102.5999984741211,102.63999938964844,102.56999969482422,102.63999938964844,102.63999938964844,1423
2024-04-12 10:10:00-04:00,102.62999725341797,102.73999786376953,102.61000061035156,102.66999816894531,102.66999816894531,6226
2024-04-12 10:11:00-04:00,102.66999816894531,102.70999908447266,102.62000274658203,102.66999816894531,102.66999816894531,2866
2024-04-12 10:12:00-04:00,102.70500183105469,102.87000274658203,102.70500183105469,102.83999633789062,102.83999633789062,5439
2024-04-12 10:13:00-04:00,102.87999725341797,102.94999694824219,102.80999755859375,102.94999694824219,102.94999694824219,3766
2024-04-12 10:14:00-04:00,103.05999755859375,103.05999755859375,103.03500366210938,103.03500366210938,103.03500366210938,663
2024-04-12 10:15:00-04:00,102.98999786376953,103.05500030517578,102.98999786376953,102.98999786376953,102.98999786376953,4156
2024-04-12 10:16:00-04:00,102.97440338134766,103.06999969482422,102.97440338134766,103.06999969482422,103.06999969482422,1636
2024-04-12 10:17:00-04:00,103.05999755859375,103.13999938964844,103.05999755859375,103.13999938964844,103.13999938964844,1017
2024-04-12 10:18:00-04:00,103.13999938964844,103.2699966430664,103.13999938964844,103.2699966430664,103.2699966430664,1902
2024-04-12 10:19:00-04:00,103.19999694824219,103.23500061035156,103.16999816894531,103.16999816894531,103.16999816894531,3723
2024-04-12 10:20:00-04:00,103.18769836425781,103.18769836425781,103.12999725341797,103.16089630126953,103.16089630126953,3778
2024-04-12 10:21:00-04:00,103.16999816894531,103.16999816894531,103.16999816894531,103.16999816894531,103.16999816894531,1340
2024-04-12 10:22:00-04:00,103.12999725341797,103.13999938964844,103.12000274658203,103.13580322265625,103.13580322265625,1599
2024-04-12 10:23:00-04:00,103.12000274658203,103.2300033569336,103.11000061035156,103.2300033569336,103.2300033569336,1788
2024-04-12 10:24:00-04:00,103.23500061035156,103.30000305175781,103.22000122070312,103.30000305175781,103.30000305175781,1477
2024-04-12 10:25:00-04:00,103.36000061035156,103.36000061035156,103.29000091552734,103.30999755859375,103.30999755859375,2814
2024-04-12 10:26:00-04:00,103.30999755859375,103.30999755859375,103.18000030517578,103.19999694824219,103.19999694824219,3708
2024-04-12 10:27:00-04:00,103.13999938964844,103.19000244140625,103.12000274658203,103.1449966430664,103.1449966430664,1272
2024-04-12 10:28:00-04:00,103.15499877929688,103.15499877929688,103.01000213623047,103.01499938964844,103.01499938964844,1998
2024-04-12 10:29:00-04:00,102.9800033569336,102.9800033569336,102.9800033569336,102.9800033569336,102.9800033569336,745
2024-04-12 10:30:00-04:00,102.93000030517578,102.98999786376953,102.87010192871094,102.93000030517578,102.93000030517578,3285
2024-04-12 10:31:00-04:00,102.94000244140625,102.94000244140625,102.91000366210938,102.91000366210938,102.91000366210938,6887
2024-04-12 10:32:00-04:00,102.87000274658203,102.95500183105469,102.87000274658203,102.95500183105469,102.95500183105469,5842
2024-04-12 10:33:00-04:00,102.93000030517578,102.93000030517578,102.88999938964844,102.88999938964844,102.88999938964844,817
2024-04-12 10:34:00-04:00,102.88999938964844,102.91999816894531,102.88999938964844,102.91999816894531,102.91999816894531,546
2024-04-12 10:35:00-04:00,102.91999816894531,102.91999816894531,102.83000183105469,102.84500122070312,102.84500122070312,3532
2024-04-12 10:36:00-04:00,102.8499984741211,102.8499984741211,102.72000122070312,102.75,102.75,2778
2024-04-12 10:37:00-04:00,102.72000122070312,102.72000122070312,102.62999725341797,102.67500305175781,102.67500305175781,4082
2024-04-12 10:38:00-04:00,102.69999694824219,102.72000122070312,102.62999725341797,102.63500213623047,102.63500213623047,2308
2024-04-12 10:39:00-04:00,102.5999984741211,102.5999984741211,102.44999694824219,102.45999908447266,102.45999908447266,4425
2024-04-12 10:40:00-04:00,102.41999816894531,102.47000122070312,102.41000366210938,102.45999908447266,102.45999908447266,2596
2024-04-12 10:41:00-04:00,102.44999694824219,102.44999694824219,102.3499984741211,102.37000274658203,102.37000274658203,2987
2024-04-12 10:42:00-04:00,102.375,102.375,102.30000305175781,102.30000305175781,102.30000305175781,1543
2024-04-12 10:43:00-04:00,102.30000305175781,102.30000305175781,102.2699966430664,102.30000305175781,102.30000305175781,2721
2024-04-12 10:44:00-04:00,102.23999786376953,102.33000183105469,102.23999786376953,102.33000183105469,102.33000183105469,5035
2024-04-12 10:45:00-04:00,102.3499984741211,102.36499786376953,102.3499984741211,102.36499786376953,102.36499786376953,903
2024-04-12 10:46:00-04:00,102.44999694824219,102.44999694824219,102.44999694824219,102.44999694824219,102.44999694824219,194
2024-04-12 10:47:00-04:00,102.44999694824219,102.44999694824219,102.37999725341797,102.3949966430664,102.3949966430664,1480
2024-04-12 10:48:00-04:00,102.4000015258789,102.41000366210938,102.37000274658203,102.41000366210938,102.41000366210938,1603
2024-04-12 10:49:00-04:00,102.37000274658203,102.41999816894531,102.36000061035156,102.38500213623047,102.38500213623047,1407
2024-04-12 10:50:00-04:00,102.36000061035156,102.38999938964844,102.36000061035156,102.38999938964844,102.38999938964844,2459
2024-04-12 10:51:00-04:00,102.38999938964844,102.38999938964844,102.23919677734375,102.23919677734375,102.23919677734375,6389
2024-04-12 10:52:00-04:00,102.25499725341797,102.2699966430664,102.23999786376953,102.25,102.25,2653
2024-04-12 10:53:00-04:00,102.25,102.30580139160156,102.2300033569336,102.29560089111328,102.29560089111328,2396
2024-04-12 10:54:00-04:00,102.29499816894531,102.33000183105469,102.2699966430664,102.33000183105469,102.33000183105469,1599
2024-04-12 10:55:00-04:00,102.33000183105469,102.33499908447266,102.30000305175781,102.30000305175781,102.30000305175781,1229
2024-04-12 10:56:00-04:00,102.29000091552734,102.37999725341797,102.29000091552734,102.37999725341797,102.37999725341797,2268
2024-04-12 10:57:00-04:00,102.4000015258789,102.41000366210938,102.37999725341797,102.41000366210938,102.41000366210938,2774
2024-04-12 10:58:00-04:00,102.44989776611328,102.44989776611328,102.3499984741211,102.3499984741211,102.3499984741211,2364
2024-04-12 10:59:00-04:00,102.33999633789062,102.33999633789062,102.22000122070312,102.22000122070312,102.22000122070312,2464
2024-04-12 11:00:00-04:00,102.29499816894531,102.29499816894531,102.2699966430664,102.2699966430664,102.2699966430664,2454
2024-04-12 11:01:00-04:00,102.29499816894531,102.33999633789062,102.2699966430664,102.2699966430664,102.2699966430664,3282
2024-04-12 11:02:00-04:00,102.2300033569336,102.29000091552734,102.2300033569336,102.29000091552734,102.29000091552734,1111
2024-04-12 11:03:00-04:00,102.23999786376953,102.23999786376953,102.19999694824219,102.21499633789062,102.21499633789062,1797
2024-04-12 11:04:00-04:00,102.22000122070312,102.28939819335938,102.22000122070312,102.28939819335938,102.28939819335938,2941
2024-04-12 11:05:00-04:00,102.36000061035156,102.36000061035156,102.30000305175781,102.30000305175781,102.30000305175781,3122
2024-04-12 11:06:00-04:00,102.29000091552734,102.29000091552734,102.23999786376953,102.26499938964844,102.26499938964844,1714
2024-04-12 11:07:00-04:00,102.23999786376953,102.23999786376953,102.05000305175781,102.08000183105469,102.08000183105469,5375
2024-04-12 11:08:00-04:00,102.07099914550781,102.07099914550781,102.07099914550781,102.07099914550781,102.07099914550781,343
2024-04-12 11:09:00-04:00,102.05000305175781,102.13999938964844,102.05000305175781,102.11000061035156,102.11000061035156,3070
2024-04-12 11:10:00-04:00,102.05999755859375,102.08999633789062,102.05999755859375,102.08999633789062,102.08999633789062,582
2024-04-12 11:11:00-04:00,102.08000183105469,102.12999725341797,102.05000305175781,102.12999725341797,102.12999725341797,2947
2024-04-12 11:12:00-04:00,102.11000061035156,102.15499877929688,102.09010314941406,102.15499877929688,102.15499877929688,1275
2024-04-12 11:13:00-04:00,102.18000030517578,102.26499938964844,102.18000030517578,102.19999694824219,102.19999694824219,4012
2024-04-12 11:14:00-04:00,102.18000030517578,102.18000030517578,102.18000030517578,102.18000030517578,102.18000030517578,832
2024-04-12 11:15:00-04:00,102.16999816894531,102.16999816894531,102.04000091552734,102.04000091552734,102.04000091552734,3270
2024-04-12 11:16:00-04:00,102.02999877929688,102.05000305175781,102.0250015258789,102.02999877929688,102.02999877929688,2023
2024-04-12 11:17:00-04:00,102.02999877929688,102.08999633789062,102.02999877929688,102.05999755859375,102.05999755859375,2176
2024-04-12 11:18:00-04:00,102.05999755859375,102.16500091552734,102.05999755859375,102.15010070800781,102.15010070800781,1919
2024-04-12 11:19:00-04:00,102.16000366210938,102.19999694824219,102.13999938964844,102.19999694824219,102.19999694824219,3040
2024-04-12 11:20:00-04:00,102.20999908447266,102.20999908447266,102.20320129394531,102.20320129394531,102.20320129394531,818
2024-04-12 11:21:00-04:00,102.20999908447266,102.20999908447266,102.15499877929688,102.15499877929688,102.15499877929688,3882
2024-04-12 11:22:00-04:00,102.16000366210938,102.16000366210938,102.12999725341797,102.12999725341797,102.12999725341797,1573
2024-04-12 11:23:00-04:00,102.11000061035156,102.11000061035156,102.06999969482422,102.08000183105469,102.08000183105469,2386
2024-04-12 11:24:00-04:00,102.08999633789062,102.20999908447266,102.05000305175781,102.19000244140625,102.19000244140625,7311
2024-04-12 11:25:00-04:00,102.13999938964844,102.13999938964844,102.05000305175781,102.05000305175781,102.05000305175781,2715
2024-04-12 11:26:00-04:00,102.05000305175781,102.08999633789062,102.05000305175781,102.06999969482422,102.06999969482422,2098
2024-04-12 11:27:00-04:00,102.12000274658203,102.13999938964844,102.12000274658203,102.12000274658203,102.12000274658203,1372
2024-04-12 11:28:00-04:00,102.17500305175781,102.20500183105469,102.17500305175781,102.20500183105469,102.20500183105469,798
2024-04-12 11:29:00-04:00,102.22000122070312,102.23999786376953,102.22000122070312,102.23500061035156,102.23500061035156,2945
2024-04-12 11:30:00-04:00,102.26000213623047,102.31999969482422,102.26000213623047,102.27999877929688,102.27999877929688,1363
2024-04-12 11:31:00-04:00,102.27999877929688,102.30999755859375,102.22000122070312,102.2300033569336,102.2300033569336,5917
2024-04-12 11:32:00-04:00,102.20999908447266,102.23500061035156,102.20999908447266,102.23500061035156,102.23500061035156,3225
2024-04-12 11:33:00-04:00,102.23500061035156,102.24500274658203,102.2300033569336,102.23999786376953,102.23999786376953,2686
2024-04-12 11:34:00-04:00,102.26000213623047,102.26499938964844,102.2300033569336,102.2300033569336,102.2300033569336,1228
2024-04-12 11:35:00-04:00,102.22000122070312,102.30999755859375,102.19000244140625,102.30000305175781,102.30000305175781,6810
2024-04-12 11:36:00-04:00,102.26000213623047,102.29499816894531,102.24500274658203,102.25,102.25,1678
2024-04-12 11:37:00-04:00,102.22000122070312,102.30000305175781,102.22000122070312,102.30000305175781,102.30000305175781,2212
2024-04-12 11:38:00-04:00,102.29499816894531,102.33999633789062,102.29499816894531,102.31999969482422,102.31999969482422,2642
2024-04-12 11:39:00-04:00,102.30999755859375,102.30999755859375,102.27999877929688,102.27999877929688,102.27999877929688,1140
2024-04-12 11:40:00-04:00,102.30999755859375,102.30999755859375,102.26000213623047,102.29000091552734,102.29000091552734,1832
2024-04-12 11:41:00-04:00,102.29000091552734,102.29000091552734,102.29000091552734,102.29000091552734,102.29000091552734,1997
2024-04-12 11:42:00-04:00,102.27999877929688,102.30000305175781,102.27999877929688,102.29550170898438,102.29550170898438,2325
2024-04-12 11:43:00-04:00,102.33000183105469,102.33000183105469,102.20999908447266,102.22000122070312,102.22000122070312,6801
2024-04-12 11:44:00-04:00,102.27999877929688,102.51000213623047,102.27999877929688,102.51000213623047,102.51000213623047,2274
2024-04-12 11:45:00-04:00,102.55999755859375,102.55999755859375,102.55999755859375,102.55999755859375,102.55999755859375,386
2024-04-12 11:46:00-04:00,102.625,102.67289733886719,102.625,102.67289733886719,102.67289733886719,1952
2024-04-12 11:47:00-04:00,102.66500091552734,102.66500091552734,102.66470336914062,102.66500091552734,102.66500091552734,1647
2024-04-12 11:48:00-04:00,102.63999938964844,102.66000366210938,102.55999755859375,102.55999755859375,102.55999755859375,4357
2024-04-12 11:49:00-04:00,102.5199966430664,102.52999877929688,102.48999786376953,102.48999786376953,102.48999786376953,5332
2024-04-12 11:51:00-04:00,102.41999816894531,102.45999908447266,102.41999816894531,102.44999694824219,102.44999694824219,2129
2024-04-12 11:52:00-04:00,102.45999908447266,102.5,102.45999908447266,102.47000122070312,102.47000122070312,1323
2024-04-12 11:53:00-04:00,102.46499633789062,102.46499633789062,102.46499633789062,102.46499633789062,102.46499633789062,1338
2024-04-12 11:54:00-04:00,102.4800033569336,102.48999786376953,102.41999816894531,102.48999786376953,102.48999786376953,3231
2024-04-12 11:55:00-04:00,102.44999694824219,102.47000122070312,102.41999816894531,102.47000122070312,102.47000122070312,1575
2024-04-12 11:56:00-04:00,102.48500061035156,102.52999877929688,102.48500061035156,102.52999877929688,102.52999877929688,739
2024-04-12 11:57:00-04:00,102.52999877929688,102.52999877929688,102.45999908447266,102.47000122070312,102.47000122070312,2569
2024-04-12 11:58:00-04:00,102.48999786376953,102.52999877929688,102.48999786376953,102.5,102.5,1815
2024-04-12 11:59:00-04:00,102.52539825439453,102.58000183105469,102.47000122070312,102.4999008178711,102.4999008178711,4680
2024-04-12 12:00:00-04:00,102.45999908447266,102.51000213623047,102.45999908447266,102.51000213623047,102.51000213623047,1739
2024-04-12 12:01:00-04:00,102.51499938964844,102.51499938964844,102.51499938964844,102.51499938964844,102.51499938964844,819
2024-04-12 12:02:00-04:00,102.55500030517578,102.55500030517578,102.5,102.5,102.5,1463
2024-04-12 12:03:00-04:00,102.5,102.5199966430664,102.47000122070312,102.5,102.5,4042
2024-04-12 12:04:00-04:00,102.56999969482422,102.56999969482422,102.55000305175781,102.55500030517578,102.55500030517578,1337
2024-04-12 12:05:00-04:00,102.55000305175781,102.58000183105469,102.55000305175781,102.55999755859375,102.55999755859375,1759
2024-04-12 12:06:00-04:00,102.55000305175781,102.61000061035156,102.53679656982422,102.61000061035156,102.61000061035156,3506
2024-04-12 12:07:00-04:00,102.55000305175781,102.55999755859375,102.55000305175781,102.55999755859375,102.55999755859375,589
2024-04-12 12:08:00-04:00,102.58000183105469,102.59500122070312,102.58000183105469,102.59500122070312,102.59500122070312,1056
2024-04-12 12:09:00-04:00,102.55999755859375,102.58499908447266,102.55139923095703,102.58499908447266,102.58499908447266,1392
2024-04-12 12:10:00-04:00,102.54000091552734,102.54000091552734,102.4800033569336,102.4800033569336,102.4800033569336,2526
2024-04-12 12:11:00-04:00,102.48999786376953,102.48999786376953,102.48999786376953,102.48999786376953,102.48999786376953,314
2024-04-12 12:12:00-04:00,102.48999786376953,102.48999786376953,102.48999786376953,102.48999786376953,102.48999786376953,625
2024-04-12 12:13:00-04:00,102.48999786376953,102.48999786376953,102.45999908447266,102.4749984741211,102.4749984741211,2621
2024-04-12 12:14:00-04:00,102.44999694824219,102.55000305175781,102.44999694824219,102.55000305175781,102.55000305175781,2107
2024-04-12 12:15:00-04:00,102.54000091552734,102.54000091552734,102.48999786376953,102.48999786376953,102.48999786376953,2020
2024-04-12 12:16:00-04:00,102.44999694824219,102.44999694824219,102.4000015258789,102.4000015258789,102.4000015258789,3578
2024-04-12 12:17:00-04:00,102.33000183105469,102.33000183105469,102.31999969482422,102.31999969482422,102.31999969482422,294
2024-04-12 12:18:00-04:00,102.30000305175781,102.30000305175781,102.27999877929688,102.27999877929688,102.27999877929688,1131
2024-04-12 12:19:00-04:00,102.30999755859375,102.30999755859375,102.19000244140625,102.19000244140625,102.19000244140625,1782
2024-04-12 12:20:00-04:00,102.22000122070312,102.22000122070312,102.21730041503906,102.21730041503906,102.21730041503906,1736
2024-04-12 12:21:00-04:00,102.1500015258789,102.22000122070312,102.1500015258789,102.22000122070312,102.22000122070312,876
2024-04-12 12:22:00-04:00,102.22000122070312,102.22000122070312,102.19000244140625,102.19000244140625,102.19000244140625,1458
2024-04-12 12:23:00-04:00,102.18499755859375,102.18499755859375,102.11000061035156,102.11900329589844,102.11900329589844,2587
2024-04-12 12:24:00-04:00,102.12000274658203,102.12000274658203,102.12000274658203,102.12000274658203,102.12000274658203,915
2024-04-12 12:25:00-04:00,102.13999938964844,102.16000366210938,102.13999938964844,102.16000366210938,102.16000366210938,1472
2024-04-12 12:26:00-04:00,102.15499877929688,102.15499877929688,102.05999755859375,102.05999755859375,102.05999755859375,1916
2024-04-12 12:27:00-04:00,102.08000183105469,102.10990142822266,102.08000183105469,102.08000183105469,102.08000183105469,690
2024-04-12 12:28:00-04:00,102.05999755859375,102.11000061035156,102.05999755859375,102.1050033569336,102.1050033569336,1354
2024-04-12 12:29:00-04:00,102.08999633789062,102.0999984741211,102.08000183105469,102.08000183105469,102.08000183105469,1475
2024-04-12 12:30:00-04:00,102.09500122070312,102.09500122070312,102.09500122070312,102.09500122070312,102.09500122070312,77
2024-04-12 12:31:00-04:00,102.08999633789062,102.08999633789062,102.06999969482422,102.08000183105469,102.08000183105469,1620
2024-04-12 12:32:00-04:00,102.08000183105469,102.08000183105469,101.91999816894531,101.91999816894531,101.91999816894531,14024
2024-04-12 12:33:00-04:00,101.94000244140625,102.12000274658203,101.94000244140625,102.08999633789062,102.08999633789062,17341
2024-04-12 12:34:00-04:00,102.09369659423828,102.13500213623047,102.09369659423828,102.13500213623047,102.13500213623047,2140
2024-04-12 12:35:00-04:00,102.19000244140625,102.19750213623047,102.0999984741211,102.0999984741211,102.0999984741211,2447
2024-04-12 12:36:00-04:00,102.08999633789062,102.08999633789062,102.02999877929688,102.05000305175781,102.05000305175781,1918
2024-04-12 12:37:00-04:00,102.02999877929688,102.02999877929688,101.92009735107422,101.94000244140625,101.94000244140625,3786
2024-04-12 12:38:00-04:00,101.9000015258789,101.9000015258789,101.83000183105469,101.87000274658203,101.87000274658203,3032
2024-04-12 12:39:00-04:00,101.87999725341797,101.93000030517578,101.8499984741211,101.91000366210938,101.91000366210938,3307
2024-04-12 12:40:00-04:00,101.9000015258789,101.9000015258789,101.86000061035156,101.86499786376953,101.86499786376953,2090
2024-04-12 12:41:00-04:00,101.80999755859375,101.85700225830078,101.77999877929688,101.85700225830078,101.85700225830078,3400
2024-04-12 12:42:00-04:00,101.88999938964844,101.88999938964844,101.87000274658203,101.87000274658203,101.87000274658203,1969
2024-04-12 12:43:00-04:00,101.87010192871094,101.93000030517578,101.87000274658203,101.87000274658203,101.87000274658203,2006
2024-04-12 12:44:00-04:00,101.90450286865234,101.91999816894531,101.83000183105469,101.83000183105469,101.83000183105469,6622
2024-04-12 12:45:00-04:00,101.83899688720703,101.9000015258789,101.77999877929688,101.9000015258789,101.9000015258789,2663
2024-04-12 12:46:00-04:00,101.87000274658203,101.89689636230469,101.87000274658203,101.89689636230469,101.89689636230469,1000
2024-04-12 12:47:00-04:00,101.81999969482422,101.84960174560547,101.76000213623047,101.77799987792969,101.77799987792969,10044
2024-04-12 12:48:00-04:00,101.79000091552734,101.79000091552734,101.75,101.75,101.75,1767
2024-04-12 12:49:00-04:00,101.7750015258789,101.7750015258789,101.72000122070312,101.72000122070312,101.72000122070312,1230
2024-04-12 12:50:00-04:00,101.74500274658203,101.875,101.74500274658203,101.875,101.875,3633
2024-04-12 12:51:00-04:00,101.85009765625,101.86000061035156,101.8499984741211,101.8499984741211,101.8499984741211,1333
2024-04-12 12:52:00-04:00,101.8593978881836,101.91000366210938,101.8593978881836,101.86000061035156,101.86000061035156,4400
2024-04-12 12:53:00-04:00,101.83999633789062,101.84500122070312,101.83000183105469,101.84500122070312,101.84500122070312,1009
2024-04-12 12:54:00-04:00,101.84500122070312,101.84500122070312,101.80500030517578,101.81500244140625,101.81500244140625,3180
2024-04-12 12:55:00-04:00,101.83999633789062,101.87999725341797,101.83999633789062,101.83999633789062,101.83999633789062,998
2024-04-12 12:56:00-04:00,101.83499908447266,101.9000015258789,101.83499908447266,101.9000015258789,101.9000015258789,1215
2024-04-12 12:57:00-04:00,101.8949966430664,101.8949966430664,101.8949966430664,101.8949966430664,101.8949966430664,381
2024-04-12 12:58:00-04:00,101.90499877929688,101.90499877929688,101.81999969482422,101.81999969482422,101.81999969482422,2425
2024-04-12 12:59:00-04:00,101.81999969482422,101.82499694824219,101.80500030517578,101.80500030517578,101.80500030517578,1397
2024-04-12 13:00:00-04:00,101.75,101.75,101.7300033569336,101.7384033203125,101.7384033203125,828
2024-04-12 13:01:00-04:00,101.73999786376953,101.73999786376953,101.72000122070312,101.7300033569336,101.7300033569336,834
2024-04-12 13:02:00-04:00,101.69999694824219,101.69999694824219,101.62999725341797,101.62999725341797,101.62999725341797,1599
2024-04-12 13:03:00-04:00,101.63999938964844,101.63999938964844,101.58999633789062,101.58999633789062,101.58999633789062,5065
2024-04-12 13:04:00-04:00,101.58999633789062,101.58999633789062,101.55000305175781,101.56999969482422,101.56999969482422,3306
2024-04-12 13:05:00-04:00,101.58000183105469,101.6500015258789,101.58000183105469,101.625,101.625,2260
2024-04-12 13:06:00-04:00,101.6500015258789,101.6500015258789,101.6500015258789,101.6500015258789,101.6500015258789,990
2024-04-12 13:08:00-04:00,101.7249984741211,101.7249984741211,101.6500015258789,101.69000244140625,101.69000244140625,1657
2024-04-12 13:09:00-04:00,101.70999908447266,101.70999908447266,101.61499786376953,101.62000274658203,101.62000274658203,2889
2024-04-12 13:10:00-04:00,101.66000366210938,101.71499633789062,101.6500015258789,101.70909881591797,101.70909881591797,2557
2024-04-12 13:11:00-04:00,101.62000274658203,101.62000274658203,101.58999633789062,101.5999984741211,101.5999984741211,1926
2024-04-12 13:12:00-04:00,101.62999725341797,101.62999725341797,101.62999725341797,101.62999725341797,101.62999725341797,1812
2024-04-12 13:13:00-04:00,101.62000274658203,101.62000274658203,101.62000274658203,101.62000274658203,101.62000274658203,520
2024-04-12 13:14:00-04:00,101.62000274658203,101.625,101.62000274658203,101.625,101.625,867
2024-04-12 13:15:00-04:00,101.63009643554688,101.72000122070312,101.62999725341797,101.72000122070312,101.72000122070312,5318
2024-04-12 13:16:00-04:00,101.72000122070312,101.72000122070312,101.72000122070312,101.72000122070312,101.72000122070312,312
2024-04-12 13:17:00-04:00,101.70999908447266,101.76000213623047,101.70999908447266,101.70999908447266,101.70999908447266,1549
2024-04-12 13:18:00-04:00,101.7300033569336,101.76000213623047,101.7300033569336,101.75,101.75,2415
2024-04-12 13:19:00-04:00,101.66999816894531,101.66999816894531,101.62999725341797,101.63999938964844,101.63999938964844,2086
2024-04-12 13:20:00-04:00,101.66000366210938,101.68499755859375,101.66000366210938,101.68000030517578,101.68000030517578,1572
2024-04-12 13:21:00-04:00,101.69000244140625,101.69000244140625,101.69000244140625,101.69000244140625,101.69000244140625,812
2024-04-12 13:22:00-04:00,101.68000030517578,101.68000030517578,101.65499877929688,101.66999816894531,101.66999816894531,3070
2024-04-12 13:23:00-04:00,101.625,101.65499877929688,101.62000274658203,101.65499877929688,101.65499877929688,1007
2024-04-12 13:24:00-04:00,101.6500015258789,101.6500015258789,101.62999725341797,101.62999725341797,101.62999725341797,974
2024-04-12 13:25:00-04:00,101.5999984741211,101.66000366210938,101.5999984741211,101.66000366210938,101.66000366210938,2838
2024-04-12 13:26:00-04:00,101.68000030517578,101.68000030517578,101.6500015258789,101.6500015258789,101.6500015258789,1285
2024-04-12 13:27:00-04:00,101.5999984741211,101.5999984741211,101.58999633789062,101.58999633789062,101.58999633789062,1310
2024-04-12 13:29:00-04:00,101.63500213623047,101.63500213623047,101.63500213623047,101.63500213623047,101.63500213623047,241
2024-04-12 13:30:00-04:00,101.61000061035156,101.625,101.56700134277344,101.59500122070312,101.59500122070312,3122
2024-04-12 13:31:00-04:00,101.58499908447266,101.5999984741211,101.55000305175781,101.5999984741211,101.5999984741211,2083
2024-04-12 13:32:00-04:00,101.58719635009766,101.62000274658203,101.58000183105469,101.62000274658203,101.62000274658203,914
2024-04-12 13:33:00-04:00,101.61000061035156,101.61000061035156,101.61000061035156,101.61000061035156,101.61000061035156,1056
2024-04-12 13:34:00-04:00,101.55999755859375,101.56999969482422,101.55000305175781,101.56999969482422,101.56999969482422,1405
2024-04-12 13:35:00-04:00,101.5999984741211,101.5999984741211,101.54000091552734,101.54000091552734,101.54000091552734,2107
2024-04-12 13:36:00-04:00,101.56500244140625,101.56500244140625,101.41000366210938,101.41100311279297,101.41100311279297,21187
2024-04-12 13:37:00-04:00,101.41500091552734,101.43000030517578,101.37999725341797,101.37999725341797,101.37999725341797,1052
2024-04-12 13:38:00-04:00,101.34500122070312,101.37000274658203,101.31999969482422,101.31999969482422,101.31999969482422,2240
2024-04-12 13:39:00-04:00,101.31999969482422,101.38999938964844,101.31500244140625,101.38999938964844,101.38999938964844,1967
2024-04-12 13:40:00-04:00,101.42500305175781,101.45999908447266,101.41999816894531,101.45999908447266,101.45999908447266,806
2024-04-12 13:41:00-04:00,101.45999908447266,101.45999908447266,101.43000030517578,101.43000030517578,101.43000030517578,925
2024-04-12 13:42:00-04:00,101.4000015258789,101.44499969482422,101.4000015258789,101.44499969482422,101.44499969482422,1921
2024-04-12 13:43:00-04:00,101.51000213623047,101.55000305175781,101.5,101.5250015258789,101.5250015258789,3816
2024-04-12 13:44:00-04:00,101.55000305175781,101.55000305175781,101.47000122070312,101.5,101.5,3193
2024-04-12 13:45:00-04:00,101.4749984741211,101.48999786376953,101.4749984741211,101.48210144042969,101.48210144042969,851
2024-04-12 13:46:00-04:00,101.45010375976562,101.47000122070312,101.43000030517578,101.47000122070312,101.47000122070312,2767
2024-04-12 13:47:00-04:00,101.48999786376953,101.58499908447266,101.48999786376953,101.58499908447266,101.58499908447266,2668
2024-04-12 13:48:00-04:00,101.5999984741211,101.66000366210938,101.58999633789062,101.66000366210938,101.66000366210938,2873
2024-04-12 13:49:00-04:00,101.69989776611328,101.69989776611328,101.63999938964844,101.63999938964844,101.63999938964844,3686
2024-04-12 13:50:00-04:00,101.66999816894531,101.70999908447266,101.66000366210938,101.70999908447266,101.70999908447266,1921
2024-04-12 13:51:00-04:00,101.73999786376953,101.73999786376953,101.62999725341797,101.62999725341797,101.62999725341797,5321
2024-04-12 13:52:00-04:00,101.61820220947266,101.61820220947266,101.5999984741211,101.5999984741211,101.5999984741211,1972
2024-04-12 13:53:00-04:00,101.55000305175781,101.55000305175781,101.55000305175781,101.55000305175781,101.55000305175781,1476
2024-04-12 13:54:00-04:00,101.52999877929688,101.55999755859375,101.51499938964844,101.51499938964844,101.51499938964844,2909
2024-04-12 13:55:00-04:00,101.54000091552734,101.58999633789062,101.54000091552734,101.58999633789062,101.58999633789062,2422
2024-04-12 13:56:00-04:00,101.56999969482422,101.62999725341797,101.56999969482422,101.62999725341797,101.62999725341797,2025
2024-04-12 13:57:00-04:00,101.63999938964844,101.69999694824219,101.62000274658203,101.63999938964844,101.63999938964844,1973
2024-04-12 13:58:00-04:00,101.5999984741211,101.5999984741211,101.55000305175781,101.55999755859375,101.55999755859375,2066
2024-04-12 13:59:00-04:00,101.58499908447266,101.58499908447266,101.56999969482422,101.56999969482422,101.56999969482422,744
2024-04-12 14:00:00-04:00,101.54000091552734,101.54000091552734,101.5,101.5,101.5,1225
2024-04-12 14:01:00-04:00,101.5,101.5,101.36499786376953,101.36499786376953,101.36499786376953,2772
2024-04-12 14:02:00-04:00,101.37000274658203,101.37000274658203,101.31999969482422,101.31999969482422,101.31999969482422,1539
2024-04-12 14:03:00-04:00,101.33499908447266,101.33499908447266,101.30999755859375,101.31999969482422,101.31999969482422,2444
2024-04-12 14:04:00-04:00,101.30000305175781,101.36000061035156,101.30000305175781,101.36000061035156,101.36000061035156,1125
2024-04-12 14:05:00-04:00,101.3550033569336,101.45999908447266,101.3550033569336,101.45999908447266,101.45999908447266,2856
2024-04-12 14:07:00-04:00,101.5199966430664,101.52999877929688,101.47010040283203,101.4801025390625,101.4801025390625,2517
2024-04-12 14:08:00-04:00,101.54000091552734,101.54000091552734,101.54000091552734,101.54000091552734,101.54000091552734,544
2024-04-12 14:09:00-04:00,101.6500015258789,101.66000366210938,101.58000183105469,101.66000366210938,101.66000366210938,2785
2024-04-12 14:10:00-04:00,101.64990234375,101.64990234375,101.62000274658203,101.625,101.625,1667
2024-04-12 14:11:00-04:00,101.62000274658203,101.69999694824219,101.62000274658203,101.6500015258789,101.6500015258789,4781
2024-04-12 14:12:00-04:00,101.63999938964844,101.66999816894531,101.55000305175781,101.55000305175781,101.55000305175781,4222
2024-04-12 14:13:00-04:00,101.58999633789062,101.58999633789062,101.58999633789062,101.58999633789062,101.58999633789062,1366
2024-04-12 14:14:00-04:00,101.61000061035156,101.61000061035156,101.56999969482422,101.58499908447266,101.58499908447266,1445
2024-04-12 14:15:00-04:00,101.57499694824219,101.57499694824219,101.57499694824219,101.57499694824219,101.57499694824219,235
2024-04-12 14:16:00-04:00,101.5999984741211,101.72000122070312,101.5999984741211,101.70500183105469,101.70500183105469,3617
2024-04-12 14:17:00-04:00,101.70500183105469,101.70500183105469,101.66999816894531,101.69999694824219,101.69999694824219,6380
2024-04-12 14:18:00-04:00,101.71499633789062,101.75,101.70999908447266,101.75,101.75,3115
2024-04-12 14:19:00-04:00,101.75,101.76000213623047,101.66999816894531,101.66999816894531,101.66999816894531,5772
2024-04-12 14:20:00-04:00,101.66500091552734,101.7249984741211,101.66000366210938,101.7249984741211,101.7249984741211,3123
2024-04-12 14:21:00-04:00,101.68499755859375,101.68499755859375,101.61000061035156,101.66999816894531,101.66999816894531,2095
2024-04-12 14:22:00-04:00,101.63999938964844,101.66000366210938,101.62000274658203,101.66000366210938,101.66000366210938,2266
2024-04-12 14:23:00-04:00,101.62000274658203,101.62000274658203,101.58999633789062,101.58999633789062,101.58999633789062,930
2024-04-12 14:24:00-04:00,101.58000183105469,101.58000183105469,101.54499816894531,101.54499816894531,101.54499816894531,1539
2024-04-12 14:25:00-04:00,101.5,101.51000213623047,101.4800033569336,101.5,101.5,673
2024-04-12 14:26:00-04:00,101.50499725341797,101.50499725341797,101.48999786376953,101.48999786376953,101.48999786376953,873
2024-04-12 14:27:00-04:00,101.5,101.5,101.38999938964844,101.38999938964844,101.38999938964844,3095
2024-04-12 14:28:00-04:00,101.41999816894531,101.41999816894531,101.37999725341797,101.4000015258789,101.4000015258789,2044
2024-04-12 14:29:00-04:00,101.38999938964844,101.41500091552734,101.38999938964844,101.41500091552734,101.41500091552734,1346
2024-04-12 14:30:00-04:00,101.42500305175781,101.42500305175781,101.37999725341797,101.37999725341797,101.37999725341797,4643
2024-04-12 14:31:00-04:00,101.37000274658203,101.37999725341797,101.3499984741211,101.37999725341797,101.37999725341797,1729
2024-04-12 14:32:00-04:00,101.375,101.375,101.30000305175781,101.3104019165039,101.3104019165039,6067
2024-04-12 14:33:00-04:00,101.33000183105469,101.3499984741211,101.33000183105469,101.3499984741211,101.3499984741211,1047
2024-04-12 14:34:00-04:00,101.33000183105469,101.38500213623047,101.33000183105469,101.37000274658203,101.37000274658203,1887
2024-04-12 14:35:00-04:00,101.37000274658203,101.39430236816406,101.3499984741211,101.39430236816406,101.39430236816406,2388
2024-04-12 14:36:00-04:00,101.375,101.375,101.30999755859375,101.30999755859375,101.30999755859375,3562
2024-04-12 14:37:00-04:00,101.27999877929688,101.30500030517578,101.27999877929688,101.29000091552734,101.29000091552734,2018
2024-04-12 14:38:00-04:00,101.27999877929688,101.32499694824219,101.2699966430664,101.31999969482422,101.31999969482422,2283
2024-04-12 14:40:00-04:00,101.29499816894531,101.29499816894531,101.19059753417969,101.19059753417969,101.19059753417969,4196
2024-04-12 14:41:00-04:00,101.19000244140625,101.29499816894531,101.19000244140625,101.29499816894531,101.29499816894531,6510
2024-04-12 14:42:00-04:00,101.2500991821289,101.33499908447266,101.2500991821289,101.33499908447266,101.33499908447266,1840
2024-04-12 14:43:00-04:00,101.31999969482422,101.33999633789062,101.30000305175781,101.30000305175781,101.30000305175781,2015
2024-04-12 14:44:00-04:00,101.33999633789062,101.37000274658203,101.33999633789062,101.36000061035156,101.36000061035156,2018
2024-04-12 14:45:00-04:00,101.4000015258789,101.4000015258789,101.30999755859375,101.33999633789062,101.33999633789062,3177
2024-04-12 14:46:00-04:00,101.31500244140625,101.31500244140625,101.31500244140625,101.31500244140625,101.31500244140625,784
2024-04-12 14:47:00-04:00,101.29499816894531,101.29499816894531,101.25,101.27999877929688,101.27999877929688,2769
2024-04-12 14:48:00-04:00,101.30000305175781,101.30000305175781,101.26000213623047,101.27999877929688,101.27999877929688,2129
2024-04-12 14:49:00-04:00,101.26499938964844,101.26499938964844,101.2249984741211,101.2249984741211,101.2249984741211,1392
2024-04-12 14:50:00-04:00,101.23999786376953,101.2699966430664,101.22010040283203,101.23999786376953,101.23999786376953,2642
2024-04-12 14:51:00-04:00,101.25,101.31999969482422,101.23999786376953,101.30010223388672,101.30010223388672,3053
2024-04-12 14:52:00-04:00,101.30000305175781,101.33000183105469,101.30000305175781,101.33000183105469,101.33000183105469,1794
2024-04-12 14:53:00-04:00,101.33999633789062,101.33999633789062,101.31999969482422,101.33499908447266,101.33499908447266,1386
2024-04-12 14:54:00-04:00,101.3499984741211,101.3499984741211,101.33999633789062,101.34500122070312,101.34500122070312,2351
2024-04-12 14:55:00-04:00,101.36000061035156,101.36000061035156,101.33000183105469,101.33000183105469,101.33000183105469,3954
2024-04-12 14:56:00-04:00,101.34500122070312,101.37000274658203,101.34500122070312,101.37000274658203,101.37000274658203,3522
2024-04-12 14:57:00-04:00,101.36000061035156,101.4000015258789,101.3499984741211,101.38999938964844,101.38999938964844,2688
2024-04-12 14:58:00-04:00,101.38999938964844,101.38999938964844,101.33499908447266,101.37000274658203,101.37000274658203,3439
2024-04-12 14:59:00-04:00,101.375,101.4000015258789,101.37000274658203,101.3949966430664,101.3949966430664,1711
2024-04-12 15:00:00-04:00,101.3499984741211,101.3499984741211,101.22570037841797,101.27999877929688,101.27999877929688,3340
2024-04-12 15:01:00-04:00,101.24500274658203,101.24500274658203,101.2300033569336,101.2300033569336,101.2300033569336,1760
2024-04-12 15:02:00-04:00,101.19999694824219,101.2699966430664,101.19999694824219,101.2699966430664,101.2699966430664,2403
2024-04-12 15:03:00-04:00,101.23999786376953,101.23999786376953,101.23999786376953,101.23999786376953,101.23999786376953,1688
2024-04-12 15:04:00-04:00,101.2699966430664,101.29000091552734,101.22000122070312,101.22000122070312,101.22000122070312,3697
2024-04-12 15:05:00-04:00,101.18000030517578,101.22000122070312,101.16999816894531,101.19000244140625,101.19000244140625,4093
2024-04-12 15:06:00-04:00,101.20999908447266,101.23999786376953,101.19000244140625,101.19000244140625,101.19000244140625,5347
2024-04-12 15:07:00-04:00,101.19499969482422,101.2300033569336,101.19499969482422,101.2300033569336,101.2300033569336,3034
2024-04-12 15:08:00-04:00,101.23280334472656,101.23500061035156,101.20999908447266,101.20999908447266,101.20999908447266,2236
2024-04-12 15:09:00-04:00,101.20999908447266,101.22000122070312,101.20999908447266,101.22000122070312,101.22000122070312,1398
2024-04-12 15:10:00-04:00,101.20999908447266,101.20999908447266,101.19000244140625,101.19000244140625,101.19000244140625,2925
2024-04-12 15:11:00-04:00,101.20999908447266,101.30000305175781,101.20999908447266,101.30000305175781,101.30000305175781,5077
2024-04-12 15:12:00-04:00,101.29000091552734,101.29000091552734,101.26000213623047,101.2699966430664,101.2699966430664,1534
2024-04-12 15:13:00-04:00,101.25,101.26000213623047,101.19000244140625,101.19000244140625,101.19000244140625,3355
2024-04-12 15:14:00-04:00,101.17500305175781,101.18000030517578,101.16000366210938,101.18000030517578,101.18000030517578,3313
2024-04-12 15:15:00-04:00,101.17500305175781,101.19000244140625,101.16500091552734,101.19000244140625,101.19000244140625,2489
2024-04-12 15:16:00-04:00,101.18000030517578,101.18000030517578,101.06999969482422,101.08999633789062,101.08999633789062,18087
2024-04-12 15:17:00-04:00,101.08999633789062,101.16000366210938,101.08999633789062,101.12999725341797,101.12999725341797,4134
2024-04-12 15:18:00-04:00,101.0999984741211,101.12999725341797,101.0999984741211,101.12999725341797,101.12999725341797,1320
2024-04-12 15:19:00-04:00,101.12999725341797,101.20249938964844,101.12999725341797,101.20249938964844,101.20249938964844,3374
2024-04-12 15:20:00-04:00,101.22000122070312,101.31999969482422,101.22000122070312,101.30999755859375,101.30999755859375,2404
2024-04-12 15:21:00-04:00,101.41999816894531,101.41999816894531,101.36000061035156,101.37000274658203,101.37000274658203,3695
2024-04-12 15:22:00-04:00,101.36000061035156,101.36000061035156,101.33000183105469,101.33000183105469,101.33000183105469,1817
2024-04-12 15:23:00-04:00,101.33499908447266,101.33499908447266,101.30999755859375,101.33000183105469,101.33000183105469,957
2024-04-12 15:24:00-04:00,101.3499984741211,101.38999938964844,101.27999877929688,101.29000091552734,101.29000091552734,4906
2024-04-12 15:25:00-04:00,101.2699966430664,101.33000183105469,101.2699966430664,101.33000183105469,101.33000183105469,2402
2024-04-12 15:26:00-04:00,101.31500244140625,101.3499984741211,101.27999877929688,101.30999755859375,101.30999755859375,3258
2024-04-12 15:27:00-04:00,101.33999633789062,101.36000061035156,101.33499908447266,101.33499908447266,101.33499908447266,1096
2024-04-12 15:28:00-04:00,101.3499984741211,101.3499984741211,101.27999877929688,101.27999877929688,101.27999877929688,5110
2024-04-12 15:29:00-04:00,101.24500274658203,101.24500274658203,101.22200012207031,101.2300033569336,101.2300033569336,3440
2024-04-12 15:30:00-04:00,101.22000122070312,101.22000122070312,101.13999938964844,101.13999938964844,101.13999938964844,5864
2024-04-12 15:31:00-04:00,101.125,101.1500015258789,101.0999984741211,101.12000274658203,101.12000274658203,4747
2024-04-12 15:32:00-04:00,101.12999725341797,101.16000366210938,101.11100006103516,101.11100006103516,101.11100006103516,3637
2024-04-12 15:33:00-04:00,101.12000274658203,101.1449966430664,101.0999984741211,101.1449966430664,101.1449966430664,4157
2024-04-12 15:34:00-04:00,101.13999938964844,101.15499877929688,101.09200286865234,101.09300231933594,101.09300231933594,6531
2024-04-12 15:35:00-04:00,101.08999633789062,101.0999984741211,101.04000091552734,101.05000305175781,101.05000305175781,3161
2024-04-12 15:36:00-04:00,101.05000305175781,101.06999969482422,101.02999877929688,101.05000305175781,101.05000305175781,3009
2024-04-12 15:37:00-04:00,101.05999755859375,101.11000061035156,101.05999755859375,101.06199645996094,101.06199645996094,10064
2024-04-12 15:38:00-04:00,101.06999969482422,101.11000061035156,101.02999877929688,101.05000305175781,101.05000305175781,8534
2024-04-12 15:39:00-04:00,101.05000305175781,101.07499694824219,101.0199966430664,101.0199966430664,101.0199966430664,6386
2024-04-12 15:40:00-04:00,101.02999877929688,101.03500366210938,100.91000366210938,100.94999694824219,100.94999694824219,11943
2024-04-12 15:41:00-04:00,100.94000244140625,100.9800033569336,100.93000030517578,100.9800033569336,100.9800033569336,13035
2024-04-12 15:42:00-04:00,100.98999786376953,101.05999755859375,100.98999786376953,101.0199966430664,101.0199966430664,7239
2024-04-12 15:43:00-04:00,101.05999755859375,101.19999694824219,101.05000305175781,101.18099975585938,101.18099975585938,36482
2024-04-12 15:44:00-04:00,101.19499969482422,101.28500366210938,101.1500015258789,101.28500366210938,101.28500366210938,6702
2024-04-12 15:45:00-04:00,101.28500366210938,101.41000366210938,101.28500366210938,101.4000015258789,101.4000015258789,6420
2024-04-12 15:46:00-04:00,101.4000015258789,101.44999694824219,101.38999938964844,101.38999938964844,101.38999938964844,9123
2024-04-12 15:47:00-04:00,101.30000305175781,101.33999633789062,101.19010162353516,101.22000122070312,101.22000122070312,9720
2024-04-12 15:48:00-04:00,101.25,101.375,101.25,101.375,101.375,6549
2024-04-12 15:49:00-04:00,101.34100341796875,101.41000366210938,101.3219985961914,101.3499984741211,101.3499984741211,12001
2024-04-12 15:50:00-04:00,101.37999725341797,101.41999816894531,101.29000091552734,101.29000091552734,101.29000091552734,14151
2024-04-12 15:51:00-04:00,101.29000091552734,101.38999938964844,101.2699966430664,101.33000183105469,101.33000183105469,13079
2024-04-12 15:52:00-04:00,101.31999969482422,101.33000183105469,101.28299713134766,101.33000183105469,101.33000183105469,13775
2024-04-12 15:53:00-04:00,101.33999633789062,101.38999938964844,101.2300033569336,101.26499938964844,101.26499938964844,14629
2024-04-12 15:54:00-04:00,101.27999877929688,101.47000122070312,101.27999877929688,101.41000366210938,101.41000366210938,30251
2024-04-12 15:55:00-04:00,101.41000366210938,101.53500366210938,101.33999633789062,101.3499984741211,101.3499984741211,23225
2024-04-12 15:56:00-04:00,101.34500122070312,101.34500122070312,101.25,101.26499938964844,101.26499938964844,28381
2024-04-12 15:57:00-04:00,101.27999877929688,101.27999877929688,101.19000244140625,101.19999694824219,101.19999694824219,26970
2024-04-12 15:58:00-04:00,101.20999908447266,101.23500061035156,101.18000030517578,101.18499755859375,101.18499755859375,46132
2024-04-12 15:59:00-04:00,101.18499755859375,101.20999908447266,101.13500213623047,101.16999816894531,101.16999816894531,77398
