Date,Open,High,Low,Close,Adj Close,Volume
2014-01-02,53.150001525878906,53.689998626708984,53.08000183105469,53.540000915527344,34.33572769165039,2575100
2014-01-03,53.279998779296875,53.380001068115234,52.900001525878906,53.04999923706055,34.021488189697266,2160600
2014-01-06,53.290000915527344,54.79999923706055,53.13999938964844,54.290000915527344,34.81670379638672,3218400
2014-01-07,54.41999816894531,54.63999938964844,53.849998474121094,54.2599983215332,34.7974739074707,2185700
2014-01-08,54.189998626708984,54.31999969482422,53.70000076293945,53.900001525878906,34.56660461425781,1648100
2014-01-09,54.06999969482422,54.220001220703125,53.5,54.02000045776367,34.643558502197266,1558300
2014-01-10,54.310001373291016,55.5099983215332,54.29999923706055,55.47999954223633,35.57986831665039,2889400
2014-01-13,55.36000061035156,56.15999984741211,55.18000030517578,55.95000076293945,35.881282806396484,4426300
2014-01-14,55.91999816894531,55.95000076293945,54.959999084472656,55.13999938964844,35.36183166503906,3374200
2014-01-15,55.2599983215332,55.869998931884766,55.25,55.54999923706055,35.6247673034668,2596200
2014-01-16,55.79999923706055,56.16999816894531,55.650001525878906,56.060001373291016,35.95182418823242,2183400
2014-01-17,56.20000076293945,56.2400016784668,55.54999923706055,55.59000015258789,35.65040588378906,2001300
2014-01-21,55.959999084472656,56.470001220703125,55.869998931884766,56.439998626708984,36.19552993774414,2055000
2014-01-22,56.43000030517578,56.790000915527344,56.290000915527344,56.540000915527344,36.25965881347656,1541600
2014-01-23,56.599998474121094,56.619998931884766,55.95000076293945,56.029998779296875,35.93259048461914,2188600
2014-01-24,56.0099983215332,56.209999084472656,55.66999816894531,55.91999816894531,35.86204147338867,2931600
2014-01-27,55.939998626708984,56.63999938964844,55.91999816894531,56.25,36.07367706298828,2531800
2014-01-28,56.40999984741211,57.099998474121094,56.31999969482422,56.790000915527344,36.41998291015625,1828500
2014-01-29,56.5099983215332,56.7599983215332,56.20000076293945,56.689998626708984,36.35585403442383,2141300
2014-01-30,56.91999816894531,57.529998779296875,56.79999923706055,57.04999923706055,36.58671569824219,1775300
2014-01-31,56.79999923706055,58.11000061035156,56.43000030517578,57.91999816894531,37.1446647644043,2915000
2014-02-03,57.81999969482422,57.900001525878906,57.310001373291016,57.4900016784668,36.868900299072266,2274500
2014-02-04,57.45000076293945,57.790000915527344,57.15999984741211,57.630001068115234,36.95869445800781,2312400
2014-02-05,57.52000045776367,57.72999954223633,56.5,56.90999984741211,36.49694061279297,2106100
2014-02-06,56.0,56.540000915527344,55.869998931884766,56.279998779296875,36.60426330566406,2066600
2014-02-07,56.41999816894531,56.959999084472656,56.209999084472656,56.88999938964844,37.00099182128906,1628200
2014-02-10,56.7599983215332,57.2400016784668,56.40999984741211,57.09000015258789,37.131072998046875,1761100
2014-02-11,57.13999938964844,57.599998474121094,56.79999923706055,57.13999938964844,37.16360092163086,1703900
2014-02-12,57.099998474121094,57.279998779296875,56.619998931884766,56.83000183105469,36.96198272705078,1258100
2014-02-13,56.68000030517578,57.41999816894531,56.54999923706055,56.9900016784668,37.066043853759766,1458800
2014-02-14,57.040000915527344,57.25,56.58000183105469,56.86000061035156,36.98149871826172,1495200
2014-02-18,56.810001373291016,57.060001373291016,56.310001373291016,56.959999084472656,37.046531677246094,1477000
2014-02-19,56.95000076293945,57.959999084472656,56.79999923706055,57.33000183105469,37.287174224853516,1905600
2014-02-20,57.40999984741211,57.95000076293945,56.310001373291016,56.58000183105469,36.799381256103516,1846600
2014-02-21,56.47999954223633,56.97999954223633,56.0099983215332,56.779998779296875,36.929466247558594,2522200
2014-02-24,56.790000915527344,58.52000045776367,56.790000915527344,58.029998779296875,37.7424430847168,1972600
2014-02-25,58.06999969482422,58.130001068115234,57.43000030517578,57.65999984741211,37.50179672241211,1579300
2014-02-26,57.83000183105469,58.029998779296875,57.400001525878906,57.90999984741211,37.66440200805664,1310000
2014-02-27,57.9900016784668,58.400001525878906,57.77000045776367,58.130001068115234,37.807498931884766,1038100
2014-02-28,58.18000030517578,59.08000183105469,58.06999969482422,58.7400016784668,38.2042236328125,2273800
2014-03-03,58.470001220703125,58.91999816894531,58.16999816894531,58.86000061035156,38.28227996826172,1459300
2014-03-04,59.25,59.810001373291016,59.13999938964844,59.61000061035156,38.770076751708984,1509300
2014-03-05,59.54999923706055,59.93000030517578,59.27000045776367,59.869998931884766,38.939170837402344,1225500
2014-03-06,59.86000061035156,59.869998931884766,58.939998626708984,59.04999923706055,38.40585708618164,1583000
2014-03-07,58.93000030517578,58.970001220703125,57.54999923706055,58.290000915527344,37.91154861450195,2009600
2014-03-10,58.25,58.45000076293945,57.68000030517578,58.09000015258789,37.78147506713867,1979700
2014-03-11,58.11000061035156,59.04999923706055,58.040000915527344,58.86000061035156,38.28227996826172,2216200
2014-03-12,58.81999969482422,59.650001525878906,58.81999969482422,59.310001373291016,38.574974060058594,2332600
2014-03-13,59.38999938964844,59.38999938964844,58.54999923706055,58.63999938964844,38.139190673828125,1766900
2014-03-14,58.630001068115234,59.43000030517578,58.560001373291016,58.93000030517578,38.32780838012695,1468800
2014-03-17,59.08000183105469,59.130001068115234,58.349998474121094,58.599998474121094,38.11317443847656,1234900
2014-03-18,58.68000030517578,58.709999084472656,58.15999984741211,58.38999938964844,37.976585388183594,1639100
2014-03-19,58.45000076293945,59.0,57.060001373291016,57.18000030517578,37.18962097167969,2013900
2014-03-20,57.06999969482422,57.119998931884766,56.45000076293945,57.04999923706055,37.105064392089844,2027200
2014-03-21,57.7400016784668,58.27000045776367,57.290000915527344,58.22999954223633,37.872520446777344,3762100
2014-03-24,58.25,58.45000076293945,57.7599983215332,57.970001220703125,37.703433990478516,1394400
2014-03-25,58.20000076293945,58.560001373291016,57.84000015258789,58.43000030517578,38.00260543823242,1096500
2014-03-26,58.650001525878906,58.81999969482422,58.04999923706055,58.08000183105469,37.774967193603516,1228400
2014-03-27,58.060001373291016,58.79999923706055,57.81999969482422,58.779998779296875,38.23024368286133,1083100
2014-03-28,58.81999969482422,59.40999984741211,58.7599983215332,59.130001068115234,38.457881927490234,1034000
2014-03-31,59.29999923706055,59.83000183105469,58.790000915527344,59.599998474121094,38.76356887817383,1534800
2014-04-01,59.65999984741211,59.709999084472656,58.90999984741211,59.47999954223633,38.685523986816406,1754800
2014-04-02,59.459999084472656,60.08000183105469,59.310001373291016,59.869998931884766,38.939170837402344,1369900
2014-04-03,59.970001220703125,60.09000015258789,59.13999938964844,59.4900016784668,38.69202423095703,1375500
2014-04-04,59.720001220703125,60.560001373291016,59.439998626708984,60.439998626708984,39.30989456176758,1501500
2014-04-07,60.34000015258789,61.849998474121094,60.33000183105469,61.20000076293945,39.804203033447266,1903400
2014-04-08,61.099998474121094,62.150001525878906,61.099998474121094,62.099998474121094,40.389556884765625,1839200
2014-04-09,62.2400016784668,62.279998779296875,61.5,61.93000030517578,40.278995513916016,1660500
2014-04-10,61.95000076293945,62.459999084472656,61.290000915527344,61.66999816894531,40.109893798828125,1644000
2014-04-11,61.650001525878906,62.349998474121094,61.529998779296875,61.77000045776367,40.174922943115234,2215300
2014-04-14,61.970001220703125,62.09000015258789,61.25,61.689998626708984,40.12289810180664,2196700
2014-04-15,61.630001068115234,62.900001525878906,61.400001525878906,62.720001220703125,40.79280471801758,2133100
2014-04-16,62.790000915527344,62.939998626708984,62.29999923706055,62.83000183105469,40.864349365234375,1569500
2014-04-17,62.66999816894531,62.7400016784668,61.400001525878906,61.939998626708984,40.285491943359375,1885200
2014-04-21,62.02000045776367,62.40999984741211,61.84000015258789,62.18000030517578,40.441585540771484,1316700
2014-04-22,62.040000915527344,62.18000030517578,61.22999954223633,61.790000915527344,40.18793487548828,1493800
2014-04-23,61.880001068115234,61.95000076293945,61.349998474121094,61.72999954223633,40.14890670776367,1630800
2014-04-24,61.779998779296875,62.58000183105469,61.619998931884766,62.36000061035156,40.55866241455078,1033700
2014-04-25,62.369998931884766,62.470001220703125,62.040000915527344,62.18000030517578,40.441585540771484,947900
2014-04-28,62.290000915527344,63.2400016784668,62.2599983215332,63.11000061035156,41.046451568603516,1664100
2014-04-29,63.279998779296875,63.36000061035156,62.790000915527344,62.959999084472656,40.94889450073242,960300
2014-04-30,62.83000183105469,63.11000061035156,62.689998626708984,63.09000015258789,41.03343963623047,1101200
2014-05-01,63.02000045776367,63.279998779296875,62.31999969482422,63.25,41.137516021728516,1450100
2014-05-02,63.060001373291016,63.279998779296875,62.630001068115234,63.099998474121094,41.039955139160156,1292700
2014-05-05,62.970001220703125,63.83000183105469,62.849998474121094,63.540000915527344,41.32612609863281,1270700
2014-05-06,63.220001220703125,63.7599983215332,63.119998931884766,63.36000061035156,41.20905303955078,1432800
2014-05-07,63.40999984741211,64.12000274658203,63.38999938964844,63.630001068115234,41.384666442871094,2125100
2014-05-08,63.04999923706055,64.38999938964844,63.04999923706055,64.30999755859375,42.35612487792969,2531300
2014-05-09,64.22000122070312,65.0999984741211,64.0999984741211,64.38999938964844,42.4088249206543,2097200
2014-05-12,64.37000274658203,64.41999816894531,63.75,64.30999755859375,42.35612487792969,1719500
2014-05-13,64.25,64.83999633789062,63.720001220703125,64.0,42.151954650878906,1405100
2014-05-14,64.08999633789062,64.5,63.77000045776367,63.970001220703125,42.132205963134766,1892500
2014-05-15,63.95000076293945,64.5999984741211,63.869998931884766,64.55000305175781,42.51420593261719,1961500
2014-05-16,64.33999633789062,65.25,64.19999694824219,65.23999786376953,42.968650817871094,1678000
2014-05-19,65.05000305175781,65.13999938964844,64.23999786376953,64.41999816894531,42.428585052490234,1850500
2014-05-20,64.58000183105469,65.22000122070312,64.4800033569336,64.80999755859375,42.68545150756836,1850200
2014-05-21,64.80999755859375,64.83000183105469,63.779998779296875,63.970001220703125,42.132205963134766,1058600
2014-05-22,63.93000030517578,64.19999694824219,63.58000183105469,63.63999938964844,41.914859771728516,1461100
2014-05-23,63.91999816894531,64.5199966430664,63.83000183105469,64.51000213623047,42.48786544799805,1074800
2014-05-27,64.5999984741211,64.76000213623047,64.25,64.43000030517578,42.4351692199707,1526300
2014-05-28,62.56999969482422,62.75,62.099998474121094,62.349998474121094,41.06523895263672,12133300
2014-05-29,62.29999923706055,62.86000061035156,62.25,62.66999816894531,41.27598571777344,3754700
2014-05-30,62.619998931884766,63.41999816894531,62.540000915527344,63.22999954223633,41.64482116699219,2864500
2014-06-02,63.25,63.849998474121094,63.25,63.470001220703125,41.80290222167969,3387600
2014-06-03,63.45000076293945,63.880001068115234,63.20000076293945,63.70000076293945,41.954376220703125,1628800
2014-06-04,63.47999954223633,63.93000030517578,63.189998626708984,63.5099983215332,41.82923126220703,1416800
2014-06-05,63.52000045776367,64.83000183105469,63.470001220703125,64.73999786376953,42.63933563232422,2060100
2014-06-06,64.87999725341797,64.94000244140625,63.599998474121094,64.08000183105469,42.20465087890625,6830900
2014-06-09,64.08000183105469,64.54000091552734,63.13999938964844,63.349998474121094,41.72385025024414,1978900
2014-06-10,63.11000061035156,63.31999969482422,62.439998626708984,62.869998931884766,41.40772247314453,2371200
2014-06-11,62.88999938964844,63.099998474121094,62.2599983215332,62.9900016784668,41.48674774169922,2117400
2014-06-12,62.790000915527344,63.099998474121094,62.0099983215332,62.95000076293945,41.46040725708008,1918500
2014-06-13,63.0099983215332,63.220001220703125,62.33000183105469,63.16999816894531,41.60531234741211,1171900
2014-06-16,63.150001525878906,63.25,62.63999938964844,62.779998779296875,41.34843826293945,1327900
2014-06-17,62.54999923706055,62.81999969482422,61.58000183105469,62.119998931884766,40.913761138916016,2201500
2014-06-18,62.130001068115234,62.220001220703125,61.5099983215332,62.09000015258789,40.89399719238281,2165100
2014-06-19,62.31999969482422,63.220001220703125,62.20000076293945,63.029998779296875,41.513092041015625,3473500
2014-06-20,63.099998474121094,63.41999816894531,62.689998626708984,63.40999984741211,41.76336669921875,5279000
2014-06-23,63.25,63.88999938964844,63.2400016784668,63.5099983215332,41.82923126220703,1960800
2014-06-24,63.439998626708984,63.599998474121094,63.11000061035156,63.349998474121094,41.72385025024414,2021500
2014-06-25,63.25,63.540000915527344,62.709999084472656,62.790000915527344,41.35503005981445,3113700
2014-06-26,62.86000061035156,63.22999954223633,62.849998474121094,62.900001525878906,41.42746353149414,2083200
2014-06-27,62.97999954223633,63.09000015258789,62.529998779296875,62.630001068115234,41.24964141845703,4712900
2014-06-30,62.77000045776367,62.95000076293945,62.20000076293945,62.66999816894531,41.27598571777344,2142600
2014-07-01,62.27000045776367,63.2400016784668,62.27000045776367,63.060001373291016,41.53285217285156,2017600
2014-07-02,62.79999923706055,62.84000015258789,61.91999816894531,62.34000015258789,41.05864334106445,1797200
2014-07-03,62.2599983215332,62.2599983215332,61.41999816894531,61.91999816894531,40.782012939453125,1463300
2014-07-07,62.0099983215332,62.400001525878906,61.869998931884766,62.29999923706055,41.03229904174805,1452800
2014-07-08,62.27000045776367,62.849998474121094,62.150001525878906,62.5,41.164024353027344,1492900
2014-07-09,62.54999923706055,62.72999954223633,62.0099983215332,62.65999984741211,41.269412994384766,1662100
2014-07-10,62.56999969482422,63.400001525878906,62.5099983215332,62.88999938964844,41.420894622802734,2073800
2014-07-11,62.9900016784668,63.02000045776367,62.560001373291016,62.81999969482422,41.37479019165039,1352800
2014-07-14,62.75,63.02000045776367,62.439998626708984,62.97999954223633,41.480167388916016,1284200
2014-07-15,62.790000915527344,63.20000076293945,62.7400016784668,63.18000030517578,41.61189651489258,1506500
2014-07-16,63.20000076293945,63.66999816894531,63.0,63.560001373291016,41.862178802490234,1433600
2014-07-17,63.18000030517578,63.970001220703125,63.15999984741211,63.689998626708984,41.94779586791992,2080600
2014-07-18,64.0,64.30000305175781,63.59000015258789,64.29000091552734,42.342960357666016,2292300
2014-07-21,64.0,64.3499984741211,63.79999923706055,64.26000213623047,42.32320785522461,1011600
2014-07-22,64.43000030517578,64.69999694824219,64.22000122070312,64.37000274658203,42.39564895629883,1758400
2014-07-23,64.23999786376953,64.62999725341797,64.23999786376953,64.56999969482422,42.527374267578125,1458200
2014-07-24,64.62000274658203,64.72000122070312,64.3499984741211,64.69999694824219,42.612998962402344,1756100
2014-07-25,64.62999725341797,64.8499984741211,64.2699966430664,64.4800033569336,42.468101501464844,1763700
2014-07-28,64.33999633789062,64.86000061035156,64.33999633789062,64.75,42.645938873291016,1384300
2014-07-29,64.62000274658203,64.72000122070312,64.23999786376953,64.36000061035156,42.38905334472656,1172800
2014-07-30,64.29000091552734,64.68000030517578,63.689998626708984,64.02999877929688,42.171722412109375,1417100
2014-07-31,63.91999816894531,64.37999725341797,63.400001525878906,63.630001068115234,41.908267974853516,2749500
2014-08-01,63.689998626708984,65.16000366210938,63.5099983215332,64.58000183105469,42.53396224975586,2561500
2014-08-04,64.55000305175781,64.87999725341797,64.0999984741211,64.69999694824219,42.612998962402344,1425600
2014-08-05,65.05000305175781,65.05000305175781,63.900001525878906,64.18000030517578,42.270511627197266,1748900
2014-08-06,64.16000366210938,64.58999633789062,64.0,64.0999984741211,42.21782302856445,2136900
2014-08-07,63.54999923706055,63.56999969482422,63.029998779296875,63.09000015258789,42.074440002441406,2016800
2014-08-08,63.2400016784668,63.68000030517578,62.81999969482422,63.099998474121094,42.081111907958984,3639500
2014-08-11,63.18000030517578,63.59000015258789,63.040000915527344,63.209999084472656,42.15446853637695,2767100
2014-08-12,63.290000915527344,63.599998474121094,63.209999084472656,63.5099983215332,42.35454177856445,1746000
2014-08-13,63.970001220703125,65.05999755859375,63.810001373291016,64.94999694824219,43.31486511230469,2244800
2014-08-14,65.23999786376953,65.97000122070312,65.02999877929688,65.69000244140625,43.80837631225586,2016100
2014-08-15,65.77999877929688,66.3499984741211,65.2699966430664,65.30999755859375,43.55494689941406,2286700
2014-08-18,65.51000213623047,65.79000091552734,65.33999633789062,65.68000030517578,43.80170440673828,1385900
2014-08-19,65.9000015258789,66.27999877929688,65.7300033569336,65.87999725341797,43.9350700378418,1288700
2014-08-20,65.87999725341797,66.58000183105469,65.63999938964844,66.36000061035156,44.255191802978516,1625800
2014-08-21,66.37999725341797,66.91999816894531,66.29000091552734,66.37000274658203,44.26187515258789,1361900
2014-08-22,66.38999938964844,66.55999755859375,65.83000183105469,66.12999725341797,44.101802825927734,921700
2014-08-25,66.31999969482422,66.48999786376953,65.91999816894531,66.11000061035156,44.08846664428711,980600
2014-08-26,66.30000305175781,66.69000244140625,66.19999694824219,66.66999816894531,44.46192169189453,1025400
2014-08-27,66.63999938964844,66.98999786376953,66.5999984741211,66.94999694824219,44.648651123046875,954600
2014-08-28,66.76000213623047,67.18000030517578,66.66000366210938,67.06999969482422,44.72868728637695,1287900
2014-08-29,67.1500015258789,67.58000183105469,67.01000213623047,67.58000183105469,45.06879425048828,3485300
2014-09-02,67.83000183105469,67.87000274658203,67.0,67.26000213623047,44.85539245605469,1494700
2014-09-03,67.44999694824219,67.72000122070312,67.23999786376953,67.58000183105469,45.06879425048828,1207100
2014-09-04,67.43000030517578,67.98999786376953,67.08000183105469,67.52999877929688,45.03545379638672,1518400
2014-09-05,67.41000366210938,68.36000061035156,67.33999633789062,68.31999969482422,45.56231689453125,2047700
2014-09-08,68.12999725341797,68.20999908447266,67.63999938964844,67.8499984741211,45.248863220214844,1319300
2014-09-09,67.61000061035156,67.69999694824219,66.98999786376953,67.22000122070312,44.82872009277344,1738800
2014-09-10,67.0,67.0,66.0,66.22000122070312,44.16182327270508,1521900
2014-09-11,66.30000305175781,66.72000122070312,66.02999877929688,66.48999786376953,44.341888427734375,1153500
2014-09-12,64.13999938964844,64.58999633789062,62.88999938964844,63.25,42.181148529052734,16988900
2014-09-15,63.33000183105469,63.880001068115234,63.029998779296875,63.59000015258789,42.40789031982422,3106200
2014-09-16,63.59000015258789,64.0,63.34000015258789,63.86000061035156,42.58795166015625,2239800
2014-09-17,64.16000366210938,64.43000030517578,63.65999984741211,63.7599983215332,42.521263122558594,2380100
2014-09-18,63.959999084472656,64.0,62.86000061035156,62.88999938964844,41.94105911254883,2175800
2014-09-19,62.93000030517578,63.599998474121094,62.630001068115234,63.540000915527344,42.37454605102539,4486500
2014-09-22,63.52000045776367,63.709999084472656,63.11000061035156,63.130001068115234,42.101112365722656,1557100
2014-09-23,63.099998474121094,63.47999954223633,62.689998626708984,62.709999084472656,41.821014404296875,2076200
2014-09-24,62.79999923706055,63.310001373291016,62.310001373291016,62.79999923706055,41.881038665771484,2712600
2014-09-25,62.65999984741211,62.869998931884766,62.47999954223633,62.650001525878906,41.781002044677734,2193300
2014-09-26,62.84000015258789,63.18000030517578,62.36000061035156,63.11000061035156,42.0877799987793,2350300
2014-09-29,62.959999084472656,63.04999923706055,62.400001525878906,62.72999954223633,41.83434295654297,2000300
2014-09-30,62.849998474121094,63.040000915527344,62.22999954223633,62.369998931884766,41.59427261352539,2750300
2014-10-01,62.529998779296875,62.88999938964844,62.34000015258789,62.689998626708984,41.807674407958984,2661200
2014-10-02,62.56999969482422,62.79999923706055,62.04999923706055,62.29999923706055,41.54758834838867,2679400
2014-10-03,62.5,62.95000076293945,62.130001068115234,62.779998779296875,41.86770248413086,2447600
2014-10-06,63.040000915527344,63.529998779296875,62.810001373291016,63.25,42.181148529052734,2121300
2014-10-07,63.18000030517578,63.97999954223633,63.11000061035156,63.4900016784668,42.34120178222656,2389100
2014-10-08,63.7599983215332,64.83999633789062,63.41999816894531,64.83000183105469,43.23484420776367,3088600
2014-10-09,64.93000030517578,65.62000274658203,64.51000213623047,64.94999694824219,43.31486511230469,2978400
2014-10-10,65.13999938964844,66.93000030517578,65.0,66.4800033569336,44.335227966308594,3603100
2014-10-13,66.69000244140625,67.19000244140625,66.27999877929688,66.58000183105469,44.401920318603516,2410400
2014-10-14,66.83000183105469,67.62999725341797,66.61000061035156,67.41999816894531,44.96209716796875,3904100
2014-10-15,67.05000305175781,67.88999938964844,66.77999877929688,67.66000366210938,45.122161865234375,3189800
2014-10-16,67.2300033569336,67.86000061035156,67.06999969482422,67.55000305175781,45.04880142211914,2601100
2014-10-17,67.7699966430664,67.88999938964844,66.19999694824219,67.0,44.6820068359375,2658500
2014-10-20,67.0199966430664,68.05999755859375,66.69000244140625,68.05000305175781,45.38224792480469,1862300
2014-10-21,68.01000213623047,68.19999694824219,67.29000091552734,68.19000244140625,45.475624084472656,1946200
2014-10-22,68.16000366210938,68.62000274658203,67.77999877929688,68.26000213623047,45.52228927612305,1714500
2014-10-23,68.5,68.87999725341797,68.04000091552734,68.81999969482422,45.895755767822266,1884300
2014-10-24,68.6500015258789,68.94000244140625,68.38999938964844,68.86000061035156,45.92243194580078,1151300
2014-10-27,68.83999633789062,69.48999786376953,68.4800033569336,69.44999694824219,46.315887451171875,1831300
2014-10-28,69.4000015258789,69.70999908447266,68.98999786376953,69.69999694824219,46.482608795166016,1210700
2014-10-29,69.58000183105469,69.68000030517578,68.66000366210938,69.20999908447266,46.155845642089844,2063600
2014-10-30,68.95999908447266,70.11000061035156,68.9000015258789,70.08000183105469,46.73604965209961,1729800
2014-10-31,70.56999969482422,71.1500015258789,69.94999694824219,71.11000061035156,47.42294692993164,3008100
2014-11-03,71.30999755859375,71.37000274658203,70.73999786376953,71.30000305175781,47.549652099609375,2733000
2014-11-04,71.05999755859375,72.23999786376953,70.83000183105469,72.2300033569336,48.16987609863281,2422500
2014-11-05,72.22000122070312,72.44999694824219,71.16000366210938,71.56999969482422,47.72972106933594,2134800
2014-11-06,70.77999877929688,71.22000122070312,70.12999725341797,70.16000366210938,47.31496810913086,3174100
2014-11-07,70.37000274658203,71.13999938964844,69.9800033569336,70.62000274658203,47.62519073486328,2663700
2014-11-10,70.5999984741211,71.30000305175781,70.48999786376953,71.13999938964844,47.97587203979492,2318000
2014-11-11,71.12000274658203,71.23999786376953,70.33000183105469,70.83999633789062,47.773555755615234,1211600
2014-11-12,70.94999694824219,71.06999969482422,70.33999633789062,70.72000122070312,47.69261932373047,1237300
2014-11-13,70.87999725341797,71.43000030517578,70.72000122070312,71.25,48.05004119873047,1126600
2014-11-14,70.91000366210938,71.5,70.77999877929688,71.16999816894531,47.996097564697266,1622200
2014-11-17,71.41000366210938,72.22000122070312,71.30999755859375,72.16999816894531,48.670494079589844,1645800
2014-11-18,72.12000274658203,72.80999755859375,71.7699966430664,72.43000030517578,48.845829010009766,1948900
2014-11-19,72.19000244140625,72.37000274658203,71.48999786376953,71.55999755859375,48.259098052978516,1905600
2014-11-20,71.69000244140625,71.76000213623047,70.94000244140625,71.68000030517578,48.340030670166016,2168500
2014-11-21,72.30000305175781,72.73999786376953,71.86000061035156,72.72000122070312,49.04140090942383,1830100
2014-11-24,72.88999938964844,73.06999969482422,72.18000030517578,72.29000091552734,48.75141143798828,1278800
2014-11-25,72.51000213623047,72.94000244140625,72.22000122070312,72.43000030517578,48.845829010009766,3173100
2014-11-26,72.58999633789062,73.11000061035156,72.44999694824219,72.97000122070312,49.209991455078125,1610200
2014-11-28,73.19000244140625,74.37999725341797,72.94999694824219,73.66000366210938,49.67530822753906,1243500
2014-12-01,73.52999877929688,75.0,73.43000030517578,74.51000213623047,50.24854278564453,2039200
2014-12-02,74.30000305175781,74.83000183105469,73.76000213623047,74.7699966430664,50.42388153076172,1613000
2014-12-03,75.12000274658203,75.43000030517578,74.37000274658203,74.87999725341797,50.498069763183594,1612300
2014-12-04,75.02999877929688,75.38999938964844,74.52999877929688,75.23999786376953,50.740848541259766,1687600
2014-12-05,74.76000213623047,74.76000213623047,73.22000122070312,73.98999786376953,49.89786911010742,2034100
2014-12-08,73.95999908447266,75.30999755859375,73.95999908447266,74.7699966430664,50.42388153076172,2228800
2014-12-09,74.45999908447266,76.08000183105469,74.45999908447266,75.55000305175781,50.949913024902344,1934400
2014-12-10,75.5199966430664,76.4000015258789,75.36000061035156,76.11000061035156,51.327571868896484,2721600
2014-12-11,76.4000015258789,76.87999725341797,76.08000183105469,76.37000274658203,51.50290298461914,1861300
2014-12-12,76.22000122070312,77.11000061035156,76.22000122070312,76.26000213623047,51.4287223815918,2237400
2014-12-15,76.27999877929688,76.62000274658203,74.93000030517578,75.13999938964844,50.67341613769531,2421900
2014-12-16,75.18000030517578,75.48999786376953,74.41999816894531,74.4800033569336,50.22832107543945,2198000
2014-12-17,74.79000091552734,76.80000305175781,74.7699966430664,76.3499984741211,51.48943328857422,2862600
2014-12-18,76.7699966430664,77.08000183105469,75.18000030517578,76.26000213623047,51.4287223815918,3551400
2014-12-19,76.1500015258789,76.77999877929688,75.6500015258789,76.5,51.590579986572266,4002000
2014-12-22,76.73999786376953,78.11000061035156,76.5,77.9800033569336,52.58866882324219,2208900
2014-12-23,78.0199966430664,78.16999816894531,76.52999877929688,76.68000030517578,51.71195602416992,1811200
2014-12-24,76.69999694824219,77.27999877929688,76.05999755859375,76.0999984741211,51.320831298828125,930700
2014-12-26,76.41999816894531,77.0,76.29000091552734,76.79000091552734,51.78614044189453,1025300
2014-12-29,76.72000122070312,77.2300033569336,76.33000183105469,76.62000274658203,51.6714973449707,2063800
2014-12-30,76.75,77.54000091552734,76.5,76.72000122070312,51.73893737792969,1727800
2014-12-31,77.19000244140625,77.63999938964844,75.55999755859375,75.66999816894531,51.030845642089844,1687800
2015-01-02,76.05000305175781,77.19999694824219,75.98999786376953,76.94999694824219,51.89406204223633,1794700
2015-01-05,76.70999908447266,78.0999984741211,76.43000030517578,77.9000015258789,52.534732818603516,2066500
2015-01-06,77.68000030517578,79.41000366210938,75.30999755859375,79.01000213623047,53.283287048339844,2897700
2015-01-07,79.01000213623047,80.05000305175781,78.61000061035156,79.73999786376953,53.77560043334961,2736500
2015-01-08,80.08999633789062,80.19999694824219,78.54000091552734,79.41000366210938,53.55305099487305,2459700
2015-01-09,79.27999877929688,80.05000305175781,78.44000244140625,79.48999786376953,53.60697555541992,1845600
2015-01-12,79.76000213623047,80.83000183105469,79.69000244140625,80.69000244140625,54.41625213623047,1644900
2015-01-13,80.63999938964844,81.33000183105469,80.38999938964844,80.87000274658203,54.537635803222656,1908400
2015-01-14,80.61000061035156,81.94000244140625,80.45999908447266,81.9000015258789,55.23224639892578,2302200
2015-01-15,81.93000030517578,83.25,81.36000061035156,83.16999816894531,56.088748931884766,3080900
2015-01-16,83.27999877929688,84.41999816894531,82.88999938964844,84.30999755859375,56.857521057128906,3164300
2015-01-20,84.4000015258789,84.87999725341797,83.0,83.37000274658203,56.22360610961914,3071000
2015-01-21,83.20999908447266,83.3499984741211,81.7300033569336,82.43000030517578,55.589691162109375,2858500
2015-01-22,82.55999755859375,83.27999877929688,82.44000244140625,82.98999786376953,55.96733474731445,3341800
2015-01-23,83.13999938964844,83.5,82.72000122070312,83.2300033569336,56.12923049926758,2160800
2015-01-26,83.0199966430664,83.2300033569336,81.93000030517578,83.08000183105469,56.02804183959961,2038200
2015-01-27,82.91999816894531,83.66999816894531,82.72000122070312,83.0199966430664,55.98756790161133,1579300
2015-01-28,83.08999633789062,83.91000366210938,83.02999877929688,83.04000091552734,56.001068115234375,2317800
2015-01-29,82.9800033569336,83.76000213623047,82.70999908447266,83.73999786376953,56.47313690185547,2367800
2015-01-30,83.54000091552734,83.62999725341797,81.91000366210938,81.94999694824219,55.2659912109375,2640400
2015-02-02,81.81999969482422,82.05000305175781,80.19999694824219,81.94999694824219,55.2659912109375,2614600
2015-02-03,82.0,82.0,80.3499984741211,81.76000213623047,55.13783645629883,2884600
2015-02-04,81.5,81.5,80.33000183105469,80.72000122070312,54.43650436401367,2596900
2015-02-05,81.22000122070312,81.69999694824219,80.4000015258789,81.62999725341797,55.05018997192383,1882800
2015-02-06,81.0999984741211,81.0999984741211,76.97000122070312,77.25,52.628257751464844,3838400
2015-02-09,77.18000030517578,77.77999877929688,76.95999908447266,77.06999969482422,52.50563049316406,1885100
2015-02-10,77.06999969482422,77.70999908447266,76.51000213623047,77.5,52.798587799072266,2144700
2015-02-11,77.68000030517578,78.23999786376953,76.38999938964844,77.23999786376953,52.621437072753906,2511400
2015-02-12,77.33999633789062,77.80000305175781,76.8499984741211,77.44999694824219,52.764503479003906,1613900
2015-02-13,77.26000213623047,77.52999877929688,76.5199966430664,77.12000274658203,52.539695739746094,1267400
2015-02-17,76.77999877929688,77.94999694824219,76.62999725341797,76.97000122070312,52.437503814697266,1711400
2015-02-18,77.16999816894531,78.16999816894531,76.23999786376953,78.11000061035156,53.214141845703125,2259600
2015-02-19,77.79000091552734,77.79000091552734,76.05999755859375,76.22000122070312,51.926551818847656,2004700
2015-02-20,76.66000366210938,78.44999694824219,76.3499984741211,78.05000305175781,53.17326354980469,4007900
2015-02-23,78.04000091552734,78.7300033569336,77.56999969482422,78.69000244140625,53.60929870605469,2953600
2015-02-24,76.30000305175781,77.52999877929688,76.05000305175781,76.5,52.117305755615234,16363900
2015-02-25,76.9000015258789,78.33999633789062,76.83000183105469,77.62999725341797,52.88714599609375,4391200
2015-02-26,77.75,77.87000274658203,75.95999908447266,76.06999969482422,51.82436752319336,2865000
2015-02-27,76.33999633789062,77.12000274658203,75.6500015258789,77.11000061035156,52.53287887573242,2660100
2015-03-02,77.44000244140625,78.43000030517578,77.2300033569336,77.37999725341797,52.71682357788086,2900200
2015-03-03,77.69000244140625,77.80999755859375,76.80000305175781,77.56999969482422,52.84626770019531,1964600
2015-03-04,77.51000213623047,78.19000244140625,76.52999877929688,76.72000122070312,52.267173767089844,2064200
2015-03-05,77.0199966430664,77.75,76.66000366210938,76.68000030517578,52.23994445800781,2015100
2015-03-06,75.61000061035156,75.61000061035156,73.19999694824219,73.62000274658203,50.15524673461914,4831300
2015-03-09,73.91999816894531,74.5999984741211,73.66999816894531,74.38999938964844,50.67980194091797,2934800
2015-03-10,74.20999908447266,75.44999694824219,74.12999725341797,74.93000030517578,51.04771041870117,3302400
2015-03-11,74.80999755859375,75.13999938964844,73.86000061035156,74.2300033569336,50.57081985473633,1924400
2015-03-12,74.58999633789062,75.4000015258789,74.58999633789062,75.30000305175781,51.29977035522461,2030400
2015-03-13,75.36000061035156,75.73999786376953,74.61000061035156,75.0199966430664,51.10901641845703,1415000
2015-03-16,75.26000213623047,76.22000122070312,75.02999877929688,75.19999694824219,51.23164367675781,2653200
2015-03-17,75.19999694824219,75.63999938964844,74.58000183105469,74.66000366210938,50.863765716552734,2510100
2015-03-18,74.66999816894531,77.29000091552734,74.30000305175781,76.97000122070312,52.437503814697266,3301700
2015-03-19,77.05000305175781,77.63999938964844,76.61000061035156,76.77999877929688,52.30807113647461,2538100
2015-03-20,76.55000305175781,79.12999725341797,76.55000305175781,79.12999725341797,53.90906524658203,6907600
2015-03-23,78.93000030517578,80.3499984741211,78.76000213623047,79.4000015258789,54.09300231933594,2300200
2015-03-24,79.19000244140625,79.6500015258789,78.79000091552734,79.08999633789062,53.881813049316406,2463500
2015-03-25,79.19000244140625,79.5999984741211,77.77999877929688,77.93000030517578,53.091529846191406,1874600
2015-03-26,77.45999908447266,78.0,77.16999816894531,77.4000015258789,52.730445861816406,1946100
2015-03-27,77.58999633789062,78.26000213623047,77.2699966430664,77.77999877929688,52.98934555053711,1798500
2015-03-30,78.02999877929688,78.7699966430664,77.58999633789062,78.70999908447266,53.62291717529297,1665400
2015-03-31,78.43000030517578,78.6500015258789,77.30000305175781,77.36000061035156,52.70320510864258,3228200
2015-04-01,77.45999908447266,77.45999908447266,76.77999877929688,77.19999694824219,52.594181060791016,2044200
2015-04-02,77.1500015258789,78.08999633789062,76.95999908447266,77.83000183105469,53.02339553833008,1804000
2015-04-06,78.12000274658203,79.5999984741211,78.11000061035156,79.44000244140625,54.120262145996094,2558400
2015-04-07,79.19999694824219,79.19999694824219,78.04000091552734,78.12000274658203,53.220977783203125,2749900
2015-04-08,78.3499984741211,78.62999725341797,77.97000122070312,78.23999786376953,53.30271911621094,1630300
2015-04-09,78.19000244140625,78.33999633789062,76.52999877929688,76.69000244140625,52.246761322021484,1697300
2015-04-10,76.9000015258789,77.3499984741211,75.86000061035156,76.19000244140625,51.9061164855957,1454400
2015-04-13,76.05999755859375,76.31999969482422,75.48999786376953,75.48999786376953,51.4292106628418,1816500
2015-04-14,75.83999633789062,76.63999938964844,75.83999633789062,76.18000030517578,51.89929962158203,1191400
2015-04-15,76.12999725341797,76.58000183105469,75.37999725341797,75.43000030517578,51.388336181640625,1633900
2015-04-16,75.19999694824219,76.04000091552734,74.91999816894531,75.62999725341797,51.52460479736328,1213700
2015-04-17,75.55999755859375,76.06999969482422,75.0199966430664,75.26000213623047,51.27252960205078,1413700
2015-04-20,75.33999633789062,75.68000030517578,75.0,75.25,51.265716552734375,1105400
2015-04-21,75.62999725341797,76.04000091552734,75.19000244140625,75.2300033569336,51.25208282470703,1226200
2015-04-22,75.11000061035156,75.79000091552734,75.06999969482422,75.44000244140625,51.3951530456543,1245100
2015-04-23,75.38999938964844,76.01000213623047,75.23999786376953,75.81999969482422,51.65403747558594,1289200
2015-04-24,75.79000091552734,76.33999633789062,75.55999755859375,75.86000061035156,51.68128204345703,1055300
2015-04-27,76.0199966430664,76.58000183105469,75.44999694824219,75.72000122070312,51.58590316772461,1513600
2015-04-28,75.45999908447266,75.97000122070312,75.01000213623047,75.62000274658203,51.5178108215332,1181800
2015-04-29,74.88999938964844,75.61000061035156,73.62999725341797,73.95999908447266,50.38686752319336,2017300
2015-04-30,73.68000030517578,73.94000244140625,71.52999877929688,72.0199966430664,49.065208435058594,3481400
2015-05-01,72.25,73.0,72.08999633789062,72.26000213623047,49.228721618652344,1969400
2015-05-04,72.58999633789062,73.0,72.0,72.12999725341797,49.140140533447266,1503000
2015-05-05,72.0199966430664,72.25,70.98999786376953,71.2300033569336,48.52699661254883,1895100
2015-05-06,71.1500015258789,71.37999725341797,70.48999786376953,70.79000091552734,48.22724151611328,2268700
2015-05-07,70.94999694824219,71.97000122070312,70.80999755859375,71.47000122070312,48.69050598144531,2692500
2015-05-08,71.47000122070312,73.16000366210938,71.45999908447266,72.16000366210938,49.734683990478516,1923600
2015-05-11,71.94999694824219,72.23999786376953,70.58999633789062,70.73999786376953,48.7559928894043,2053800
2015-05-12,70.20999908447266,71.33000183105469,69.7699966430664,70.93000030517578,48.88694381713867,1854600
2015-05-13,71.0999984741211,71.6500015258789,69.9000015258789,70.08999633789062,48.3079719543457,2686700
2015-05-14,70.3499984741211,71.18000030517578,70.19000244140625,71.1500015258789,49.038578033447266,1825300
2015-05-15,71.4000015258789,72.6500015258789,71.31999969482422,72.41000366210938,49.90699768066406,2785500
2015-05-18,72.0,72.2300033569336,71.38999938964844,71.83000183105469,49.50725555419922,1935500
2015-05-19,71.54000091552734,72.23999786376953,71.3499984741211,71.56999969482422,49.32804489135742,1646400
2015-05-20,71.91000366210938,72.08000183105469,71.37000274658203,71.56999969482422,49.32804489135742,1659200
2015-05-21,71.66000366210938,71.66999816894531,70.91000366210938,71.23999786376953,49.10060501098633,2095700
2015-05-22,70.98999786376953,71.47000122070312,70.25,70.86000061035156,48.83869171142578,1438500
2015-05-26,71.0,71.04000091552734,70.19999694824219,70.58000183105469,48.64570999145508,2205900
2015-05-27,70.83999633789062,71.33000183105469,70.44000244140625,71.12000274658203,49.01789093017578,1348600
2015-05-28,71.19000244140625,71.19000244140625,70.33000183105469,70.83000183105469,48.818023681640625,1566800
2015-05-29,70.9000015258789,71.02999877929688,70.0,70.26000213623047,48.425148010253906,3784800
2015-06-01,70.41999816894531,71.47000122070312,70.26000213623047,71.13999938964844,49.03166961669922,1932600
2015-06-02,70.88999938964844,70.91999816894531,70.20999908447266,70.52999877929688,48.61124801635742,2206700
2015-06-03,70.30999755859375,70.44999694824219,69.22000122070312,69.29000091552734,47.75660705566406,2643800
2015-06-04,69.08999633789062,70.19000244140625,68.6500015258789,69.62000274658203,47.98405075073242,4032100
2015-06-05,68.62999725341797,68.88999938964844,67.7699966430664,67.80999755859375,46.73654556274414,2935500
2015-06-08,67.87000274658203,68.88999938964844,67.61000061035156,68.37999725341797,47.12940216064453,2087500
2015-06-09,68.30999755859375,68.54000091552734,67.69000244140625,67.80999755859375,46.73654556274414,1444200
2015-06-10,67.7699966430664,68.87000274658203,67.62000274658203,68.30999755859375,47.081153869628906,1566000
2015-06-11,68.72000122070312,68.87000274658203,68.30000305175781,68.43000030517578,47.16386413574219,2004100
2015-06-12,68.33999633789062,68.7300033569336,67.9000015258789,67.95999908447266,46.83993148803711,1563300
2015-06-15,67.83000183105469,67.94999694824219,67.37000274658203,67.5199966430664,46.53668212890625,1932500
2015-06-16,67.61000061035156,68.38999938964844,67.4800033569336,68.0,46.867496490478516,2024300
2015-06-17,68.04000091552734,68.3499984741211,67.31999969482422,68.2300033569336,47.026023864746094,3059900
2015-06-18,68.51000213623047,69.52999877929688,68.2300033569336,68.87999725341797,47.47402572631836,2374300
2015-06-19,68.88999938964844,69.26000213623047,68.2300033569336,68.73999786376953,47.37752151489258,3196900
2015-06-22,69.04000091552734,69.04000091552734,67.4800033569336,67.55000305175781,46.557350158691406,1944100
2015-06-23,67.41000366210938,67.87999725341797,66.6500015258789,67.02999877929688,46.198951721191406,1661500
2015-06-24,67.12999725341797,67.41000366210938,66.41000366210938,66.5199966430664,45.847450256347656,3234900
2015-06-25,66.51000213623047,66.73999786376953,65.91999816894531,65.9800033569336,45.47526168823242,2636800
2015-06-26,66.04000091552734,66.62999725341797,65.69999694824219,66.37999725341797,45.750946044921875,2027400
2015-06-29,66.37999725341797,67.22000122070312,65.72000122070312,65.76000213623047,45.32363510131836,2430600
2015-06-30,66.3499984741211,66.41999816894531,65.4800033569336,65.62999725341797,45.23401641845703,2496500
2015-07-01,66.0,66.37000274658203,65.37000274658203,66.3499984741211,45.73027420043945,3443600
2015-07-02,66.87999725341797,67.62999725341797,66.08999633789062,66.2300033569336,45.64756774902344,2309400
2015-07-06,65.87999725341797,66.66000366210938,65.87999725341797,66.5999984741211,45.90258026123047,1720800
2015-07-07,66.9800033569336,68.4000015258789,66.69000244140625,68.30000305175781,47.07427215576172,2323200
2015-07-08,68.06999969482422,69.06999969482422,67.6500015258789,68.69999694824219,47.3499641418457,2689700
2015-07-09,69.13999938964844,69.44000244140625,68.23999786376953,68.33999633789062,47.10183334350586,2270700
2015-07-10,68.80000305175781,69.47000122070312,68.27999877929688,68.75,47.38441467285156,1835400
2015-07-13,69.20999908447266,69.52999877929688,67.94999694824219,68.45999908447266,47.1845588684082,1907300
2015-07-14,68.70999908447266,68.76000213623047,68.05999755859375,68.12999725341797,46.95709228515625,1448400
2015-07-15,68.12999725341797,68.25,67.37999725341797,67.52999877929688,46.54356384277344,3136900
2015-07-16,67.69999694824219,68.0,67.06999969482422,67.52999877929688,46.54356384277344,2798800
2015-07-17,67.55000305175781,67.63999938964844,66.9800033569336,67.30000305175781,46.385040283203125,1744100
2015-07-20,67.26000213623047,67.43000030517578,66.80000305175781,67.33000183105469,46.40571594238281,1548300
2015-07-21,67.2699966430664,67.55000305175781,66.94999694824219,67.0999984741211,46.2472038269043,1914100
2015-07-22,67.05999755859375,67.80000305175781,67.0199966430664,67.66000366210938,46.63317108154297,1570000
2015-07-23,67.5,67.7300033569336,66.5999984741211,67.02999877929688,46.198951721191406,1418500
2015-07-24,66.9000015258789,68.08999633789062,66.80000305175781,67.81999969482422,46.743446350097656,1561100
2015-07-27,67.81999969482422,68.80000305175781,67.76000213623047,68.69000244140625,47.34307861328125,2507000
2015-07-28,68.70999908447266,69.08999633789062,68.4000015258789,68.6500015258789,47.31550979614258,2048700
2015-07-29,68.54000091552734,69.4800033569336,68.01000213623047,69.30999755859375,47.770389556884766,2050400
2015-07-30,69.12999725341797,69.56999969482422,68.55999755859375,68.80999755859375,47.42577362060547,1631600
2015-07-31,69.45999908447266,70.19000244140625,69.20999908447266,69.37000274658203,47.81173324584961,1792100
2015-08-03,69.30999755859375,69.83999633789062,69.26000213623047,69.83000183105469,48.12879180908203,2177800
2015-08-04,69.22000122070312,70.22000122070312,69.0,69.20999908447266,47.70145797729492,2544800
2015-08-05,69.45999908447266,69.94000244140625,68.11000061035156,68.55000305175781,47.2465934753418,2923400
2015-08-06,68.51000213623047,68.5999984741211,66.97000122070312,68.48999786376953,47.20521545410156,2968600
2015-08-07,67.66999816894531,68.27999877929688,66.83000183105469,68.0,47.438926696777344,2017700
2015-08-10,68.12000274658203,68.23999786376953,67.08999633789062,67.37000274658203,46.99943161010742,1723800
2015-08-11,67.44999694824219,68.61000061035156,67.41000366210938,67.80999755859375,47.30638122558594,1857300
2015-08-12,67.75,68.22000122070312,67.08000183105469,68.19999694824219,47.57844543457031,5850300
2015-08-13,67.68000030517578,68.26000213623047,66.91999816894531,67.8499984741211,47.33428192138672,2385400
2015-08-14,67.63999938964844,68.16000366210938,67.26000213623047,67.93000030517578,47.390113830566406,2342300
2015-08-17,68.05000305175781,69.4000015258789,68.0199966430664,69.3499984741211,48.38072204589844,3302300
2015-08-18,69.30999755859375,69.5999984741211,69.08999633789062,69.33000183105469,48.36677932739258,1700900
2015-08-19,68.91000366210938,69.38999938964844,68.54000091552734,69.05999755859375,48.17841720581055,1706200
2015-08-20,68.77999877929688,69.66000366210938,68.33999633789062,69.37000274658203,48.394676208496094,2341500
2015-08-21,69.29000091552734,69.7699966430664,68.41999816894531,68.41999816894531,47.731929779052734,2857300
2015-08-24,66.30999755859375,66.88999938964844,65.61000061035156,65.76000213623047,45.87623977661133,5944700
2015-08-25,66.58999633789062,66.95999908447266,63.2400016784668,63.290000915527344,44.153099060058594,3320000
2015-08-26,64.19999694824219,64.52999877929688,62.9900016784668,64.41999816894531,44.94141387939453,3289100
2015-08-27,65.2699966430664,66.12999725341797,64.1500015258789,65.31999969482422,45.56928253173828,2861000
2015-08-28,65.37000274658203,65.5,64.56999969482422,65.08000183105469,45.401851654052734,1916500
2015-08-31,64.98999786376953,65.0,63.29999923706055,63.349998474121094,44.194942474365234,2826100
2015-09-01,62.58000183105469,62.84000015258789,61.900001525878906,62.38999938964844,43.52521896362305,2545700
2015-09-02,63.09000015258789,63.540000915527344,62.47999954223633,63.220001220703125,44.104251861572266,2326800
2015-09-03,63.400001525878906,63.5,62.689998626708984,62.86000061035156,43.85310363769531,1631000
2015-09-04,62.36000061035156,62.54999923706055,61.0,61.41999816894531,42.8485107421875,1720200
2015-09-08,62.20000076293945,62.75,61.869998931884766,62.58000183105469,43.657772064208984,2307500
2015-09-09,62.97999954223633,63.18000030517578,61.79999923706055,61.90999984741211,43.19035720825195,2321100
2015-09-10,61.849998474121094,62.70000076293945,61.63999938964844,61.849998474121094,43.14849853515625,1754200
2015-09-11,61.7400016784668,62.83000183105469,61.599998474121094,62.810001373291016,43.81822204589844,1331400
2015-09-14,63.06999969482422,63.38999938964844,62.61000061035156,63.349998474121094,44.194942474365234,2074400
2015-09-15,63.36000061035156,64.16000366210938,62.849998474121094,63.79999923706055,44.50887680053711,1541700
2015-09-16,63.65999984741211,64.70999908447266,63.65999984741211,64.4800033569336,44.98326873779297,1214200
2015-09-17,64.47000122070312,67.5,64.08999633789062,66.18000030517578,46.16923522949219,2921400
2015-09-18,65.20999908447266,68.37999725341797,65.1500015258789,67.36000061035156,46.99244689941406,5513600
2015-09-21,67.43000030517578,68.0999984741211,67.1500015258789,67.7300033569336,47.25056838989258,2252000
2015-09-22,67.29000091552734,67.97000122070312,67.22000122070312,67.54000091552734,47.118019104003906,2145700
2015-09-23,67.5,68.43000030517578,67.23999786376953,68.16000366210938,47.55055236816406,1817900
2015-09-24,68.05999755859375,68.4800033569336,67.51000213623047,67.91000366210938,47.37614059448242,2306800
2015-09-25,67.9800033569336,68.4000015258789,67.51000213623047,67.6500015258789,47.194759368896484,2243200
2015-09-28,67.47000122070312,67.5,65.72000122070312,66.11000061035156,46.12040328979492,2327600
2015-09-29,66.05999755859375,67.48999786376953,65.77999877929688,67.33000183105469,46.97151565551758,2814700
2015-09-30,67.69000244140625,68.45999908447266,67.2300033569336,67.72000122070312,47.24359893798828,2077400
2015-10-01,68.0,68.1500015258789,66.95999908447266,67.69999694824219,47.2296257019043,1832200
2015-10-02,67.33999633789062,68.2300033569336,67.02999877929688,68.2300033569336,47.59938430786133,1878800
2015-10-05,68.44000244140625,69.25,68.1500015258789,69.20999908447266,48.28305435180664,2131900
2015-10-06,69.19000244140625,69.37999725341797,68.69000244140625,69.0999984741211,48.20634078979492,1477100
2015-10-07,69.06999969482422,69.63999938964844,68.54000091552734,69.62000274658203,48.569091796875,2024000
2015-10-08,69.62000274658203,69.81999969482422,68.83999633789062,69.66000366210938,48.59700012207031,2014400
2015-10-09,69.52999877929688,69.69999694824219,69.01000213623047,69.26000213623047,48.31794357299805,1496700
2015-10-12,69.26000213623047,69.68000030517578,68.75,69.05000305175781,48.17143630981445,1669600
2015-10-13,68.44999694824219,69.37999725341797,68.44999694824219,68.9800033569336,48.12261199951172,1331400
2015-10-14,69.01000213623047,69.26000213623047,67.48999786376953,67.68000030517578,47.21569061279297,1857800
2015-10-15,67.68000030517578,68.38999938964844,67.52999877929688,68.36000061035156,47.69007110595703,1707900
2015-10-16,67.6500015258789,69.41000366210938,67.33000183105469,69.30000305175781,48.34585189819336,1598600
2015-10-19,69.25,70.16999816894531,69.12000274658203,70.13999938964844,48.931861877441406,1461300
2015-10-20,69.87000274658203,70.16000366210938,69.27999877929688,69.69999694824219,48.62490463256836,1392200
2015-10-21,69.94000244140625,70.86000061035156,69.73999786376953,70.55000305175781,49.2178840637207,1527500
2015-10-22,70.79000091552734,71.25,70.27999877929688,70.91000366210938,49.46904754638672,2271900
2015-10-23,70.62000274658203,70.94000244140625,68.0,68.4800033569336,47.77378845214844,2906900
2015-10-26,68.2300033569336,68.47000122070312,66.5,67.83000183105469,47.3203239440918,3147300
2015-10-27,67.72000122070312,68.13999938964844,67.0999984741211,68.06999969482422,47.487770080566406,1945800
2015-10-28,68.18000030517578,68.27999877929688,66.2699966430664,66.81999969482422,46.615726470947266,3092400
2015-10-29,66.54000091552734,67.06999969482422,66.25,66.94999694824219,46.7064208984375,2899400
2015-10-30,66.76000213623047,67.75,64.05000305175781,64.87000274658203,45.255348205566406,4094900
2015-11-02,64.73999786376953,65.86000061035156,64.44999694824219,65.86000061035156,45.94599533081055,2987800
2015-11-03,65.77999877929688,66.13999938964844,64.44000244140625,64.80000305175781,45.20650863647461,2836600
2015-11-04,64.87999725341797,65.11000061035156,64.56999969482422,64.7699966430664,45.18557357788086,2239000
2015-11-05,64.62999725341797,65.02999877929688,64.13999938964844,64.91999816894531,45.290218353271484,2910900
2015-11-06,63.70000076293945,64.38999938964844,60.529998779296875,61.02000045776367,43.11738204956055,4082100
2015-11-09,60.75,61.029998779296875,58.61000061035156,59.0099983215332,41.697105407714844,4334000
2015-11-10,59.18000030517578,60.06999969482422,58.849998474121094,59.400001525878906,41.972679138183594,3335400
2015-11-11,59.630001068115234,59.84000015258789,58.959999084472656,59.0099983215332,41.697105407714844,1674300
2015-11-12,59.0099983215332,59.83000183105469,58.369998931884766,59.38999938964844,41.96562194824219,3508800
2015-11-13,59.66999816894531,60.16999816894531,58.189998626708984,58.209999084472656,41.13181686401367,3097400
2015-11-16,58.209999084472656,59.540000915527344,58.20000076293945,59.130001068115234,41.781898498535156,2707600
2015-11-17,58.209999084472656,59.459999084472656,58.209999084472656,58.849998474121094,41.58406066894531,2178100
2015-11-18,59.13999938964844,59.630001068115234,58.65999984741211,59.56999969482422,42.09280776977539,2080300
2015-11-19,59.77000045776367,60.779998779296875,59.68000030517578,60.54999923706055,42.785282135009766,3078700
2015-11-20,60.939998626708984,61.75,60.599998474121094,61.66999816894531,43.576690673828125,3401600
2015-11-23,62.290000915527344,62.75,61.86000061035156,62.25,43.98653030395508,3119500
2015-11-24,62.08000183105469,62.58000183105469,61.88999938964844,62.27000045776367,44.00066375732422,3015500
2015-11-25,62.34000015258789,62.7400016784668,62.11000061035156,62.459999084472656,44.13492202758789,1740700
2015-11-27,62.43000030517578,63.38999938964844,62.369998931884766,63.189998626708984,44.6507453918457,1005000
2015-11-30,63.18000030517578,64.05999755859375,62.790000915527344,63.189998626708984,44.6507453918457,5552900
2015-12-01,63.650001525878906,64.81999969482422,63.650001525878906,64.80999755859375,45.79545974731445,3109000
2015-12-02,64.51000213623047,64.9800033569336,63.33000183105469,63.45000076293945,44.8344612121582,2843300
2015-12-03,63.02000045776367,63.369998931884766,62.279998779296875,62.709999084472656,44.31155776977539,3332600
2015-12-04,63.060001373291016,63.77000045776367,62.779998779296875,63.650001525878906,44.97578811645508,2624500
2015-12-07,63.66999816894531,64.55999755859375,63.380001068115234,64.1500015258789,45.32908630371094,2449800
2015-12-08,64.25,64.9800033569336,64.0,64.37999725341797,45.49161148071289,2345400
2015-12-09,63.93000030517578,64.70999908447266,63.54999923706055,64.16999816894531,45.34321975708008,1924000
2015-12-10,64.08000183105469,64.22000122070312,62.75,62.810001373291016,44.38222885131836,3245100
2015-12-11,62.5,63.70000076293945,62.5,63.209999084472656,44.66487503051758,2610000
2015-12-14,62.9900016784668,63.63999938964844,62.7599983215332,63.540000915527344,44.89805221557617,2277600
2015-12-15,64.06999969482422,64.88999938964844,64.04000091552734,64.61000061035156,45.65412521362305,2474300
2015-12-16,64.77999877929688,66.47000122070312,64.75,66.23999786376953,46.80590057373047,2492400
2015-12-17,65.97000122070312,66.23999786376953,65.58000183105469,66.01000213623047,46.64338684082031,2399200
2015-12-18,66.01000213623047,66.26000213623047,64.9800033569336,65.25,46.10635757446289,4534700
2015-12-21,65.93000030517578,66.12999725341797,65.05999755859375,65.45999908447266,46.2547492980957,1528300
2015-12-22,65.7300033569336,66.54000091552734,65.51000213623047,66.16000366210938,46.7493896484375,1678800
2015-12-23,66.19000244140625,67.06999969482422,66.11000061035156,67.02999877929688,47.364131927490234,1782200
2015-12-24,67.06999969482422,67.23999786376953,66.5999984741211,67.02999877929688,47.364131927490234,637200
2015-12-28,66.98999786376953,67.5199966430664,66.66000366210938,67.5199966430664,47.71037673950195,1167100
2015-12-29,67.72000122070312,68.55999755859375,67.52999877929688,68.51000213623047,48.409912109375,1910100
2015-12-30,68.44000244140625,68.76000213623047,68.11000061035156,68.31999969482422,48.27566146850586,996300
2015-12-31,68.27999877929688,68.51000213623047,67.6500015258789,68.02999877929688,48.07072830200195,1461800
2016-01-04,67.7699966430664,68.45999908447266,67.11000061035156,68.38999938964844,48.32512283325195,2434100
2016-01-05,68.5,70.44999694824219,68.1500015258789,70.08999633789062,49.526344299316406,3346500
2016-01-06,69.5,70.16000366210938,69.30000305175781,69.94000244140625,49.420372009277344,2591900
2016-01-07,69.23999786376953,69.87000274658203,67.5999984741211,67.94000244140625,48.00714111328125,4418400
2016-01-08,68.16000366210938,68.70999908447266,67.94999694824219,68.08999633789062,48.11313247680664,2299100
2016-01-11,68.41000366210938,69.22000122070312,68.19999694824219,68.55000305175781,48.438194274902344,2608400
2016-01-12,68.83000183105469,68.95999908447266,67.69999694824219,68.02999877929688,48.07072830200195,2304100
2016-01-13,68.06999969482422,68.5199966430664,66.25,66.58000183105469,47.04615783691406,3166200
2016-01-14,66.37999725341797,67.0199966430664,65.91000366210938,66.38999938964844,46.911895751953125,3193400
2016-01-15,65.52999877929688,66.52999877929688,65.22000122070312,66.31999969482422,46.8624267578125,2778800
2016-01-19,66.97000122070312,68.44000244140625,66.62999725341797,67.7699966430664,47.88701629638672,2365700
2016-01-20,67.26000213623047,67.6500015258789,63.70000076293945,64.51000213623047,45.58346939086914,3225900
2016-01-21,65.1500015258789,66.48999786376953,64.08999633789062,65.4800033569336,46.26887893676758,2225700
2016-01-22,66.12999725341797,68.29000091552734,66.0,67.75,47.872894287109375,1924600
2016-01-25,67.68000030517578,68.44000244140625,66.63999938964844,66.75,47.16627883911133,1895200
2016-01-26,67.02999877929688,67.91999816894531,65.66999816894531,66.0,46.636322021484375,4865200
2016-01-27,65.20999908447266,65.36000061035156,60.72999954223633,61.599998474121094,43.527217864990234,6630700
2016-01-28,61.400001525878906,62.04999923706055,60.33000183105469,60.43000030517578,42.70050048828125,4976100
2016-01-29,61.279998779296875,62.22999954223633,60.529998779296875,62.220001220703125,43.965328216552734,4401500
2016-02-01,61.900001525878906,63.310001373291016,61.54999923706055,62.83000183105469,44.396366119384766,2337000
2016-02-02,62.83000183105469,62.86000061035156,61.7400016784668,61.810001373291016,43.67561340332031,3260000
2016-02-03,62.33000183105469,63.709999084472656,62.060001373291016,63.65999984741211,44.98284912109375,2528500
2016-02-04,63.459999084472656,63.90999984741211,62.83000183105469,63.689998626708984,45.00404739379883,2400300
2016-02-05,62.70000076293945,63.22999954223633,61.93000030517578,63.119998931884766,45.21176528930664,3272100
2016-02-08,63.0,63.22999954223633,59.15999984741211,60.58000183105469,43.39241409301758,3618900
2016-02-09,59.880001068115234,59.93000030517578,54.40999984741211,55.7400016784668,39.925601959228516,7557500
2016-02-10,55.97999954223633,56.470001220703125,55.61000061035156,55.709999084472656,39.90411376953125,2671200
2016-02-11,54.68000030517578,55.22999954223633,52.79999923706055,53.68000030517578,38.450042724609375,5659600
2016-02-12,54.29999923706055,55.34000015258789,53.5,54.400001525878906,38.96577072143555,3965600
2016-02-16,55.060001373291016,55.97999954223633,54.380001068115234,55.959999084472656,40.08318328857422,3655500
2016-02-17,56.04999923706055,56.970001220703125,55.47999954223633,56.529998779296875,40.49147033691406,5821100
2016-02-18,57.0,59.439998626708984,56.119998931884766,58.68000030517578,42.031455993652344,3848400
2016-02-19,58.439998626708984,60.04999923706055,57.86000061035156,59.20000076293945,42.4039421081543,3924500
2016-02-22,59.529998779296875,60.380001068115234,59.15999984741211,60.33000183105469,43.213340759277344,2652700
2016-02-23,60.150001525878906,61.93000030517578,60.0099983215332,60.66999816894531,43.456871032714844,2796700
2016-02-24,60.380001068115234,61.650001525878906,60.119998931884766,61.540000915527344,44.080047607421875,2638900
2016-02-25,61.849998474121094,62.709999084472656,61.54999923706055,62.66999816894531,44.88944625854492,2582900
2016-02-26,62.619998931884766,63.689998626708984,62.459999084472656,63.5,45.48395919799805,2355300
2016-02-29,63.47999954223633,64.4000015258789,63.380001068115234,63.779998779296875,45.684505462646484,3214000
2016-03-01,64.1500015258789,66.0,64.0,65.9800033569336,47.26033401489258,2401000
2016-03-02,65.9800033569336,66.93000030517578,65.62999725341797,66.93000030517578,47.94080352783203,1878800
2016-03-03,67.01000213623047,67.2699966430664,65.05000305175781,65.98999786376953,47.26750183105469,3247600
2016-03-04,65.98999786376953,66.41999816894531,65.41999816894531,66.19000244140625,47.41075897216797,1936900
2016-03-07,65.75,67.16000366210938,65.43000030517578,66.87000274658203,47.89783477783203,1712400
2016-03-08,66.69999694824219,67.02999877929688,65.6500015258789,65.86000061035156,47.17438507080078,2232100
2016-03-09,66.01000213623047,66.8499984741211,65.8499984741211,66.5,47.63279724121094,1699700
2016-03-10,66.0,66.41999816894531,64.30999755859375,65.12999725341797,46.65149688720703,3297100
2016-03-11,65.63999938964844,66.66999816894531,65.62000274658203,66.55000305175781,47.668617248535156,3946900
2016-03-14,66.37999725341797,66.61000061035156,65.63999938964844,66.52999877929688,47.6542854309082,1974600
2016-03-15,66.27999877929688,66.47000122070312,64.76000213623047,65.75,47.09558868408203,2016500
2016-03-16,65.55000305175781,66.80999755859375,64.83000183105469,66.55000305175781,47.668617248535156,2416300
2016-03-17,66.83000183105469,67.73999786376953,66.37999725341797,67.56999969482422,48.399227142333984,2316200
2016-03-18,67.7300033569336,67.94000244140625,67.11000061035156,67.13999938964844,48.09122848510742,3598200
2016-03-21,66.97000122070312,67.5,66.77999877929688,66.83999633789062,47.87633514404297,1997900
2016-03-22,66.45999908447266,66.97000122070312,66.16000366210938,66.73999786376953,47.804718017578125,2214700
2016-03-23,66.81999969482422,67.37000274658203,66.2699966430664,66.87999725341797,47.904998779296875,1723400
2016-03-24,66.44999694824219,67.12999725341797,65.86000061035156,66.95999908447266,47.962284088134766,1630400
2016-03-28,66.97000122070312,68.04000091552734,66.83999633789062,67.6500015258789,48.456539154052734,1426900
2016-03-29,67.66000366210938,69.61000061035156,67.45999908447266,69.4000015258789,49.71003341674805,2527000
2016-03-30,69.54000091552734,69.5999984741211,68.80000305175781,68.87999725341797,49.33756637573242,1840300
2016-03-31,68.76000213623047,69.94000244140625,68.51000213623047,69.33999633789062,49.66704177856445,2994500
2016-04-01,68.37999725341797,69.4000015258789,68.0199966430664,69.16000366210938,49.538124084472656,1829700
2016-04-04,69.38999938964844,69.87999725341797,69.16999816894531,69.5999984741211,49.853275299072266,1941200
2016-04-05,69.48999786376953,70.1500015258789,68.97000122070312,69.41000366210938,49.717193603515625,1638600
2016-04-06,69.3499984741211,69.62000274658203,68.98999786376953,69.06999969482422,49.473655700683594,1845800
2016-04-07,68.94999694824219,69.68000030517578,68.52999877929688,68.7699966430664,49.25876998901367,2238900
2016-04-08,68.98999786376953,69.66000366210938,68.70999908447266,69.29000091552734,49.6312370300293,1827300
2016-04-11,69.47000122070312,69.9000015258789,69.19999694824219,69.55000305175781,49.81747055053711,1865800
2016-04-12,69.91999816894531,70.23999786376953,69.5199966430664,69.87999725341797,50.0538330078125,1390700
2016-04-13,70.0,70.0,69.4000015258789,69.63999938964844,49.88193130493164,1448300
2016-04-14,69.61000061035156,69.9000015258789,69.18000030517578,69.66999816894531,49.90342330932617,2051100
2016-04-15,69.62000274658203,70.31999969482422,69.52999877929688,69.80999755859375,50.00370407104492,1707600
2016-04-18,69.86000061035156,70.66000366210938,69.58000183105469,70.63999938964844,50.59823226928711,1396100
2016-04-19,70.66999816894531,71.33000183105469,70.48999786376953,71.33000183105469,51.09243392944336,1621200
2016-04-20,71.30000305175781,71.31999969482422,68.81999969482422,69.0199966430664,49.437835693359375,1863400
2016-04-21,69.0199966430664,69.1500015258789,66.55000305175781,66.62000274658203,47.71876907348633,2689200
2016-04-22,67.0,68.55999755859375,66.76000213623047,68.2699966430664,48.900611877441406,2100000
2016-04-25,68.20999908447266,69.30000305175781,68.0,69.30000305175781,49.63839340209961,1492600
2016-04-26,69.44000244140625,70.31999969482422,69.19000244140625,69.4000015258789,49.71003341674805,1345500
2016-04-27,69.23999786376953,69.91999816894531,68.80000305175781,69.80000305175781,49.99654006958008,1700200
2016-04-28,69.26000213623047,70.05999755859375,69.26000213623047,69.66000366210938,49.896263122558594,1423600
2016-04-29,69.20999908447266,69.66000366210938,68.44000244140625,69.41999816894531,49.72435760498047,1717600
2016-05-02,69.68000030517578,70.55999755859375,69.47000122070312,70.27999877929688,50.340354919433594,1787300
2016-05-03,69.97000122070312,72.36000061035156,69.6500015258789,71.8499984741211,51.464927673339844,2810100
2016-05-04,71.55000305175781,74.4800033569336,71.55000305175781,74.37999725341797,53.277103424072266,4959500
2016-05-05,74.05999755859375,74.5999984741211,73.0,73.7300033569336,52.8115348815918,3112500
2016-05-06,72.83999633789062,73.94999694824219,72.01000213623047,73.56999969482422,53.31884765625,2348000
2016-05-09,73.9000015258789,74.95999908447266,73.4800033569336,74.69999694824219,54.13780212402344,2855400
2016-05-10,74.63999938964844,74.63999938964844,71.68000030517578,73.02999877929688,52.927486419677734,3785200
2016-05-11,72.94000244140625,72.98999786376953,70.5999984741211,71.05999755859375,51.49974822998047,3668500
2016-05-12,71.37999725341797,72.51000213623047,70.80999755859375,72.08999633789062,52.24623107910156,2018800
2016-05-13,71.94999694824219,72.02999877929688,71.11000061035156,71.7699966430664,52.014312744140625,1674100
2016-05-16,71.75,73.18000030517578,71.63999938964844,72.63999938964844,52.644832611083984,1397000
2016-05-17,72.58000183105469,72.5999984741211,71.04000091552734,71.61000061035156,51.898353576660156,1990200
2016-05-18,71.30999755859375,71.30999755859375,68.13999938964844,69.36000061035156,50.2677001953125,3956600
2016-05-19,68.55999755859375,68.95999908447266,68.22000122070312,68.4000015258789,49.571956634521484,3606300
2016-05-20,68.91999816894531,69.11000061035156,67.69999694824219,68.55000305175781,49.680667877197266,3383500
2016-05-23,68.80999755859375,68.94999694824219,68.18000030517578,68.31999969482422,49.513973236083984,2408400
2016-05-24,68.77999877929688,69.30999755859375,68.33999633789062,68.69000244140625,49.782142639160156,2180600
2016-05-25,68.80000305175781,68.95999908447266,67.5199966430664,68.61000061035156,49.724151611328125,2119200
2016-05-26,68.66999816894531,69.12999725341797,68.43000030517578,68.93000030517578,49.95606994628906,1383500
2016-05-27,68.94999694824219,69.75,68.93000030517578,69.2699966430664,50.20248031616211,1200600
2016-05-31,69.31999969482422,69.44999694824219,68.41000366210938,68.91000366210938,49.94157409667969,4403000
2016-06-01,68.75,69.37999725341797,68.5999984741211,68.98999786376953,49.999549865722656,1883800
2016-06-02,68.87000274658203,69.47000122070312,68.63999938964844,69.47000122070312,50.34742736816406,1756200
2016-06-03,70.16999816894531,71.5199966430664,70.0999984741211,71.31999969482422,51.68818283081055,3062100
2016-06-06,71.20999908447266,71.4000015258789,69.61000061035156,69.81999969482422,50.60107421875,2831100
2016-06-07,70.02999877929688,70.83999633789062,69.81999969482422,70.70999908447266,51.2461051940918,2405500
2016-06-08,70.6500015258789,71.98999786376953,70.33000183105469,71.80999755859375,52.04331970214844,2252500
2016-06-09,71.58999633789062,72.37999725341797,71.33999633789062,72.1500015258789,52.28972244262695,2035500
2016-06-10,71.66000366210938,72.43000030517578,71.63999938964844,72.13999938964844,52.282470703125,1905800
2016-06-13,72.23999786376953,73.27999877929688,72.23999786376953,72.70999908447266,52.69556427001953,2238400
2016-06-14,72.69999694824219,73.44000244140625,72.12000274658203,72.91000366210938,52.840511322021484,2904300
2016-06-15,72.95999908447266,73.91999816894531,72.86000061035156,73.5,53.26811218261719,2247400
2016-06-16,73.26000213623047,73.91999816894531,72.73999786376953,73.87000274658203,53.53627014160156,1816800
2016-06-17,73.73999786376953,74.7300033569336,73.19999694824219,74.25,53.81165313720703,7802400
2016-06-20,74.5,74.51000213623047,73.20999908447266,73.29000091552734,53.11592483520508,2667100
2016-06-21,73.37999725341797,73.76000213623047,72.80999755859375,73.43000030517578,53.21737289428711,2090000
2016-06-22,72.6500015258789,72.72000122070312,72.0,72.37000274658203,52.44914627075195,2070700
2016-06-23,73.0,73.18000030517578,71.94999694824219,73.04000091552734,52.93474197387695,1461600
2016-06-24,71.29000091552734,73.73999786376953,71.1500015258789,72.48999786376953,52.5361328125,5415900
2016-06-27,72.1500015258789,73.66999816894531,71.9000015258789,73.36000061035156,53.16665267944336,2552200
2016-06-28,73.55999755859375,74.72000122070312,73.12999725341797,74.69999694824219,54.13780212402344,1904000
2016-06-29,74.8499984741211,75.79000091552734,74.43000030517578,75.5199966430664,54.73206329345703,2286500
2016-06-30,75.62999725341797,76.23999786376953,74.73999786376953,76.16999816894531,55.20316696166992,2499800
2016-07-01,76.1500015258789,77.18000030517578,75.97000122070312,76.19999694824219,55.224918365478516,2276700
2016-07-05,76.0199966430664,76.75,76.0,76.69999694824219,55.58727264404297,1670500
2016-07-06,76.45999908447266,76.7300033569336,75.9000015258789,76.38999938964844,55.36259460449219,2364500
2016-07-07,75.93000030517578,76.04000091552734,74.27999877929688,74.83999633789062,54.2392463684082,2301000
2016-07-08,75.33000183105469,75.8499984741211,74.52999877929688,75.62000274658203,54.80454635620117,2291400
2016-07-11,75.77999877929688,76.33000183105469,75.0,76.19999694824219,55.224918365478516,1420500
2016-07-12,76.13999938964844,76.58000183105469,75.5199966430664,76.0199966430664,55.094444274902344,1783800
2016-07-13,76.3499984741211,77.01000213623047,76.0,76.94999694824219,55.76844787597656,1746000
2016-07-14,76.94999694824219,76.97000122070312,75.68000030517578,76.16999816894531,55.20316696166992,1531300
2016-07-15,76.31999969482422,76.58000183105469,75.5999984741211,76.5,55.44232177734375,1507900
2016-07-18,76.62999725341797,77.37999725341797,76.37999725341797,77.19000244140625,55.94237518310547,1085800
2016-07-19,77.20999908447266,77.5999984741211,76.7699966430664,77.55999755859375,56.210533142089844,1517600
2016-07-20,77.4800033569336,77.62999725341797,77.1500015258789,77.61000061035156,56.24678421020508,1060000
2016-07-21,77.25,78.08000183105469,77.06999969482422,78.05999755859375,56.572914123535156,1070100
2016-07-22,78.0,79.13999938964844,77.91000366210938,78.75,57.07297897338867,1251700
2016-07-25,78.9000015258789,79.0999984741211,78.22000122070312,78.75,57.07297897338867,1137500
2016-07-26,78.6500015258789,78.69000244140625,77.5,77.7699966430664,56.362735748291016,1333200
2016-07-27,77.7699966430664,77.94000244140625,76.25,77.36000061035156,56.06559371948242,1740500
2016-07-28,77.2300033569336,78.58999633789062,77.05999755859375,78.37000274658203,56.79756546020508,1713200
2016-07-29,78.51000213623047,79.98999786376953,78.51000213623047,79.33000183105469,57.49333572387695,1925200
2016-08-01,79.31999969482422,80.19000244140625,78.61000061035156,79.61000061035156,57.69624710083008,1944800
2016-08-02,79.06999969482422,79.56999969482422,77.30999755859375,77.80000305175781,56.384464263916016,2352200
2016-08-03,77.55000305175781,77.83999633789062,75.91999816894531,77.45999908447266,56.13806915283203,2366400
2016-08-04,77.45999908447266,77.75,77.02999877929688,77.70999908447266,56.319252014160156,1467400
2016-08-05,76.94999694824219,77.37000274658203,76.16000366210938,76.37999725341797,55.97481155395508,1508500
2016-08-08,76.5,77.47000122070312,76.33999633789062,77.05000305175781,56.465816497802734,1577800
2016-08-09,76.94000244140625,78.4000015258789,76.11000061035156,78.26000213623047,57.35258102416992,2392700
2016-08-10,78.4800033569336,79.16999816894531,78.30999755859375,78.9000015258789,57.82158279418945,2022300
2016-08-11,78.86000061035156,78.93000030517578,77.30000305175781,77.75,56.97881317138672,2105300
2016-08-12,77.97000122070312,79.41999816894531,77.7300033569336,78.36000061035156,57.42585754394531,1676400
2016-08-15,78.45999908447266,78.70999908447266,77.68000030517578,77.75,56.97881317138672,1663700
2016-08-16,77.55000305175781,77.69999694824219,76.37999725341797,76.66999816894531,56.18733215332031,1627500
2016-08-17,76.8499984741211,77.26000213623047,76.08999633789062,77.0,56.42918014526367,1999200
2016-08-18,77.0,77.26000213623047,76.41000366210938,76.88999938964844,56.34857177734375,1240800
2016-08-19,76.63999938964844,76.91999816894531,76.06999969482422,76.26000213623047,55.886871337890625,1774200
2016-08-22,76.45999908447266,76.97000122070312,76.27999877929688,76.63999938964844,56.16535186767578,1538200
2016-08-23,76.9800033569336,77.11000061035156,76.54000091552734,76.91000366210938,56.363243103027344,1178600
2016-08-24,76.91000366210938,77.1500015258789,75.8499984741211,76.29000091552734,55.90884780883789,1064800
2016-08-25,76.37999725341797,77.30000305175781,76.30000305175781,77.0,56.42918014526367,1446400
2016-08-26,77.13999938964844,77.58000183105469,75.13999938964844,75.77999877929688,55.535099029541016,1916100
2016-08-29,76.08999633789062,77.33999633789062,76.05000305175781,76.95999908447266,56.39985656738281,1485500
2016-08-30,77.11000061035156,77.22000122070312,76.23999786376953,77.0,56.42918014526367,1130000
2016-08-31,76.83000183105469,77.31999969482422,76.2300033569336,76.75,56.2459602355957,2266200
2016-09-01,76.75,76.79000091552734,75.9800033569336,76.43000030517578,56.01146697998047,1263100
2016-09-02,76.70999908447266,77.72000122070312,76.38999938964844,76.69999694824219,56.20932388305664,1676200
2016-09-06,76.94999694824219,77.97000122070312,76.44999694824219,77.91999816894531,57.103389739990234,1877900
2016-09-07,77.88999938964844,78.19000244140625,77.45999908447266,78.19000244140625,57.30126953125,1289700
2016-09-08,77.80999755859375,77.87000274658203,77.01000213623047,77.37999725341797,56.70766067504883,3189400
2016-09-09,76.5199966430664,76.80999755859375,73.51000213623047,73.75,54.04743576049805,3189600
2016-09-12,73.62999725341797,75.0999984741211,73.37999725341797,74.7699966430664,54.79492950439453,2179700
2016-09-13,74.25,74.51000213623047,72.81999969482422,73.08999633789062,53.56374740600586,1896500
2016-09-14,73.45999908447266,74.19999694824219,73.11000061035156,73.54000091552734,53.89353942871094,1927400
2016-09-15,73.29000091552734,73.77999877929688,72.87000274658203,73.61000061035156,53.944820404052734,1579600
2016-09-16,73.37999725341797,73.55999755859375,72.77999877929688,73.19000244140625,53.63703918457031,3372400
2016-09-19,73.63999938964844,73.80999755859375,73.01000213623047,73.25,53.68101119995117,2751000
2016-09-20,73.95999908447266,73.95999908447266,73.16000366210938,73.18000030517578,53.62969207763672,2529200
2016-09-21,73.27999877929688,74.5,72.33999633789062,74.33999633789062,54.47981262207031,2891700
2016-09-22,74.91000366210938,76.29000091552734,74.88999938964844,76.08999633789062,55.762290954589844,2901600
2016-09-23,76.04000091552734,76.83000183105469,75.31999969482422,76.4000015258789,55.98948669433594,1666900
2016-09-26,75.91999816894531,77.12999725341797,75.91999816894531,76.80000305175781,56.28260803222656,2816400
2016-09-27,77.0199966430664,77.18000030517578,75.38999938964844,75.5199966430664,55.34455490112305,2404400
2016-09-28,75.58999633789062,76.54000091552734,75.58999633789062,76.44999694824219,56.026123046875,1640000
2016-09-29,76.02999877929688,76.62000274658203,75.01000213623047,75.80999755859375,55.55708694458008,1722600
2016-09-30,76.41999816894531,76.88999938964844,74.72000122070312,74.7699966430664,54.79492950439453,2126300
2016-10-03,74.45999908447266,74.8499984741211,73.62000274658203,73.79000091552734,54.07673263549805,1850500
2016-10-04,73.69999694824219,73.76000213623047,71.48999786376953,71.87999725341797,52.677001953125,2479800
2016-10-05,72.06999969482422,72.5199966430664,70.1500015258789,70.37999725341797,51.577728271484375,2847500
2016-10-06,70.16000366210938,70.77999877929688,69.11000061035156,70.33000183105469,51.54108428955078,3066000
2016-10-07,70.70999908447266,71.48999786376953,69.26000213623047,69.54000091552734,50.9621467590332,2749900
2016-10-10,69.5999984741211,70.38999938964844,69.5,69.79000091552734,51.145355224609375,1279000
2016-10-11,69.58999633789062,69.9800033569336,68.63999938964844,68.73999786376953,50.37586975097656,1775600
2016-10-12,68.75,69.45999908447266,68.7300033569336,69.12000274658203,50.654361724853516,1420300
2016-10-13,69.0,70.12000274658203,68.80999755859375,69.88999938964844,51.21864318847656,1594400
2016-10-14,70.69000244140625,70.69000244140625,68.91000366210938,69.43000030517578,50.88153076171875,1508600
2016-10-17,69.58999633789062,70.01000213623047,69.20999908447266,69.33000183105469,50.80824661254883,1496000
2016-10-18,69.9800033569336,70.73999786376953,69.70999908447266,70.33000183105469,51.54108428955078,1473400
2016-10-19,70.41999816894531,70.91999816894531,70.16000366210938,70.58999633789062,51.731624603271484,1963200
2016-10-20,70.61000061035156,71.12999725341797,70.30000305175781,70.87999725341797,51.94415283203125,1619500
2016-10-21,70.44999694824219,70.88999938964844,70.27999877929688,70.5,51.66568374633789,1266800
2016-10-24,70.8499984741211,71.69999694824219,70.48999786376953,70.86000061035156,51.929500579833984,1121400
2016-10-25,70.79000091552734,71.0999984741211,70.3499984741211,70.97000122070312,52.010108947753906,1118400
2016-10-26,70.44000244140625,70.58000183105469,69.27999877929688,69.69000244140625,51.07206726074219,1075600
2016-10-27,69.36000061035156,69.44999694824219,67.62000274658203,68.4000015258789,50.126705169677734,1864000
2016-10-28,68.76000213623047,69.1500015258789,68.11000061035156,68.44999694824219,50.163333892822266,1946300
2016-10-31,68.88999938964844,69.1500015258789,68.30000305175781,68.52999877929688,50.22196960449219,2497700
2016-11-01,68.27999877929688,68.54000091552734,66.45999908447266,67.41000366210938,49.401180267333984,3891600
2016-11-02,67.36000061035156,68.22000122070312,67.0,67.20999908447266,49.25460433959961,4007900
2016-11-03,67.06999969482422,67.06999969482422,65.75,65.9800033569336,48.35321044921875,3366200
2016-11-04,65.05000305175781,65.62999725341797,64.23999786376953,65.13999938964844,48.36806106567383,2634700
2016-11-07,65.9800033569336,66.2699966430664,64.93000030517578,66.23999786376953,49.184837341308594,2252000
2016-11-08,65.97000122070312,66.27999877929688,64.86000061035156,64.97000122070312,48.2418212890625,2692800
2016-11-09,63.2400016784668,63.91999816894531,61.38999938964844,62.75,46.593421936035156,4956100
2016-11-10,62.56999969482422,62.599998474121094,59.38999938964844,61.0099983215332,45.301429748535156,6131200
2016-11-11,60.810001373291016,62.06999969482422,60.709999084472656,61.52000045776367,45.680118560791016,3337500
2016-11-14,61.36000061035156,64.05999755859375,60.619998931884766,63.720001220703125,47.31366729736328,3366300
2016-11-15,63.869998931884766,65.1500015258789,62.36000061035156,62.7599983215332,46.60085678100586,2559800
2016-11-16,62.869998931884766,63.470001220703125,62.29999923706055,63.0099983215332,46.786476135253906,2493900
2016-11-17,63.040000915527344,63.470001220703125,61.66999816894531,61.97999954223633,46.02167892456055,2037900
2016-11-18,62.04999923706055,62.66999816894531,61.689998626708984,62.4900016784668,46.40038299560547,2177500
2016-11-21,62.75,63.0,61.720001220703125,61.849998474121094,45.9251594543457,2311200
2016-11-22,62.11000061035156,62.58000183105469,61.650001525878906,62.41999816894531,46.348392486572266,2598200
2016-11-23,61.900001525878906,62.31999969482422,61.380001068115234,62.18000030517578,46.17018508911133,2098700
2016-11-25,62.16999816894531,63.16999816894531,61.86000061035156,62.63999938964844,46.51173782348633,817000
2016-11-28,62.65999984741211,63.58000183105469,62.45000076293945,63.400001525878906,47.07606506347656,2467200
2016-11-29,63.439998626708984,64.2699966430664,63.04999923706055,64.19000244140625,47.66266632080078,2437900
2016-11-30,63.380001068115234,63.79999923706055,62.43000030517578,62.779998779296875,46.615699768066406,4513000
2016-12-01,62.540000915527344,62.59000015258789,61.08000183105469,61.40999984741211,45.59843826293945,2438700
2016-12-02,62.02000045776367,63.689998626708984,61.959999084472656,62.779998779296875,46.615699768066406,2688600
2016-12-05,62.72999954223633,63.11000061035156,62.06999969482422,62.65999984741211,46.52659606933594,2648600
2016-12-06,62.650001525878906,63.900001525878906,62.5099983215332,63.54999923706055,47.18744659423828,2460900
2016-12-07,63.869998931884766,65.30999755859375,63.7599983215332,65.2699966430664,48.46459197998047,2809900
2016-12-08,64.79000091552734,65.69999694824219,64.3499984741211,65.61000061035156,48.717041015625,2119400
2016-12-09,65.52999877929688,66.45999908447266,65.4800033569336,65.66999816894531,48.7615966796875,1658700
2016-12-12,65.51000213623047,66.62000274658203,65.05000305175781,66.54000091552734,49.4075813293457,2087300
2016-12-13,66.63999938964844,66.7300033569336,66.0199966430664,66.58999633789062,49.44471740722656,2309700
2016-12-14,66.55999755859375,66.58999633789062,64.4000015258789,64.48999786376953,47.88541030883789,2747600
2016-12-15,64.2300033569336,64.5,63.04999923706055,63.34000015258789,47.03151321411133,4009700
2016-12-16,63.88999938964844,65.58000183105469,63.88999938964844,65.18000030517578,48.39775848388672,5069100
2016-12-19,65.7300033569336,66.9000015258789,65.7300033569336,66.37999725341797,49.288795471191406,1822400
2016-12-20,66.30999755859375,67.0,65.94000244140625,66.45999908447266,49.34819412231445,1386500
2016-12-21,66.47000122070312,67.19999694824219,65.25,65.30999755859375,48.49428176879883,1634600
2016-12-22,65.05000305175781,65.55999755859375,64.44999694824219,65.33999633789062,48.51655960083008,1288900
2016-12-23,65.44999694824219,65.72000122070312,65.05000305175781,65.51000213623047,48.642799377441406,908400
2016-12-27,65.55999755859375,66.0999984741211,65.23999786376953,65.86000061035156,48.902671813964844,1218800
2016-12-28,65.86000061035156,65.94000244140625,65.0199966430664,65.4000015258789,48.56111145019531,1007700
2016-12-29,65.52999877929688,66.2699966430664,65.12999725341797,65.7699966430664,48.835853576660156,1506500
2016-12-30,65.91000366210938,67.06999969482422,65.62999725341797,66.93000030517578,49.697181701660156,1688200
2017-01-03,67.11000061035156,67.11000061035156,65.83000183105469,66.16999816894531,49.132869720458984,2085000
2017-01-04,66.11000061035156,66.91000366210938,65.9000015258789,66.68000030517578,49.51154327392578,2070700
2017-01-05,67.30999755859375,68.31999969482422,66.38999938964844,68.16999816894531,50.617916107177734,2228000
2017-01-06,68.08000183105469,68.68000030517578,67.48999786376953,68.44999694824219,50.8258056640625,1908600
2017-01-09,68.5999984741211,68.86000061035156,67.9800033569336,68.4000015258789,50.7886962890625,1806600
2017-01-10,67.9000015258789,67.9000015258789,66.12000274658203,66.31999969482422,49.244239807128906,3252200
2017-01-11,66.30999755859375,67.05999755859375,65.70999908447266,66.4000015258789,49.30364227294922,2741100
2017-01-12,66.08999633789062,66.95999908447266,65.77999877929688,66.8499984741211,49.63776779174805,1611400
2017-01-13,66.7300033569336,67.08000183105469,66.20999908447266,66.66000366210938,49.496700286865234,1156500
2017-01-17,67.08000183105469,67.63999938964844,66.94000244140625,67.30000305175781,49.97191619873047,1468600
2017-01-18,67.27999877929688,67.62999725341797,66.97000122070312,67.08000183105469,49.808563232421875,2514800
2017-01-19,66.70999908447266,66.83999633789062,66.04000091552734,66.4000015258789,49.30364227294922,1770300
2017-01-20,66.16000366210938,66.80000305175781,65.80999755859375,66.76000213623047,49.57094192504883,1540800
2017-01-23,66.8499984741211,67.80999755859375,66.51000213623047,67.68000030517578,50.254066467285156,1884700
2017-01-24,67.5199966430664,67.98999786376953,66.94999694824219,67.30000305175781,49.97191619873047,1865800
2017-01-25,67.25,67.44000244140625,66.02999877929688,66.36000061035156,49.27396011352539,1571100
2017-01-26,66.4800033569336,66.88999938964844,65.94000244140625,66.13999938964844,49.11058044433594,1714600
2017-01-27,66.37000274658203,66.61000061035156,65.68000030517578,65.94000244140625,48.96209716796875,1189100
2017-01-30,66.05999755859375,66.58999633789062,65.69999694824219,66.33999633789062,49.25908660888672,1264200
2017-01-31,66.4800033569336,67.0199966430664,66.16000366210938,66.30000305175781,49.229393005371094,2561900
2017-02-01,66.1500015258789,66.66999816894531,65.23999786376953,65.2699966430664,48.46459197998047,2041500
2017-02-02,65.41999816894531,66.44999694824219,65.38999938964844,66.33999633789062,49.25908660888672,1726800
2017-02-03,65.66000366210938,66.29000091552734,65.12999725341797,65.43000030517578,49.2289924621582,1802100
2017-02-06,65.55999755859375,66.37999725341797,65.43000030517578,66.16999816894531,49.785770416259766,1807900
2017-02-07,66.33000183105469,66.66999816894531,65.77999877929688,65.87000274658203,49.5600471496582,1406900
2017-02-08,65.9000015258789,66.43000030517578,65.9000015258789,66.02999877929688,49.68042755126953,2013300
2017-02-09,66.02999877929688,66.26000213623047,65.19999694824219,65.38999938964844,49.19889831542969,1653300
2017-02-10,65.27999877929688,65.88999938964844,65.05000305175781,65.87000274658203,49.5600471496582,1462000
2017-02-13,66.0,66.58999633789062,65.55999755859375,66.29000091552734,49.87604904174805,1747000
2017-02-14,66.44000244140625,66.4800033569336,64.87000274658203,65.51000213623047,49.2891845703125,1346800
2017-02-15,65.23999786376953,65.69000244140625,64.62999725341797,65.58000183105469,49.34185791015625,1692800
2017-02-16,65.66999816894531,66.88999938964844,65.66999816894531,66.08000183105469,49.71804428100586,1347400
2017-02-17,66.41999816894531,66.63999938964844,65.37999725341797,65.91999816894531,49.59767150878906,2199300
2017-02-21,66.02999877929688,67.08999633789062,65.51000213623047,66.94000244140625,50.36510467529297,2031400
2017-02-22,67.80999755859375,68.30999755859375,67.11000061035156,67.69999694824219,50.93691635131836,2667300
2017-02-23,68.02999877929688,68.94999694824219,67.58999633789062,68.8499984741211,51.802181243896484,1773200
2017-02-24,68.80999755859375,70.0999984741211,68.22000122070312,70.05999755859375,52.71256637573242,2476800
2017-02-27,69.91000366210938,70.52999877929688,69.76000213623047,70.04000091552734,52.69752502441406,1572800
2017-02-28,70.04000091552734,70.7300033569336,69.86000061035156,70.37999725341797,52.95332717895508,2360900
2017-03-01,69.75,70.11000061035156,69.01000213623047,69.4800033569336,52.27618408203125,2405900
2017-03-02,69.2300033569336,70.04000091552734,68.75,69.94999694824219,52.62980651855469,2183800
2017-03-03,69.94000244140625,69.94000244140625,68.81999969482422,69.56999969482422,52.3438835144043,1447000
2017-03-06,69.08000183105469,69.5199966430664,68.25,68.54000091552734,51.56893539428711,1477400
2017-03-07,68.30999755859375,68.62000274658203,67.69000244140625,68.48999786376953,51.531314849853516,1218100
2017-03-08,67.80999755859375,68.0,66.97000122070312,67.0199966430664,50.425296783447266,1863900
2017-03-09,66.97000122070312,67.12000274658203,65.58999633789062,65.80000305175781,49.50736618041992,1913600
2017-03-10,65.80000305175781,66.91999816894531,65.75,66.16999816894531,49.785770416259766,2174300
2017-03-13,66.16999816894531,66.66000366210938,65.3499984741211,66.0,49.657859802246094,2061200
2017-03-14,65.86000061035156,66.13999938964844,65.26000213623047,66.05000305175781,49.69547653198242,1726400
2017-03-15,66.2699966430664,67.36000061035156,66.12000274658203,67.23999786376953,50.590824127197266,2294800
2017-03-16,67.0,67.55999755859375,66.91999816894531,67.29000091552734,50.628440856933594,1709000
2017-03-17,67.44000244140625,67.93000030517578,67.06999969482422,67.27999877929688,50.62092590332031,3462700
2017-03-20,67.95999908447266,68.19999694824219,67.20999908447266,67.77999877929688,50.997108459472656,2160800
2017-03-21,67.91000366210938,68.16000366210938,67.51000213623047,67.81999969482422,51.0272102355957,1933200
2017-03-22,68.0,68.80000305175781,67.83000183105469,68.66000366210938,51.65922546386719,1740100
2017-03-23,68.69999694824219,70.30000305175781,68.44000244140625,69.5999984741211,52.366458892822266,2576200
2017-03-24,69.77999877929688,69.97000122070312,69.52999877929688,69.66999816894531,52.41914367675781,2364100
2017-03-27,69.75,70.77999877929688,69.55000305175781,70.12999725341797,52.765228271484375,2424400
2017-03-28,70.02999877929688,70.68000030517578,69.83999633789062,70.61000061035156,53.12637710571289,1931400
2017-03-29,70.52999877929688,71.08000183105469,70.44000244140625,70.93000030517578,53.367149353027344,2334600
2017-03-30,70.7300033569336,70.9800033569336,70.25,70.77999877929688,53.254295349121094,1818200
2017-03-31,70.6500015258789,71.13999938964844,70.4800033569336,70.81999969482422,53.28437805175781,2650400
2017-04-03,70.81999969482422,71.25,70.5,71.1500015258789,53.53267288208008,2027400
2017-04-04,71.1500015258789,71.1500015258789,70.44999694824219,70.58000183105469,53.10380935668945,2834800
2017-04-05,70.5999984741211,71.52999877929688,70.44000244140625,71.30000305175781,53.645545959472656,2141300
2017-04-06,71.22000122070312,71.86000061035156,70.83000183105469,71.58000183105469,53.85621643066406,2189700
2017-04-07,71.62999725341797,72.4800033569336,71.62999725341797,72.26000213623047,54.36783981323242,2163000
2017-04-10,72.2699966430664,73.02999877929688,72.0199966430664,72.88999938964844,54.84183883666992,1676800
2017-04-11,72.87999725341797,73.08999633789062,72.63999938964844,72.79000091552734,54.76660919189453,1274800
2017-04-12,72.79000091552734,73.16999816894531,72.44999694824219,72.93000030517578,54.87194061279297,1523300
2017-04-13,72.88999938964844,73.31999969482422,72.69000244140625,72.8499984741211,54.81174087524414,1819300
2017-04-17,73.1500015258789,73.45999908447266,73.04000091552734,73.38999938964844,55.2180290222168,1304000
2017-04-18,73.44000244140625,74.5,73.30999755859375,74.23999786376953,55.857574462890625,2448600
2017-04-19,74.16999816894531,74.25,73.56999969482422,73.87000274658203,55.579185485839844,2300700
2017-04-20,73.76000213623047,74.11000061035156,73.58999633789062,74.06999969482422,55.72966003417969,1617700
2017-04-21,73.80999755859375,74.27999877929688,73.55999755859375,73.68000030517578,55.43622970581055,2306800
2017-04-24,73.87000274658203,73.94000244140625,71.43000030517578,72.5,54.54838180541992,2955300
2017-04-25,72.48999786376953,72.7300033569336,72.1500015258789,72.66999816894531,54.67631530761719,1112300
2017-04-26,72.43000030517578,72.4800033569336,71.68000030517578,71.83000183105469,54.04429626464844,1562600
2017-04-27,71.83000183105469,72.76000213623047,71.5199966430664,72.16000366210938,54.29259490966797,1287700
2017-04-28,72.05000305175781,72.05000305175781,70.58000183105469,71.44000244140625,53.7508659362793,1922700
2017-05-01,71.52999877929688,71.98999786376953,70.93000030517578,71.19999694824219,53.57030487060547,1670900
2017-05-02,71.30000305175781,71.44000244140625,70.41000366210938,70.75,53.231712341308594,2528600
2017-05-03,70.9800033569336,71.16000366210938,69.55999755859375,69.80999755859375,52.52446746826172,2182100
2017-05-04,69.75,70.01000213623047,68.94999694824219,69.86000061035156,52.56208038330078,1971600
2017-05-05,68.91000366210938,69.93000030517578,68.75,69.80000305175781,53.1792106628418,1888200
2017-05-08,69.94999694824219,69.95999908447266,69.01000213623047,69.72000122070312,53.11826705932617,1813200
2017-05-09,69.75,69.80999755859375,68.66000366210938,69.02999877929688,52.59256362915039,1659900
2017-05-10,69.16999816894531,70.19999694824219,68.8499984741211,70.01000213623047,53.33921813964844,1498400
2017-05-11,69.80000305175781,71.56999969482422,69.44000244140625,71.5,54.47440719604492,1856300
2017-05-12,71.69000244140625,72.30000305175781,71.48999786376953,71.8499984741211,54.74107360839844,2421100
2017-05-15,72.0,72.63999938964844,71.61000061035156,71.66000366210938,54.596309661865234,1496600
2017-05-16,71.79000091552734,71.9800033569336,71.05999755859375,71.5999984741211,54.55058670043945,1395300
2017-05-17,71.66999816894531,72.87999725341797,71.45999908447266,72.26000213623047,55.053443908691406,2540000
2017-05-18,72.31999969482422,73.0999984741211,71.9000015258789,72.93000030517578,55.56390380859375,1941800
2017-05-19,73.20999908447266,73.44999694824219,72.36000061035156,73.23999786376953,55.80007553100586,1910900
2017-05-22,73.19999694824219,73.56999969482422,72.87999725341797,73.4000015258789,55.921974182128906,1664700
2017-05-23,73.52999877929688,73.93000030517578,73.22000122070312,73.25,55.807708740234375,1647700
2017-05-24,73.41999816894531,73.88999938964844,73.4000015258789,73.52999877929688,56.02103042602539,1123700
2017-05-25,73.58000183105469,73.75,73.11000061035156,73.16000366210938,55.739139556884766,1248900
2017-05-26,73.33000183105469,73.4800033569336,72.37000274658203,72.52999877929688,55.2591438293457,1381000
2017-05-30,72.5,72.97000122070312,72.33999633789062,72.5,55.236263275146484,1245200
2017-05-31,72.51000213623047,72.97000122070312,72.38999938964844,72.54000091552734,55.26675796508789,2493400
2017-06-01,72.37999725341797,73.0199966430664,71.79000091552734,72.95999908447266,55.58675765991211,1495200
2017-06-02,73.33999633789062,74.08999633789062,73.23999786376953,73.79000091552734,56.2191047668457,1483500
2017-06-05,73.56999969482422,73.6500015258789,73.08000183105469,73.47000122070312,55.975318908691406,874200
2017-06-06,73.61000061035156,73.6500015258789,72.95999908447266,73.02999877929688,55.64008331298828,884600
2017-06-07,73.02999877929688,73.37999725341797,72.86000061035156,73.18000030517578,55.75436782836914,1341000
2017-06-08,73.18000030517578,73.3499984741211,72.11000061035156,72.9000015258789,55.541046142578125,1110800
2017-06-09,72.83999633789062,73.55999755859375,72.41000366210938,73.44999694824219,55.9600715637207,1231600
2017-06-12,73.45999908447266,74.04000091552734,73.05999755859375,74.04000091552734,56.40959548950195,2035300
2017-06-13,73.95999908447266,74.33999633789062,73.66999816894531,74.13999938964844,56.48577880859375,1555300
2017-06-14,74.94000244140625,75.58999633789062,74.16000366210938,74.44000244140625,56.71433639526367,2332100
2017-06-15,74.1500015258789,75.20999908447266,74.05000305175781,74.66999816894531,56.88956832885742,1722000
2017-06-16,74.81999969482422,76.06999969482422,74.69999694824219,75.5999984741211,57.598106384277344,3944200
2017-06-19,75.66999816894531,76.25,75.44999694824219,76.25,58.093353271484375,2035200
2017-06-20,76.30000305175781,77.2300033569336,76.0199966430664,76.91999816894531,58.60381317138672,2215100
2017-06-21,76.94000244140625,77.19999694824219,76.52999877929688,77.1500015258789,58.77903366088867,1762900
2017-06-22,77.04000091552734,77.69999694824219,76.69000244140625,77.48999786376953,59.038063049316406,1638800
2017-06-23,77.31999969482422,78.16999816894531,77.12000274658203,77.43000030517578,58.99235153198242,2210200
2017-06-26,77.66999816894531,78.0,77.16999816894531,77.66000366210938,59.1675910949707,1107700
2017-06-27,77.41999816894531,77.79000091552734,76.36000061035156,76.5,58.2838020324707,1476600
2017-06-28,76.5199966430664,77.22000122070312,76.04000091552734,76.52999877929688,58.306671142578125,1367100
2017-06-29,76.16000366210938,76.33000183105469,74.45999908447266,74.5,56.760040283203125,2109900
2017-06-30,74.83000183105469,75.37999725341797,74.44000244140625,74.8499984741211,57.026702880859375,1903100
2017-07-03,75.13999938964844,75.91000366210938,74.73999786376953,75.76000213623047,57.72003173828125,934900
2017-07-05,75.79000091552734,75.79000091552734,74.6500015258789,75.08999633789062,57.209571838378906,1351000
2017-07-06,74.76000213623047,74.76000213623047,73.0199966430664,73.06999969482422,55.67056655883789,1490100
2017-07-07,73.0999984741211,73.25,72.16000366210938,72.9000015258789,55.541046142578125,1527200
2017-07-10,73.04000091552734,73.19000244140625,72.48999786376953,72.52999877929688,55.2591438293457,1118000
2017-07-11,72.58000183105469,72.9000015258789,72.08000183105469,72.61000061035156,55.32009506225586,983600
2017-07-12,73.12999725341797,73.93000030517578,73.12999725341797,73.70999908447266,56.15814971923828,1020800
2017-07-13,73.54000091552734,73.66000366210938,73.11000061035156,73.30000305175781,55.84580612182617,956400
2017-07-14,73.88999938964844,74.0999984741211,73.54000091552734,73.75,56.18865203857422,1087700
2017-07-17,73.72000122070312,74.19000244140625,73.51000213623047,73.8499984741211,56.264827728271484,1286300
2017-07-18,73.91999816894531,74.31999969482422,73.63999938964844,74.05000305175781,56.41720962524414,1255700
2017-07-19,74.01000213623047,74.2699966430664,73.56999969482422,74.12999725341797,56.47815704345703,1190700
2017-07-20,74.31999969482422,74.48999786376953,73.68000030517578,73.69999694824219,56.15054702758789,1327100
2017-07-21,73.66999816894531,74.19000244140625,73.30000305175781,73.93000030517578,56.32577896118164,1227400
2017-07-24,73.95999908447266,74.08000183105469,72.80000305175781,73.1500015258789,55.73152160644531,1854700
2017-07-25,73.30999755859375,73.3499984741211,72.29000091552734,73.01000213623047,55.62484359741211,1623900
2017-07-26,73.04000091552734,73.58000183105469,72.66000366210938,73.29000091552734,55.83818817138672,1007700
2017-07-27,73.0,73.44999694824219,72.19999694824219,72.79000091552734,55.45724868774414,1396800
2017-07-28,74.4000015258789,74.4000015258789,72.47000122070312,73.06999969482422,55.67056655883789,1365200
2017-07-31,73.20999908447266,73.61000061035156,72.4000015258789,73.38999938964844,55.91434860229492,2125100
2017-08-01,73.5999984741211,73.68000030517578,71.66999816894531,72.31999969482422,55.09914779663086,2091600
2017-08-02,72.12000274658203,72.44999694824219,71.83000183105469,72.43000030517578,55.18295669555664,1455900
2017-08-03,72.43000030517578,73.18000030517578,71.88999938964844,73.05999755859375,55.662933349609375,1632200
2017-08-04,72.19999694824219,72.33000183105469,71.68000030517578,71.83000183105469,55.38534927368164,1361400
2017-08-07,71.83000183105469,72.33000183105469,71.37999725341797,71.91999816894531,55.45475769042969,1253100
2017-08-08,71.73999786376953,72.18000030517578,71.4800033569336,71.94000244140625,55.47016906738281,1536000
2017-08-09,72.0,72.19999694824219,71.16999816894531,71.23999786376953,54.93043518066406,1222400
2017-08-10,71.20999908447266,71.52999877929688,70.5199966430664,70.5999984741211,54.436946868896484,1486100
2017-08-11,70.88999938964844,70.88999938964844,69.8499984741211,70.4000015258789,54.282737731933594,1346500
2017-08-14,70.62999725341797,71.9800033569336,70.5,71.75,55.32368087768555,1605700
2017-08-15,71.55999755859375,71.55999755859375,70.81999969482422,71.23999786376953,54.93043518066406,1590700
2017-08-16,71.44999694824219,72.37999725341797,71.29000091552734,72.0,55.51644515991211,1661400
2017-08-17,71.7300033569336,72.25,71.0999984741211,71.0999984741211,54.82248306274414,1368500
2017-08-18,71.20999908447266,71.27999877929688,70.55999755859375,70.6500015258789,54.47550964355469,1403700
2017-08-21,70.7699966430664,72.1500015258789,70.56999969482422,71.9800033569336,55.50102615356445,1378000
2017-08-22,71.9800033569336,72.08000183105469,70.76000213623047,70.93000030517578,54.69139862060547,1176700
2017-08-23,70.9000015258789,71.80000305175781,70.76000213623047,71.58000183105469,55.192604064941406,930200
2017-08-24,71.51000213623047,71.9800033569336,71.30999755859375,71.41000366210938,55.06151580810547,1510300
2017-08-25,71.79000091552734,72.3499984741211,71.6500015258789,71.91999816894531,55.45475769042969,1300800
2017-08-28,72.01000213623047,72.0999984741211,71.0999984741211,71.23999786376953,54.93043518066406,931700
2017-08-29,71.48999786376953,72.2300033569336,71.37999725341797,71.93000030517578,55.46245574951172,1509300
2017-08-30,71.80999755859375,72.70999908447266,71.80000305175781,72.51000213623047,55.90968322753906,2275000
2017-08-31,72.80999755859375,73.41000366210938,72.62000274658203,73.22000122070312,56.457130432128906,2598000
2017-09-01,73.2300033569336,73.77999877929688,73.19000244140625,73.66999816894531,56.804115295410156,1731000
2017-09-05,73.86000061035156,74.4000015258789,73.63999938964844,74.05999755859375,57.10482406616211,2399000
2017-09-06,74.2300033569336,74.62999725341797,73.45999908447266,73.66999816894531,56.804115295410156,2253700
2017-09-07,73.81999969482422,74.22000122070312,73.48999786376953,73.98999786376953,57.05084228515625,1085300
2017-09-08,73.91000366210938,74.80999755859375,73.76000213623047,74.66999816894531,57.575164794921875,1451100
2017-09-11,74.56999969482422,75.43000030517578,74.3499984741211,75.36000061035156,58.107200622558594,1722400
2017-09-12,75.25,75.58000183105469,74.02999877929688,74.33999633789062,57.32073211669922,1424100
2017-09-13,74.26000213623047,74.4800033569336,73.81999969482422,74.0999984741211,57.135658264160156,1490100
2017-09-14,74.01000213623047,74.44999694824219,73.5,74.44999694824219,57.40555191040039,1651300
2017-09-15,74.26000213623047,74.62000274658203,73.61000061035156,74.56999969482422,57.498085021972656,2810000
2017-09-18,74.5199966430664,74.70999908447266,73.94999694824219,74.30999755859375,57.29757308959961,1430500
2017-09-19,74.4000015258789,74.62999725341797,73.2699966430664,73.43000030517578,56.619041442871094,1681200
2017-09-20,73.70999908447266,73.87000274658203,72.9000015258789,73.19999694824219,56.441707611083984,2130200
2017-09-21,73.19000244140625,73.4000015258789,72.16999816894531,72.19999694824219,55.6706428527832,1566100
2017-09-22,72.33000183105469,72.38999938964844,70.80000305175781,70.95999908447266,54.714542388916016,1853100
2017-09-25,71.08999633789062,71.51000213623047,70.93000030517578,71.30999755859375,54.984397888183594,1513100
2017-09-26,71.23999786376953,71.9000015258789,70.68000030517578,71.80999755859375,55.36994552612305,2813100
2017-09-27,71.25,71.66000366210938,69.7699966430664,69.91000366210938,53.90492248535156,2379700
2017-09-28,69.80999755859375,70.5999984741211,69.7699966430664,70.58000183105469,54.4215202331543,1152300
2017-09-29,70.36000061035156,70.95999908447266,69.95999908447266,70.27999877929688,54.190216064453125,2062000
2017-10-02,70.87000274658203,70.87000274658203,69.48999786376953,69.55000305175781,53.627357482910156,1777700
2017-10-03,69.5999984741211,70.19999694824219,69.20999908447266,69.44000244140625,53.54251480102539,1546600
2017-10-04,68.9800033569336,68.9800033569336,68.0,68.62999725341797,52.91796112060547,3287100
2017-10-05,68.88999938964844,69.18000030517578,68.41000366210938,68.5199966430664,52.83313751220703,2052800
2017-10-06,68.30000305175781,68.38999938964844,67.45999908447266,68.3499984741211,52.70205307006836,2905100
2017-10-09,68.4000015258789,68.81999969482422,68.18000030517578,68.25,52.62495803833008,1268500
2017-10-10,68.43000030517578,68.72000122070312,67.61000061035156,68.01000213623047,52.439903259277344,2688900
2017-10-11,67.97000122070312,68.30000305175781,67.73999786376953,67.94000244140625,52.38593292236328,1988400
2017-10-12,67.83999633789062,68.01000213623047,67.08999633789062,68.01000213623047,52.439903259277344,1382300
2017-10-13,68.3499984741211,68.55999755859375,67.83999633789062,68.19999694824219,52.58641052246094,1923900
2017-10-16,68.25,68.43000030517578,67.76000213623047,68.06999969482422,52.48615646362305,1274900
2017-10-17,67.75,68.29000091552734,67.62999725341797,68.19000244140625,52.578697204589844,1273400
2017-10-18,68.19000244140625,68.51000213623047,67.83000183105469,68.30999755859375,52.671226501464844,1268900
2017-10-19,68.31999969482422,68.6500015258789,67.9800033569336,68.18000030517578,52.57099914550781,1221100
2017-10-20,68.20999908447266,68.20999908447266,67.75,68.16999816894531,52.563270568847656,1530000
2017-10-23,68.3499984741211,68.38999938964844,67.37000274658203,67.48999786376953,52.038944244384766,1339300
2017-10-24,67.5199966430664,67.63999938964844,66.55999755859375,66.8499984741211,51.54546356201172,1657600
2017-10-25,66.37000274658203,66.76000213623047,65.4000015258789,66.19999694824219,51.04427719116211,1557500
2017-10-26,66.66000366210938,66.86000061035156,65.62999725341797,65.76000213623047,50.70501708984375,1133300
2017-10-27,65.72000122070312,67.81999969482422,65.69999694824219,67.16000366210938,51.784488677978516,1930300
2017-10-30,67.1500015258789,67.43000030517578,66.80000305175781,67.20999908447266,51.82304763793945,1276500
2017-10-31,67.11000061035156,67.2300033569336,66.18000030517578,66.95999908447266,51.630279541015625,1384800
2017-11-01,67.0,67.43000030517578,66.66999816894531,67.0199966430664,51.676551818847656,1192800
2017-11-02,67.26000213623047,68.08999633789062,67.18000030517578,67.72000122070312,52.21630859375,1884000
2017-11-03,67.43000030517578,68.25,67.30999755859375,68.1500015258789,52.54786682128906,1396500
2017-11-06,67.69000244140625,68.0199966430664,67.38999938964844,68.0,53.11020278930664,2126000
2017-11-07,69.06999969482422,69.80000305175781,68.30000305175781,68.58999633789062,53.57100296020508,2738000
2017-11-08,68.55000305175781,69.19000244140625,68.19999694824219,68.75,53.69596862792969,2142700
2017-11-09,68.5,68.87999725341797,68.0199966430664,68.27999877929688,53.32887268066406,1452300
2017-11-10,68.0,68.52999877929688,68.0,68.12000274658203,53.203922271728516,1400100
2017-11-13,68.19999694824219,68.55000305175781,67.94000244140625,68.31999969482422,53.360130310058594,2534700
2017-11-14,68.12000274658203,68.73999786376953,67.9000015258789,68.08999633789062,53.180477142333984,1378000
2017-11-15,68.11000061035156,68.41999816894531,67.72000122070312,67.73999786376953,52.90712356567383,2358900
2017-11-16,67.73999786376953,68.3499984741211,67.62000274658203,67.94000244140625,53.063331604003906,1784800
2017-11-17,67.79000091552734,68.16000366210938,67.79000091552734,67.95999908447266,53.078948974609375,1358900
2017-11-20,68.08000183105469,68.1500015258789,67.4000015258789,67.93000030517578,53.05553436279297,1297900
2017-11-21,68.04000091552734,68.62999725341797,68.0,68.29000091552734,53.33668518066406,2183000
2017-11-22,68.08999633789062,68.44999694824219,67.97000122070312,68.16999816894531,53.24296951293945,1263900
2017-11-24,68.41000366210938,68.5999984741211,68.13999938964844,68.26000213623047,53.31326675415039,462200
2017-11-27,68.19000244140625,68.2699966430664,67.45999908447266,67.47000122070312,52.696250915527344,1209900
2017-11-28,67.5,67.61000061035156,66.63999938964844,67.12000274658203,52.42289352416992,1586100
2017-11-29,67.0199966430664,67.47000122070312,66.69999694824219,67.27999877929688,52.54785919189453,1593000
2017-11-30,67.80999755859375,67.87999725341797,66.94999694824219,67.45999908447266,52.68843078613281,2523900
2017-12-01,67.70999908447266,68.22000122070312,67.11000061035156,67.95999908447266,53.078948974609375,2051700
2017-12-04,68.08999633789062,68.20999908447266,66.7699966430664,67.12999725341797,52.430694580078125,2467100
2017-12-05,66.98999786376953,67.25,65.97000122070312,66.12000274658203,51.6418571472168,2672600
2017-12-06,66.12000274658203,66.66999816894531,65.75,66.29000091552734,51.77463150024414,2226100
2017-12-07,66.29000091552734,67.0,65.98999786376953,66.19000244140625,51.696533203125,2548800
2017-12-08,66.29000091552734,66.62999725341797,66.12999725341797,66.31999969482422,51.798057556152344,2018200
2017-12-11,65.9800033569336,66.30000305175781,65.69000244140625,65.91999816894531,51.48565673828125,2106800
2017-12-12,65.97000122070312,66.44999694824219,65.58000183105469,66.12000274658203,51.6418571472168,2458800
2017-12-13,66.33999633789062,66.87000274658203,66.26000213623047,66.41000366210938,51.86835479736328,2331200
2017-12-14,66.26000213623047,66.62999725341797,66.08000183105469,66.29000091552734,51.77463150024414,1906600
2017-12-15,66.62000274658203,67.25,66.38999938964844,66.94000244140625,52.28229904174805,4753500
2017-12-18,67.0999984741211,67.80000305175781,67.06999969482422,67.33999633789062,52.59471130371094,1622700
2017-12-19,67.05000305175781,67.23999786376953,64.11000061035156,64.4800033569336,50.360958099365234,4094300
2017-12-20,64.4800033569336,65.12000274658203,63.650001525878906,63.65999984741211,49.720523834228516,2182200
2017-12-21,63.810001373291016,63.970001220703125,63.2599983215332,63.47999954223633,49.57992172241211,1871900
2017-12-22,63.439998626708984,63.869998931884766,63.279998779296875,63.400001525878906,49.5174446105957,1586200
2017-12-26,63.349998474121094,64.08000183105469,63.150001525878906,63.4900016784668,49.587738037109375,1811600
2017-12-27,63.709999084472656,63.75,63.119998931884766,63.27000045776367,49.415916442871094,1565400
2017-12-28,63.279998779296875,63.7400016784668,63.060001373291016,63.720001220703125,49.76737976074219,1276900
2017-12-29,63.70000076293945,64.29000091552734,63.5099983215332,63.77000045776367,49.806434631347656,1378500
2018-01-02,63.90999984741211,64.5,63.66999816894531,64.02999877929688,50.009490966796875,1997300
2018-01-03,64.30000305175781,64.68000030517578,63.95000076293945,64.13999938964844,50.09540939331055,1832600
2018-01-04,64.11000061035156,64.1500015258789,62.72999954223633,62.7599983215332,49.017581939697266,1993500
2018-01-05,62.84000015258789,62.97999954223633,62.209999084472656,62.369998931884766,48.712974548339844,2003300
2018-01-08,62.400001525878906,62.84000015258789,62.33000183105469,62.59000015258789,48.88481903076172,1623200
2018-01-09,62.5,62.619998931884766,61.29999923706055,61.369998931884766,47.93194580078125,2032800
2018-01-10,61.08000183105469,61.20000076293945,60.70000076293945,60.709999084472656,47.41646957397461,3072900
2018-01-11,61.040000915527344,61.43000030517578,60.13999938964844,60.16999816894531,46.99470901489258,2414300
2018-01-12,60.310001373291016,60.310001373291016,58.97999954223633,59.15999984741211,46.20587158203125,2686600
2018-01-16,59.29999923706055,60.720001220703125,59.20000076293945,59.2599983215332,46.28396987915039,3144800
2018-01-17,59.58000183105469,60.189998626708984,59.0099983215332,60.11000061035156,46.947845458984375,4696000
2018-01-18,59.900001525878906,59.900001525878906,58.959999084472656,59.290000915527344,46.307395935058594,3496400
2018-01-19,59.290000915527344,59.31999969482422,58.2400016784668,59.290000915527344,46.307395935058594,3011000
2018-01-22,59.2599983215332,59.709999084472656,59.0099983215332,59.33000183105469,46.338645935058594,2817900
2018-01-23,59.66999816894531,60.5099983215332,59.279998779296875,60.31999969482422,47.11185836791992,2759300
2018-01-24,60.27000045776367,60.939998626708984,60.150001525878906,60.540000915527344,47.28369140625,2368100
2018-01-25,60.529998779296875,60.90999984741211,60.40999984741211,60.84000015258789,47.51801300048828,2134400
2018-01-26,60.970001220703125,60.9900016784668,60.09000015258789,60.59000015258789,47.322750091552734,2206400
2018-01-29,60.150001525878906,60.22999954223633,58.9900016784668,59.52000045776367,46.48703384399414,2085500
2018-01-30,59.439998626708984,59.88999938964844,58.529998779296875,58.529998779296875,45.71381378173828,2444700
2018-01-31,58.650001525878906,60.0099983215332,58.599998474121094,59.970001220703125,46.838504791259766,4265600
2018-02-01,60.0,60.290000915527344,57.939998626708984,58.040000915527344,45.33110809326172,2609300
2018-02-02,57.56999969482422,58.81999969482422,56.88999938964844,58.45000076293945,45.65133285522461,2827500
2018-02-05,58.369998931884766,58.86000061035156,56.40999984741211,56.529998779296875,44.15174865722656,3525100
2018-02-06,55.90999984741211,57.279998779296875,55.290000915527344,57.209999084472656,44.68284225463867,3943300
2018-02-07,57.11000061035156,58.099998474121094,56.43000030517578,56.54999923706055,44.16737365722656,3239700
2018-02-08,56.36000061035156,57.209999084472656,54.65999984741211,54.66999816894531,42.699039459228516,3956600
2018-02-09,54.630001068115234,56.0,53.65999984741211,55.47999954223633,43.33167266845703,4303900
2018-02-12,54.83000183105469,54.970001220703125,53.0,54.27000045776367,43.061885833740234,4115600
2018-02-13,54.36000061035156,55.31999969482422,53.630001068115234,55.08000183105469,43.70460510253906,3839200
2018-02-14,54.540000915527344,54.720001220703125,53.43000030517578,54.150001525878906,42.9666748046875,3249000
2018-02-15,54.369998931884766,55.58000183105469,54.20000076293945,55.16999816894531,43.77601623535156,2908500
2018-02-16,55.29999923706055,56.439998626708984,55.25,55.790000915527344,44.26797103881836,4051100
2018-02-20,55.5099983215332,56.099998474121094,54.790000915527344,54.79999923706055,43.4824333190918,2639200
2018-02-21,54.900001525878906,55.04999923706055,53.849998474121094,53.9900016784668,42.839717864990234,3418200
2018-02-22,53.81999969482422,55.060001373291016,53.11000061035156,53.7400016784668,42.641353607177734,3324100
2018-02-23,53.90999984741211,54.40999984741211,53.060001373291016,54.40999984741211,43.172969818115234,2661200
2018-02-26,54.61000061035156,54.66999816894531,53.41999816894531,54.400001525878906,43.16504669189453,2582200
2018-02-27,54.349998474121094,54.709999084472656,52.220001220703125,52.220001220703125,41.435272216796875,3189600
2018-02-28,54.900001525878906,54.900001525878906,51.849998474121094,52.5,41.65743637084961,3342600
2018-03-01,52.04999923706055,53.439998626708984,51.630001068115234,52.650001525878906,41.776451110839844,2684600
2018-03-02,52.47999954223633,53.0099983215332,52.099998474121094,52.93000030517578,41.998634338378906,2385600
2018-03-05,52.650001525878906,54.209999084472656,52.650001525878906,54.06999969482422,42.90319061279297,3113700
2018-03-06,53.630001068115234,53.91999816894531,52.279998779296875,52.86000061035156,41.94308090209961,3070500
2018-03-07,52.779998779296875,54.06999969482422,52.650001525878906,53.970001220703125,42.823848724365234,2579900
2018-03-08,53.93000030517578,54.09000015258789,53.34000015258789,53.56999969482422,42.50646209716797,2215000
2018-03-09,53.709999084472656,53.709999084472656,53.060001373291016,53.560001373291016,42.4985237121582,2122400
2018-03-12,53.5099983215332,54.81999969482422,53.29999923706055,54.72999954223633,43.42688751220703,3202500
2018-03-13,55.130001068115234,55.2400016784668,53.650001525878906,53.7599983215332,42.6572151184082,2994500
2018-03-14,53.790000915527344,54.11000061035156,53.119998931884766,53.529998779296875,42.4747200012207,1845700
2018-03-15,53.63999938964844,53.95000076293945,53.5,53.75,42.64927673339844,2170400
2018-03-16,53.619998931884766,54.18000030517578,53.38999938964844,54.0,42.8476448059082,3609600
2018-03-19,53.880001068115234,54.09000015258789,52.84000015258789,53.25,42.252540588378906,1832800
2018-03-20,53.290000915527344,53.84000015258789,52.9900016784668,53.150001525878906,42.17319107055664,2306800
2018-03-21,52.939998626708984,53.20000076293945,51.869998931884766,52.45000076293945,41.617759704589844,3058200
2018-03-22,52.41999816894531,54.150001525878906,52.33000183105469,52.75,41.855804443359375,2715300
2018-03-23,52.849998474121094,53.060001373291016,51.869998931884766,52.029998779296875,41.28450012207031,2434400
2018-03-26,52.380001068115234,52.5,51.900001525878906,52.13999938964844,41.371788024902344,1662800
2018-03-27,52.13999938964844,53.95000076293945,51.720001220703125,53.279998779296875,42.27634048461914,2099500
2018-03-28,53.459999084472656,55.41999816894531,53.40999984741211,54.86000061035156,43.53003692626953,3770600
2018-03-29,54.849998474121094,54.86000061035156,54.029998779296875,54.43000030517578,43.1888427734375,2897400
2018-04-02,54.369998931884766,54.540000915527344,53.650001525878906,53.970001220703125,42.823848724365234,2312000
2018-04-03,54.15999984741211,54.15999984741211,52.79999923706055,53.75,42.64927673339844,2906400
2018-04-04,53.56999969482422,55.5099983215332,53.38999938964844,55.15999984741211,43.7680778503418,2637300
2018-04-05,55.0099983215332,55.0099983215332,53.90999984741211,54.72999954223633,43.42688751220703,2565700
2018-04-06,54.970001220703125,55.869998931884766,54.720001220703125,55.0099983215332,43.6490592956543,2814100
2018-04-09,55.0099983215332,55.0099983215332,53.959999084472656,54.4900016784668,43.23645782470703,2129000
2018-04-10,54.619998931884766,54.709999084472656,53.880001068115234,54.0,42.8476448059082,2027700
2018-04-11,53.709999084472656,54.86000061035156,53.709999084472656,53.9900016784668,42.839717864990234,1658900
2018-04-12,53.95000076293945,53.95000076293945,52.27000045776367,52.540000915527344,41.689178466796875,3191900
2018-04-13,52.349998474121094,52.630001068115234,51.81999969482422,52.630001068115234,41.760597229003906,2014700
2018-04-16,52.65999984741211,52.77000045776367,51.93000030517578,52.540000915527344,41.689178466796875,2629400
2018-04-17,52.75,53.65999984741211,52.56999969482422,53.380001068115234,42.35569763183594,2345900
2018-04-18,53.400001525878906,53.58000183105469,52.70000076293945,52.84000015258789,41.92721939086914,1587600
2018-04-19,52.709999084472656,53.0,51.27000045776367,51.91999816894531,41.19722366333008,2066700
2018-04-20,52.09000015258789,52.27000045776367,51.09000015258789,51.18000030517578,40.610050201416016,2146400
2018-04-23,51.11000061035156,51.2400016784668,50.369998931884766,50.68000030517578,40.21331024169922,2071800
2018-04-24,50.75,51.56999969482422,50.130001068115234,51.02000045776367,40.48310089111328,2514800
2018-04-25,50.75,51.02000045776367,49.58000183105469,50.52000045776367,40.086360931396484,2709200
2018-04-26,50.65999984741211,51.060001373291016,49.599998474121094,50.0099983215332,39.68168258666992,4997200
2018-04-27,50.939998626708984,53.22999954223633,50.29999923706055,52.880001068115234,41.958953857421875,4565600
2018-04-30,53.04999923706055,53.5099983215332,52.369998931884766,53.439998626708984,42.4033088684082,3894700
2018-05-01,53.560001373291016,55.33000183105469,53.36000061035156,54.86000061035156,43.53003692626953,4965900
2018-05-02,54.61000061035156,55.220001220703125,53.599998474121094,55.04999923706055,43.680789947509766,4050000
2018-05-03,55.13999938964844,56.0,54.720001220703125,55.4900016784668,44.02993392944336,2365200
2018-05-04,55.41999816894531,56.279998779296875,55.400001525878906,56.18000030517578,44.57742691040039,2354500
2018-05-07,55.380001068115234,55.7599983215332,55.099998474121094,55.709999084472656,44.899810791015625,2491600
2018-05-08,55.5,55.52000045776367,54.810001373291016,55.13999938964844,44.4404182434082,2927700
2018-05-09,54.869998931884766,55.459999084472656,54.58000183105469,55.380001068115234,44.63385009765625,2091900
2018-05-10,55.65999984741211,56.13999938964844,55.560001373291016,56.13999938964844,45.246368408203125,1371900
2018-05-11,56.20000076293945,56.5,55.77000045776367,56.25,45.335025787353516,1725800
2018-05-14,56.029998779296875,56.06999969482422,55.150001525878906,55.5099983215332,44.73861312866211,1805600
2018-05-15,55.099998474121094,55.5,54.63999938964844,54.84000015258789,44.198631286621094,2834200
2018-05-16,55.099998474121094,55.25,54.58000183105469,54.84000015258789,44.198631286621094,2141600
2018-05-17,54.81999969482422,54.81999969482422,53.779998779296875,53.93000030517578,43.4651985168457,1836800
2018-05-18,53.529998779296875,54.77000045776367,53.529998779296875,54.27000045776367,43.739227294921875,4423600
2018-05-21,54.880001068115234,55.470001220703125,53.7599983215332,55.18000030517578,44.47264862060547,1862300
2018-05-22,55.18000030517578,56.060001373291016,54.54999923706055,55.68000030517578,44.87562942504883,2055600
2018-05-23,55.90999984741211,56.970001220703125,55.849998474121094,56.779998779296875,45.76218032836914,2562900
2018-05-24,56.810001373291016,56.900001525878906,55.81999969482422,56.25,45.335025787353516,1737000
2018-05-25,56.11000061035156,56.900001525878906,56.11000061035156,56.869998931884766,45.834712982177734,1460300
2018-05-29,56.79999923706055,57.310001373291016,56.4900016784668,57.029998779296875,45.96367645263672,1988900
2018-05-30,56.880001068115234,57.79999923706055,56.4900016784668,57.540000915527344,46.374698638916016,1613800
2018-05-31,57.380001068115234,57.7400016784668,57.18000030517578,57.650001525878906,46.463356018066406,2165600
2018-06-01,57.540000915527344,58.41999816894531,57.540000915527344,58.02000045776367,46.761566162109375,1473500
2018-06-04,58.15999984741211,58.33000183105469,57.31999969482422,57.77000045776367,46.56007766723633,1641000
2018-06-05,57.97999954223633,58.20000076293945,57.38999938964844,57.40999984741211,46.269935607910156,2038200
2018-06-06,57.5,57.810001373291016,56.86000061035156,57.529998779296875,46.36664962768555,1377400
2018-06-07,57.52000045776367,57.95000076293945,57.150001525878906,57.59000015258789,46.415000915527344,1603500
2018-06-08,57.779998779296875,58.060001373291016,57.5099983215332,57.9900016784668,46.73739242553711,977800
2018-06-11,58.0,58.400001525878906,57.68000030517578,58.29999923706055,46.987239837646484,1308400
2018-06-12,58.0099983215332,58.599998474121094,57.90999984741211,58.310001373291016,46.995296478271484,2353700
2018-06-13,58.25,58.63999938964844,56.79999923706055,56.83000183105469,45.8024787902832,2362500
2018-06-14,57.0,57.939998626708984,57.0,57.63999938964844,46.45530319213867,1636400
2018-06-15,57.75,58.060001373291016,57.400001525878906,57.5,46.34246826171875,2888000
2018-06-18,57.400001525878906,57.7599983215332,56.599998474121094,57.0,45.939491271972656,1370300
2018-06-19,56.95000076293945,57.91999816894531,56.90999984741211,57.209999084472656,46.108734130859375,1861100
2018-06-20,57.13999938964844,58.5,57.029998779296875,58.380001068115234,47.05171585083008,1403500
2018-06-21,58.47999954223633,58.97999954223633,58.029998779296875,58.79999923706055,47.39020919799805,1576700
2018-06-22,58.79999923706055,59.209999084472656,58.380001068115234,59.04999923706055,47.59170150756836,2000200
2018-06-25,59.06999969482422,59.59000015258789,58.33000183105469,59.29999923706055,47.793190002441406,1716500
2018-06-26,59.58000183105469,59.88999938964844,59.25,59.439998626708984,47.90602111816406,2174400
2018-06-27,59.66999816894531,60.209999084472656,59.25,59.90999984741211,48.284828186035156,1751500
2018-06-28,60.02000045776367,63.45000076293945,59.560001373291016,62.36000061035156,50.25941848754883,3803700
2018-06-29,62.04999923706055,63.02000045776367,61.72999954223633,62.689998626708984,50.52537536621094,2995400
2018-07-02,62.5099983215332,62.869998931884766,61.119998931884766,62.08000183105469,50.03374481201172,2630600
2018-07-03,61.66999816894531,63.72999954223633,61.63999938964844,62.900001525878906,50.69462585449219,1328800
2018-07-05,62.79999923706055,63.93000030517578,62.119998931884766,63.83000183105469,51.44416809082031,1984300
2018-07-06,63.93000030517578,64.45999908447266,63.84000015258789,64.4000015258789,51.90357208251953,2047500
2018-07-09,64.37000274658203,64.41999816894531,62.689998626708984,63.220001220703125,50.95252990722656,1876800
2018-07-10,63.31999969482422,63.650001525878906,62.91999816894531,63.25,50.976707458496094,1723300
2018-07-11,63.27000045776367,63.56999969482422,62.849998474121094,63.09000015258789,50.84777069091797,1132500
2018-07-12,63.279998779296875,63.380001068115234,62.84000015258789,63.15999984741211,50.9041748046875,879100
2018-07-13,63.380001068115234,63.52000045776367,62.400001525878906,62.68000030517578,50.51731491088867,1172400
2018-07-16,62.61000061035156,62.81999969482422,61.7400016784668,62.59000015258789,50.444786071777344,1465000
2018-07-17,62.880001068115234,62.900001525878906,62.0099983215332,62.13999938964844,50.08209991455078,1639700
2018-07-18,62.040000915527344,62.380001068115234,61.31999969482422,61.79999923706055,49.808074951171875,1199400
2018-07-19,61.75,63.0099983215332,61.59000015258789,62.77000045776367,50.58986282348633,1405700
2018-07-20,62.79999923706055,63.59000015258789,62.40999984741211,63.4900016784668,51.170143127441406,2424400
2018-07-23,63.38999938964844,64.0,63.099998474121094,63.72999954223633,51.36357498168945,3333300
2018-07-24,63.650001525878906,63.650001525878906,62.459999084472656,63.2400016784668,50.96866226196289,3362400
2018-07-25,63.41999816894531,64.41999816894531,63.29999923706055,63.970001220703125,51.5570068359375,1620900
2018-07-26,64.16000366210938,64.55999755859375,63.7400016784668,64.30999755859375,51.831024169921875,1815600
2018-07-27,62.27000045776367,64.12999725341797,61.119998931884766,61.810001373291016,49.816139221191406,3390200
2018-07-30,61.779998779296875,61.79999923706055,60.7400016784668,61.70000076293945,49.72748565673828,2137600
2018-07-31,61.9900016784668,62.9900016784668,61.81999969482422,62.599998474121094,50.45285415649414,3830300
2018-08-01,62.29999923706055,63.09000015258789,61.54999923706055,62.959999084472656,50.74299240112305,1988200
2018-08-02,62.970001220703125,63.2599983215332,62.5,63.16999816894531,50.91223907470703,2288200
2018-08-03,63.290000915527344,64.70999908447266,63.15999984741211,64.31999969482422,51.839088439941406,2129300
2018-08-06,63.529998779296875,63.84000015258789,62.91999816894531,63.380001068115234,51.78190231323242,1480000
2018-08-07,63.25,63.88999938964844,63.06999969482422,63.83000183105469,52.1495475769043,2151900
2018-08-08,63.75,64.16000366210938,63.290000915527344,63.4900016784668,51.87177276611328,1630600
2018-08-09,63.61000061035156,63.939998626708984,63.36000061035156,63.459999084472656,51.84726333618164,2465200
2018-08-10,63.369998931884766,63.79999923706055,62.900001525878906,63.13999938964844,51.5858154296875,1933200
2018-08-13,62.9900016784668,63.380001068115234,62.52000045776367,63.349998474121094,51.757389068603516,1453400
2018-08-14,63.400001525878906,64.44000244140625,63.349998474121094,63.97999954223633,52.27210998535156,1823100
2018-08-15,64.04000091552734,65.61000061035156,64.04000091552734,65.33999633789062,53.38323211669922,2162300
2018-08-16,65.0,65.86000061035156,64.68000030517578,65.68000030517578,53.661014556884766,1949100
2018-08-17,65.83999633789062,66.72000122070312,65.66999816894531,66.69999694824219,54.494361877441406,2311900
2018-08-20,66.9800033569336,67.3499984741211,66.43000030517578,66.62999725341797,54.437171936035156,3840700
2018-08-21,66.5999984741211,66.68000030517578,65.95999908447266,66.38999938964844,54.241092681884766,1989100
2018-08-22,66.44999694824219,66.55999755859375,65.91999816894531,66.26000213623047,54.13488006591797,1323700
2018-08-23,66.36000061035156,66.43000030517578,65.80999755859375,65.91000366210938,53.84893035888672,1799600
2018-08-24,65.66999816894531,66.05999755859375,65.0199966430664,65.94000244140625,53.873435974121094,1236300
2018-08-27,65.94000244140625,65.98999786376953,65.33999633789062,65.91000366210938,53.84893035888672,1634500
2018-08-28,65.8499984741211,66.83000183105469,65.6500015258789,66.80999755859375,54.584224700927734,1477800
2018-08-29,66.88999938964844,67.0199966430664,66.68000030517578,66.68000030517578,54.478023529052734,1578200
2018-08-30,66.8499984741211,66.9000015258789,66.43000030517578,66.58000183105469,54.396324157714844,1431700
2018-08-31,66.6500015258789,67.16000366210938,66.36000061035156,66.70999908447266,54.502532958984375,2080200
2018-09-04,66.55000305175781,66.97000122070312,65.94999694824219,66.2300033569336,54.11036682128906,2825900
2018-09-05,65.9800033569336,67.51000213623047,65.58000183105469,67.2699966430664,54.96006393432617,1898500
2018-09-06,67.33000183105469,67.69999694824219,67.16000366210938,67.45999908447266,55.115291595458984,1745900
2018-09-07,66.88999938964844,67.0199966430664,66.27999877929688,66.38999938964844,54.241092681884766,1330900
2018-09-10,66.95999908447266,67.36000061035156,66.69000244140625,66.86000061035156,54.625091552734375,1809400
2018-09-11,66.58999633789062,67.04000091552734,66.29000091552734,66.8499984741211,54.61690902709961,1090000
2018-09-12,66.86000061035156,67.11000061035156,66.61000061035156,66.66999816894531,54.4698486328125,1198200
2018-09-13,66.98999786376953,67.33000183105469,66.55000305175781,67.1500015258789,54.86200714111328,1897800
2018-09-14,66.94999694824219,66.94999694824219,65.62999725341797,66.41000366210938,54.25743103027344,1778100
2018-09-17,66.37999725341797,66.95999908447266,65.97000122070312,66.80999755859375,54.584224700927734,2210700
2018-09-18,66.86000061035156,66.98999786376953,66.05000305175781,66.44000244140625,54.281951904296875,1768000
2018-09-19,66.48999786376953,66.48999786376953,65.37000274658203,65.48999786376953,53.50579071044922,2714800
2018-09-20,65.41999816894531,65.69999694824219,64.77999877929688,65.56999969482422,53.57114028930664,2465500
2018-09-21,65.02999877929688,65.66000366210938,64.87000274658203,65.5,53.51396179199219,3686900
2018-09-24,65.38999938964844,65.48999786376953,63.56999969482422,63.959999084472656,52.25576400756836,2205200
2018-09-25,64.1500015258789,65.06999969482422,64.0,64.55000305175781,52.737796783447266,2437400
2018-09-26,64.44999694824219,64.58000183105469,62.91999816894531,62.959999084472656,51.438758850097656,2025700
2018-09-27,63.209999084472656,63.7599983215332,63.029998779296875,63.04999923706055,51.51229476928711,1303900
2018-09-28,63.099998474121094,64.3499984741211,63.0,64.31999969482422,52.549888610839844,2040200
2018-10-01,64.0999984741211,64.2300033569336,63.290000915527344,63.29999923706055,51.716548919677734,1590100
2018-10-02,63.5,63.72999954223633,63.0,63.0099983215332,51.479610443115234,1419800
2018-10-03,62.95000076293945,63.25,61.470001220703125,61.900001525878906,50.572731018066406,2136600
2018-10-04,61.439998626708984,62.380001068115234,61.189998626708984,62.209999084472656,50.82600021362305,2541600
2018-10-05,62.220001220703125,62.88999938964844,62.09000015258789,62.2400016784668,50.85050964355469,1671500
2018-10-08,62.34000015258789,63.709999084472656,62.34000015258789,63.20000076293945,51.634849548339844,1971700
2018-10-09,63.16999816894531,64.0199966430664,62.720001220703125,63.97999954223633,52.27210998535156,2086800
2018-10-10,63.88999938964844,64.66000366210938,63.689998626708984,63.959999084472656,52.25576400756836,2298800
2018-10-11,64.02999877929688,64.02999877929688,61.650001525878906,61.72999954223633,50.433837890625,2715700
2018-10-12,62.150001525878906,62.150001525878906,60.93000030517578,61.599998474121094,50.32762145996094,2462500
2018-10-15,61.560001373291016,62.650001525878906,61.560001373291016,61.900001525878906,50.572731018066406,1931400
2018-10-16,61.959999084472656,63.529998779296875,61.54999923706055,63.119998931884766,51.5694694519043,2277300
2018-10-17,63.09000015258789,63.720001220703125,62.91999816894531,63.38999938964844,51.79006576538086,1319100
2018-10-18,63.439998626708984,63.97999954223633,63.220001220703125,63.459999084472656,51.84726333618164,1310900
2018-10-19,63.5099983215332,64.58000183105469,63.220001220703125,64.47000122070312,52.67243957519531,1667300
2018-10-22,64.6500015258789,65.08999633789062,63.2599983215332,63.34000015258789,51.74921417236328,3560600
2018-10-23,63.33000183105469,64.73999786376953,63.33000183105469,64.18000030517578,52.43550491333008,1784500
2018-10-24,64.30000305175781,66.2699966430664,64.04000091552734,65.79000091552734,53.750877380371094,2358400
2018-10-25,65.63999938964844,66.58000183105469,65.12999725341797,66.27999877929688,54.151214599609375,2094900
2018-10-26,65.91999816894531,66.79000091552734,64.80000305175781,65.1500015258789,53.22800827026367,2351800
2018-10-29,65.63999938964844,66.16000366210938,65.41999816894531,65.9800033569336,53.90612030029297,1592300
2018-10-30,66.2300033569336,69.8499984741211,65.9800033569336,69.48999786376953,56.77383041381836,4266200
2018-10-31,67.69999694824219,68.41000366210938,66.0199966430664,66.06999969482422,53.97964096069336,4077800
2018-11-01,66.58999633789062,67.70999908447266,65.75,67.5,55.14797592163086,2412700
2018-11-02,67.29000091552734,67.29000091552734,64.43000030517578,65.86000061035156,53.80807113647461,2160200
2018-11-05,66.19000244140625,68.11000061035156,65.9000015258789,67.77999877929688,55.37672805786133,1719300
2018-11-06,67.75,69.16000366210938,67.0999984741211,69.12000274658203,56.47152328491211,3163100
2018-11-07,69.19000244140625,69.5,68.52999877929688,69.0999984741211,56.455169677734375,2177000
2018-11-08,68.19999694824219,68.66000366210938,67.5999984741211,68.58000183105469,56.744773864746094,1139000
2018-11-09,68.69999694824219,69.72000122070312,68.33000183105469,69.4800033569336,57.48945236206055,2133900
2018-11-12,69.47000122070312,70.44000244140625,69.44000244140625,69.87000274658203,57.8121452331543,1732100
2018-11-13,69.88999938964844,70.31999969482422,69.18000030517578,69.58000183105469,57.572200775146484,1489300
2018-11-14,69.87000274658203,70.38999938964844,69.55000305175781,70.0999984741211,58.002471923828125,1611100
2018-11-15,69.83999633789062,70.06999969482422,68.80999755859375,69.48999786376953,57.49775695800781,1430900
2018-11-16,69.73999786376953,70.41000366210938,69.19000244140625,70.33000183105469,58.1927604675293,2006200
2018-11-19,70.44999694824219,70.98999786376953,70.0199966430664,70.30999755859375,58.176212310791016,1411800
2018-11-20,70.1500015258789,71.2699966430664,70.1500015258789,70.29000091552734,58.1596794128418,2505800
2018-11-21,70.2300033569336,70.2300033569336,69.44000244140625,69.51000213623047,57.5142936706543,1766900
2018-11-23,69.44999694824219,70.19999694824219,68.95999908447266,69.79000091552734,57.74595642089844,586000
2018-11-26,70.20999908447266,70.26000213623047,69.19999694824219,69.91999816894531,57.8535270690918,1479700
2018-11-27,69.97000122070312,71.0,69.37000274658203,70.73999786376953,58.532012939453125,1645200
2018-11-28,70.58000183105469,71.3499984741211,69.76000213623047,71.3499984741211,59.036739349365234,2162700
2018-11-29,71.19000244140625,71.68000030517578,70.94999694824219,71.43000030517578,59.10292053222656,1780700
2018-11-30,71.69999694824219,72.33999633789062,71.0,72.33000183105469,59.84762191772461,3284400
2018-12-03,72.33000183105469,72.66000366210938,71.47000122070312,72.6500015258789,60.11241149902344,2116200
2018-12-04,72.62000274658203,73.87999725341797,71.94999694824219,72.12999725341797,59.68213653564453,3178800
2018-12-06,72.05999755859375,74.75,71.91999816894531,74.72000122070312,61.825164794921875,3320000
2018-12-07,74.55999755859375,74.55999755859375,72.98999786376953,73.7300033569336,61.00600814819336,3167400
2018-12-10,73.70999908447266,73.91999816894531,72.30000305175781,73.01000213623047,60.41026306152344,2208900
2018-12-11,73.19999694824219,73.8499984741211,72.94000244140625,73.05000305175781,60.4433708190918,4902200
2018-12-12,73.5199966430664,73.79000091552734,71.58999633789062,71.72000122070312,59.342891693115234,2234000
2018-12-13,71.95999908447266,72.95999908447266,71.94999694824219,72.30000305175781,59.82280349731445,1738400
2018-12-14,71.87999725341797,72.41000366210938,71.68000030517578,72.33999633789062,59.85589599609375,1657100
2018-12-17,72.5199966430664,73.44000244140625,70.37999725341797,70.72000122070312,58.515464782714844,3204300
2018-12-18,71.0,71.9000015258789,70.73999786376953,71.38999938964844,59.069847106933594,2452300
2018-12-19,71.72000122070312,72.30000305175781,70.81999969482422,71.12000274658203,58.846439361572266,2492900
2018-12-20,71.19999694824219,71.91000366210938,70.62000274658203,71.13999938964844,58.86298751831055,2610700
2018-12-21,71.08999633789062,72.8499984741211,70.41000366210938,70.41000366210938,58.25897216796875,5608700
2018-12-24,70.19999694824219,70.48999786376953,66.33000183105469,66.44000244140625,54.97410202026367,1128900
2018-12-26,66.69000244140625,69.0999984741211,65.94000244140625,69.0999984741211,57.17503356933594,1835100
2018-12-27,68.8499984741211,69.41000366210938,67.29000091552734,69.2699966430664,57.31570816040039,1960500
2018-12-28,69.80000305175781,70.33000183105469,68.4800033569336,69.37000274658203,57.3984489440918,1757200
2018-12-31,69.5999984741211,69.5999984741211,68.08999633789062,69.41000366210938,57.43154525756836,1421800
2019-01-02,68.79000091552734,68.91999816894531,66.81999969482422,67.29000091552734,55.67740249633789,2328100
2019-01-03,67.45999908447266,69.16000366210938,67.30999755859375,68.52999877929688,56.703407287597656,2369600
2019-01-04,68.94999694824219,69.25,68.02999877929688,68.27999877929688,56.496551513671875,2673200
2019-01-07,68.4800033569336,69.70999908447266,68.27999877929688,69.08999633789062,57.16676712036133,1643800
2019-01-08,69.4000015258789,70.56999969482422,69.23999786376953,70.30999755859375,58.176212310791016,1794000
2019-01-09,70.48999786376953,70.48999786376953,69.12999725341797,69.68000030517578,57.65495681762695,1911400
2019-01-10,69.51000213623047,71.36000061035156,69.45999908447266,71.23999786376953,58.94572830200195,2488400
2019-01-11,71.18000030517578,71.54000091552734,70.94000244140625,71.45999908447266,59.12776184082031,2054400
2019-01-14,71.31999969482422,71.55999755859375,70.87999725341797,71.16999816894531,58.887821197509766,1407300
2019-01-15,71.31999969482422,72.62999725341797,71.19000244140625,72.38999938964844,59.89726257324219,1319800
2019-01-16,71.88999938964844,73.12000274658203,71.88999938964844,72.58999633789062,60.062744140625,1404200
2019-01-17,72.3499984741211,73.22000122070312,72.2300033569336,72.70999908447266,60.162044525146484,1648200
2019-01-18,72.70999908447266,73.20999908447266,72.43000030517578,73.04000091552734,60.43509292602539,1921900
2019-01-22,73.08000183105469,73.80000305175781,72.7699966430664,73.41000366210938,60.74126052856445,1770700
2019-01-23,73.25,74.19999694824219,72.94999694824219,74.16999816894531,61.370079040527344,1631000
2019-01-24,74.2699966430664,74.5,73.51000213623047,74.30999755859375,61.48590850830078,1453000
2019-01-25,74.5199966430664,75.0,74.16999816894531,74.94000244140625,62.007198333740234,1938900
2019-01-28,74.81999969482422,75.52999877929688,74.66999816894531,75.45999908447266,62.43745803833008,2679000
2019-01-29,75.5999984741211,76.0,75.02999877929688,75.98999786376953,62.876007080078125,2134700
2019-01-30,75.83999633789062,77.01000213623047,75.61000061035156,76.5999984741211,63.380714416503906,3195100
2019-01-31,76.44000244140625,77.9000015258789,75.68000030517578,77.48999786376953,64.11713409423828,4277400
2019-02-01,77.55999755859375,77.7300033569336,75.2300033569336,76.30999755859375,63.14078140258789,2269600
2019-02-04,76.11000061035156,77.1500015258789,75.56999969482422,77.1500015258789,63.8358039855957,2177200
2019-02-05,77.1500015258789,77.52999877929688,76.37000274658203,77.45999908447266,64.09231567382812,2089500
2019-02-06,77.33999633789062,77.66000366210938,76.41999816894531,76.75,63.50483322143555,1831900
2019-02-07,76.63999938964844,77.1500015258789,76.22000122070312,77.05000305175781,63.75307083129883,2866900
2019-02-08,76.52999877929688,77.23999786376953,76.26000213623047,77.20999908447266,63.885459899902344,1738000
2019-02-11,77.38999938964844,77.66999816894531,76.91999816894531,77.43000030517578,64.06746673583984,2220800
2019-02-12,77.37999725341797,77.7699966430664,76.3499984741211,76.6500015258789,63.42211151123047,2729800
2019-02-13,76.30999755859375,77.66000366210938,75.94999694824219,77.55999755859375,64.175048828125,1943400
2019-02-14,77.66000366210938,77.9000015258789,77.01000213623047,77.47000122070312,64.10059356689453,1509600
2019-02-15,77.70999908447266,77.79000091552734,77.16000366210938,77.61000061035156,64.21642303466797,2907700
2019-02-19,77.69000244140625,77.73999786376953,76.66999816894531,76.76000213623047,63.513118743896484,2152800
2019-02-20,76.5199966430664,76.80000305175781,75.08999633789062,75.75,62.67741394042969,2933000
2019-02-21,74.80999755859375,75.0999984741211,74.13999938964844,74.44000244140625,62.30912780761719,5911800
2019-02-22,74.73999786376953,75.9000015258789,74.51000213623047,75.44000244140625,63.14614486694336,2693100
2019-02-25,75.77999877929688,75.77999877929688,74.18000030517578,74.4000015258789,62.2756233215332,3271200
2019-02-26,74.87000274658203,75.16000366210938,74.0999984741211,74.55000305175781,62.40120315551758,2009800
2019-02-27,74.0199966430664,74.63999938964844,73.11000061035156,74.54000091552734,62.392822265625,2362600
2019-02-28,74.5,75.79000091552734,74.12999725341797,74.30999755859375,62.20029067993164,5700300
2019-03-01,74.45999908447266,74.5,72.62000274658203,74.01000213623047,61.94921112060547,3070300
2019-03-04,74.25,74.72000122070312,73.51000213623047,74.55999755859375,62.40955352783203,2209000
2019-03-05,74.48999786376953,75.3499984741211,74.48999786376953,74.86000061035156,62.660675048828125,2494700
2019-03-06,74.86000061035156,75.02999877929688,74.16000366210938,74.31999969482422,62.208675384521484,1748500
2019-03-07,74.66999816894531,75.48999786376953,74.61000061035156,75.0999984741211,62.86153793334961,2687900
2019-03-08,75.0999984741211,75.80999755859375,74.3499984741211,74.97000122070312,62.75275802612305,2245600
2019-03-11,75.18000030517578,76.48999786376953,75.18000030517578,76.47000122070312,64.00830841064453,2184700
2019-03-12,76.5999984741211,77.1500015258789,76.51000213623047,76.86000061035156,64.33474731445312,2230700
2019-03-13,77.04000091552734,77.58999633789062,77.01000213623047,77.37999725341797,64.77001953125,2177400
2019-03-14,77.44999694824219,77.88999938964844,77.25,77.87999725341797,65.18852996826172,2216400
2019-03-15,78.0,78.23999786376953,77.04000091552734,77.29000091552734,64.69467163085938,5124400
2019-03-18,77.41999816894531,77.54000091552734,75.33999633789062,75.7699966430664,63.4223747253418,2857700
2019-03-19,75.70999908447266,75.9000015258789,75.02999877929688,75.2699966430664,63.00385284423828,2554400
2019-03-20,75.44999694824219,75.91999816894531,74.47000122070312,75.5,63.19637680053711,2100200
2019-03-21,75.47000122070312,77.66999816894531,75.27999877929688,77.66999816894531,65.01273345947266,3143900
2019-03-22,77.77999877929688,79.41000366210938,77.77999877929688,77.81999969482422,65.13831329345703,2896500
2019-03-25,77.91999816894531,78.79000091552734,77.5,78.4000015258789,65.62378692626953,1941100
2019-03-26,78.79000091552734,78.87999725341797,78.27999877929688,78.72000122070312,65.89164733886719,1546700
2019-03-27,78.56999969482422,78.88999938964844,77.87000274658203,78.06999969482422,65.34756469726562,2023400
2019-03-28,78.33999633789062,78.5999984741211,77.83999633789062,78.58000183105469,65.77445983886719,1945900
2019-03-29,78.51000213623047,78.55999755859375,77.43000030517578,77.5999984741211,64.95417022705078,2673200
2019-04-01,77.66999816894531,77.66999816894531,76.12999725341797,77.05999755859375,64.50215148925781,2241300
2019-04-02,77.23999786376953,77.69999694824219,76.25,77.63999938964844,64.98763275146484,2289600
2019-04-03,77.44000244140625,77.80000305175781,76.7699966430664,77.26000213623047,64.66958618164062,1472000
2019-04-04,77.20999908447266,77.20999908447266,76.12999725341797,76.55999755859375,64.0836410522461,1259500
2019-04-05,76.19999694824219,76.81999969482422,76.04000091552734,76.73999786376953,64.23431396484375,1707900
2019-04-08,76.94000244140625,77.12999725341797,75.72000122070312,75.75,63.40563201904297,1913600
2019-04-09,75.83999633789062,75.97000122070312,75.54000091552734,75.79000091552734,63.439117431640625,1594600
2019-04-10,76.19999694824219,76.61000061035156,75.94999694824219,76.5199966430664,64.05014038085938,1527300
2019-04-11,76.31999969482422,76.94000244140625,76.06999969482422,76.5199966430664,64.05014038085938,1741700
2019-04-12,75.81999969482422,76.47000122070312,75.27999877929688,76.47000122070312,64.00830841064453,1337400
2019-04-15,76.5,76.61000061035156,76.04000091552734,76.44999694824219,63.99156188964844,1073200
2019-04-16,76.33999633789062,76.5,73.48999786376953,73.7300033569336,61.71481704711914,1977100
2019-04-17,73.9000015258789,73.94000244140625,71.83000183105469,72.26000213623047,60.48436737060547,1728900
2019-04-18,72.51000213623047,73.45999908447266,72.06999969482422,73.23999786376953,61.304656982421875,1294500
2019-04-22,72.94000244140625,73.16999816894531,71.18000030517578,71.76000213623047,60.06586456298828,1990800
2019-04-23,72.26000213623047,73.01000213623047,71.76000213623047,72.69999694824219,60.85267639160156,1437300
2019-04-24,73.13999938964844,73.68000030517578,72.62000274658203,73.44000244140625,61.47208023071289,1586900
2019-04-25,73.26000213623047,73.87000274658203,72.94000244140625,73.75,61.731563568115234,1272900
2019-04-26,74.37999725341797,74.83999633789062,73.77999877929688,74.54000091552734,62.392822265625,977300
2019-04-29,74.33000183105469,74.54000091552734,72.9000015258789,72.98999786376953,61.09540557861328,1123800
2019-04-30,73.12999725341797,74.9800033569336,72.80000305175781,74.52999877929688,62.384437561035156,2680300
2019-05-01,74.80000305175781,76.0,74.43000030517578,74.87000274658203,62.66904830932617,1955000
2019-05-02,74.88999938964844,75.66999816894531,74.72000122070312,75.3499984741211,63.07081985473633,1752500
2019-05-03,75.54000091552734,76.56999969482422,75.30000305175781,76.44999694824219,63.99156188964844,1049100
2019-05-06,76.12000274658203,76.62999725341797,75.68000030517578,76.0,63.614898681640625,948700
2019-05-07,76.12999725341797,76.12999725341797,74.80000305175781,75.37999725341797,63.0959358215332,1260400
2019-05-08,75.47000122070312,76.33999633789062,75.25,75.29000091552734,63.02059555053711,1061100
2019-05-09,75.30999755859375,76.12000274658203,74.9000015258789,76.08000183105469,63.681854248046875,1132800
2019-05-10,76.0,77.62999725341797,75.88999938964844,77.52999877929688,64.89555358886719,1085000
2019-05-13,76.16999816894531,77.7699966430664,76.08999633789062,77.69000244140625,65.76750946044922,1920500
2019-05-14,77.41000366210938,78.1500015258789,77.27999877929688,78.08000183105469,66.09764862060547,1590700
2019-05-15,77.87000274658203,79.18000030517578,77.83999633789062,78.69000244140625,66.6140365600586,1167300
2019-05-16,78.61000061035156,79.81999969482422,78.5,79.4800033569336,67.2828140258789,1375400
2019-05-17,79.19000244140625,80.1500015258789,78.91999816894531,80.04000091552734,67.75686645507812,1356500
2019-05-20,80.08000183105469,80.4000015258789,78.68000030517578,79.2300033569336,67.07115936279297,1284700
2019-05-21,79.47000122070312,80.19999694824219,79.30000305175781,80.0,67.72299194335938,1484400
2019-05-22,79.94999694824219,80.31999969482422,79.55000305175781,80.22000122070312,67.90922546386719,1149200
2019-05-23,80.0,81.37000274658203,79.94000244140625,81.3499984741211,68.86582946777344,1787100
2019-05-24,81.38999938964844,81.91999816894531,81.36000061035156,81.56999969482422,69.05206298828125,1419700
2019-05-28,81.81999969482422,82.18000030517578,80.11000061035156,80.11000061035156,67.81612396240234,2200100
2019-05-29,80.44999694824219,80.68000030517578,79.33000183105469,79.70999908447266,67.47750091552734,1801900
2019-05-30,79.87000274658203,80.7699966430664,79.55000305175781,80.76000213623047,68.36637115478516,1464900
2019-05-31,80.81999969482422,81.91000366210938,80.5,81.22000122070312,68.75576782226562,1811200
2019-06-03,81.62999725341797,82.18000030517578,81.13999938964844,82.01000213623047,69.42453002929688,1814000
2019-06-04,81.66999816894531,81.66999816894531,79.41999816894531,80.05999755859375,67.77377319335938,3331600
2019-06-05,80.58000183105469,82.06999969482422,80.25,81.9800033569336,69.3991470336914,2252900
2019-06-06,82.02999877929688,82.81999969482422,81.69999694824219,82.58000183105469,69.9070816040039,1473700
2019-06-07,83.12000274658203,83.87000274658203,82.77999877929688,83.2300033569336,70.45731353759766,2268600
2019-06-10,83.30999755859375,83.5,81.87000274658203,82.37999725341797,69.73774719238281,1565100
2019-06-11,82.41999816894531,82.6500015258789,81.30000305175781,82.11000061035156,69.50919342041016,1791300
2019-06-12,82.41000366210938,83.25,82.12000274658203,82.2699966430664,69.6446304321289,1565900
2019-06-13,82.19000244140625,82.66000366210938,81.69000244140625,82.33000183105469,69.69542694091797,1759600
2019-06-14,82.19999694824219,83.25,82.19999694824219,82.27999877929688,69.65312194824219,2015800
2019-06-17,82.7300033569336,83.8499984741211,82.5,83.61000061035156,70.77899169921875,2322600
2019-06-18,84.08999633789062,84.36000061035156,82.69999694824219,83.04000091552734,70.29647827148438,2061200
2019-06-19,82.56999969482422,84.26000213623047,82.18000030517578,83.80000305175781,70.93983459472656,2459700
2019-06-20,84.2300033569336,85.26000213623047,84.18000030517578,84.62999725341797,71.64247131347656,3496100
2019-06-21,84.55000305175781,84.75,82.55000305175781,83.6500015258789,70.81285858154297,10019400
2019-06-24,84.08000183105469,84.58999633789062,83.47000122070312,84.06999969482422,71.16841888427734,3101200
2019-06-25,84.2300033569336,84.80999755859375,82.9800033569336,83.30000305175781,70.5165786743164,3555600
2019-06-26,82.9800033569336,83.0,80.52999877929688,81.06999969482422,68.6287841796875,2843900
2019-06-27,81.31999969482422,82.16999816894531,81.2699966430664,81.62999725341797,69.10286712646484,1784600
2019-06-28,81.62999725341797,82.19000244140625,81.38999938964844,81.52999877929688,69.01818084716797,4007600
2019-07-01,82.12999725341797,82.12999725341797,80.02999877929688,81.73999786376953,69.19596862792969,2257800
2019-07-02,82.0999984741211,84.26000213623047,81.93000030517578,84.16999816894531,71.25305938720703,2090700
2019-07-03,84.29000091552734,85.45999908447266,84.29000091552734,85.2699966430664,72.18424224853516,1123100
2019-07-05,84.25,84.5,82.4000015258789,84.22000122070312,71.2953872680664,1382900
2019-07-08,84.30000305175781,85.26000213623047,84.22000122070312,85.26000213623047,72.17578887939453,1334800
2019-07-09,85.12000274658203,86.26000213623047,84.97000122070312,86.0999984741211,72.88687896728516,1555700
2019-07-10,86.25,86.91000366210938,85.9000015258789,86.72000122070312,73.4117431640625,1734100
2019-07-11,86.38999938964844,86.58999633789062,84.94999694824219,85.16999816894531,72.09961700439453,2168600
2019-07-12,85.30000305175781,85.37999725341797,84.41000366210938,84.75,71.74407196044922,1492500
2019-07-15,84.87999725341797,85.68000030517578,84.37000274658203,84.41000366210938,71.45623779296875,1728000
2019-07-16,83.87000274658203,84.80999755859375,83.54000091552734,84.6500015258789,71.65938568115234,1599000
2019-07-17,84.94000244140625,85.47000122070312,83.91000366210938,84.5,71.53241729736328,1278200
2019-07-18,84.33000183105469,85.11000061035156,83.9800033569336,84.8499984741211,71.82869720458984,1201600
2019-07-19,84.9000015258789,84.94999694824219,82.97000122070312,83.05000305175781,70.30494689941406,1775000
2019-07-22,83.13999938964844,83.62000274658203,82.66999816894531,83.05000305175781,70.30494689941406,3221500
2019-07-23,83.16999816894531,83.7300033569336,82.5,83.72000122070312,70.87210845947266,2070600
2019-07-24,84.0,84.01000213623047,82.58999633789062,83.08999633789062,70.33881378173828,2051100
2019-07-25,82.86000061035156,83.12999725341797,82.22000122070312,82.62999725341797,69.94937133789062,1619400
2019-07-26,82.58000183105469,83.27999877929688,82.13999938964844,83.12999725341797,70.37267303466797,1588800
2019-07-29,83.75,84.68000030517578,83.41999816894531,83.70999908447266,70.8636474609375,1113300
2019-07-30,83.56999969482422,84.41999816894531,83.06999969482422,83.94999694824219,71.06682586669922,1326600
2019-07-31,83.7300033569336,84.68000030517578,82.83000183105469,83.12000274658203,70.36418914794922,2011600
2019-08-01,82.7699966430664,84.43000030517578,81.36000061035156,83.69999694824219,70.85518646240234,2791000
2019-08-02,83.69999694824219,85.23999786376953,83.69999694824219,84.76000213623047,71.75253295898438,1511800
2019-08-05,85.16999816894531,85.51000213623047,83.77999877929688,84.83999633789062,71.82022094726562,3232300
2019-08-06,84.51000213623047,86.80000305175781,84.04000091552734,85.41000366210938,72.30276489257812,2564700
2019-08-07,85.44999694824219,87.91000366210938,84.6500015258789,87.25,73.86039733886719,2256600
2019-08-08,86.72000122070312,88.2699966430664,86.06999969482422,87.91000366210938,74.41910552978516,2649500
2019-08-09,87.88999938964844,88.44000244140625,87.33999633789062,88.27999877929688,74.73233795166016,1507000
2019-08-12,88.30000305175781,88.87000274658203,87.37000274658203,87.98999786376953,74.48683166503906,1199800
2019-08-13,87.94999694824219,88.23999786376953,86.4800033569336,87.8499984741211,74.36833190917969,1834900
2019-08-14,87.11000061035156,87.55000305175781,86.44999694824219,86.55999755859375,74.00921630859375,1556800
2019-08-15,86.48999786376953,88.47000122070312,86.44000244140625,88.27999877929688,75.47981262207031,1866900
2019-08-16,88.20999908447266,89.05999755859375,86.44000244140625,88.79000091552734,75.91588592529297,1500700
2019-08-19,88.9800033569336,89.62000274658203,88.30999755859375,89.41999816894531,76.45452117919922,1644600
2019-08-20,89.9000015258789,90.25,88.5,88.55000305175781,75.710693359375,2286100
2019-08-21,88.69999694824219,89.33999633789062,87.95999908447266,88.93000030517578,76.03557586669922,1074600
2019-08-22,88.80999755859375,89.26000213623047,88.22000122070312,88.9000015258789,76.00992584228516,1322400
2019-08-23,89.01000213623047,90.19999694824219,87.4000015258789,87.75,75.02667236328125,2110300
2019-08-26,88.16000366210938,88.72000122070312,87.4000015258789,88.5999984741211,75.75343322753906,2153000
2019-08-27,89.18000030517578,90.22000122070312,88.95999908447266,88.95999908447266,76.06121826171875,3336700
2019-08-28,89.47000122070312,89.8499984741211,88.61000061035156,88.88999938964844,76.00137329101562,1242900
2019-08-29,89.36000061035156,89.80000305175781,88.72000122070312,89.68000030517578,76.67684173583984,1606100
2019-08-30,89.83999633789062,90.0,89.02999877929688,89.55999755859375,76.57421112060547,1245500
2019-09-03,89.37999725341797,91.44000244140625,89.08999633789062,91.37999725341797,78.1303482055664,1937300
2019-09-04,92.19000244140625,92.5,91.52999877929688,92.45999908447266,79.05374908447266,2095900
2019-09-05,91.68000030517578,92.11000061035156,89.69999694824219,91.08999633789062,77.88240051269531,2100900
2019-09-06,91.19000244140625,92.11000061035156,91.19000244140625,91.38999938964844,78.1388931274414,1904900
2019-09-09,91.0,91.04000091552734,89.62999725341797,90.20999908447266,77.12998962402344,1585600
2019-09-10,89.30000305175781,89.76000213623047,86.9800033569336,87.87999725341797,75.13783264160156,2472200
2019-09-11,87.19999694824219,88.4800033569336,86.58999633789062,87.68000030517578,74.96683502197266,2735800
2019-09-12,88.87999725341797,89.33000183105469,87.2300033569336,87.44999694824219,74.7701644897461,2340200
2019-09-13,87.01000213623047,87.61000061035156,85.19000244140625,85.51000213623047,73.11146545410156,3001000
2019-09-16,86.0999984741211,87.44999694824219,85.6500015258789,86.93000030517578,74.32555389404297,2421000
2019-09-17,87.66999816894531,89.47000122070312,87.5,89.30000305175781,76.35194396972656,1743900
2019-09-18,89.73999786376953,89.87999725341797,87.91999816894531,88.87999725341797,75.9928207397461,1870800
2019-09-19,89.08000183105469,89.68000030517578,88.91000366210938,89.30000305175781,76.35194396972656,1354500
2019-09-20,89.70999908447266,89.72000122070312,88.66000366210938,88.80000305175781,75.9244384765625,3578200
2019-09-23,88.62000274658203,89.94000244140625,88.62000274658203,89.05999755859375,76.14672088623047,1736400
2019-09-24,89.30000305175781,90.18000030517578,88.55999755859375,89.16999816894531,76.24077606201172,2093600
2019-09-25,89.27999877929688,89.8499984741211,88.83999633789062,89.16999816894531,76.24077606201172,1414100
2019-09-26,89.63999938964844,90.91999816894531,89.23999786376953,90.62000274658203,77.48052978515625,1290800
2019-09-27,90.72000122070312,91.05000305175781,89.48999786376953,90.29000091552734,77.1983871459961,1862000
2019-09-30,90.23999786376953,91.05000305175781,90.08000183105469,90.6500015258789,77.50619506835938,2505500
2019-10-01,90.2699966430664,90.5199966430664,89.41000366210938,89.45999908447266,76.48873138427734,1680900
2019-10-02,90.05999755859375,90.48999786376953,88.9800033569336,89.77999877929688,76.76234436035156,1525500
2019-10-03,89.83999633789062,91.98999786376953,89.83999633789062,91.33000183105469,78.08759307861328,1514800
2019-10-04,91.45999908447266,92.0,91.30000305175781,91.95999908447266,78.62625122070312,1160000
2019-10-07,91.05000305175781,92.33000183105469,91.0,91.54000091552734,78.26713562011719,1411700
2019-10-08,91.88999938964844,92.08000183105469,90.73999786376953,91.18000030517578,77.95933532714844,1143300
2019-10-09,91.37000274658203,92.06999969482422,91.27999877929688,91.3499984741211,78.10468292236328,889200
2019-10-10,91.16000366210938,91.83999633789062,90.3499984741211,91.5999984741211,78.31843566894531,1476800
2019-10-11,91.66999816894531,91.81999969482422,90.83000183105469,91.18000030517578,77.95933532714844,1456100
2019-10-14,91.27999877929688,91.88999938964844,90.91999816894531,91.79000091552734,78.48088073730469,964400
2019-10-15,91.9000015258789,92.1500015258789,90.44000244140625,91.38999938964844,78.1388931274414,1456200
2019-10-16,90.88999938964844,91.2300033569336,89.77999877929688,91.0199966430664,77.82254791259766,1857200
2019-10-17,91.08999633789062,91.37000274658203,90.5,91.18000030517578,77.95933532714844,2237600
2019-10-18,91.13999938964844,92.37999725341797,90.97000122070312,92.08999633789062,78.7374038696289,1896800
2019-10-21,91.8499984741211,92.22000122070312,91.0199966430664,92.20999908447266,78.8399887084961,1656900
2019-10-22,92.5999984741211,93.16999816894531,91.7300033569336,91.91999816894531,78.59204864501953,2081700
2019-10-23,92.0,92.3499984741211,90.58000183105469,91.12000274658203,77.90804290771484,3023000
2019-10-24,91.18000030517578,91.27999877929688,90.27999877929688,90.83999633789062,77.66864776611328,1913100
2019-10-25,90.16999816894531,90.56999969482422,87.63999938964844,87.95999908447266,75.20621490478516,2461700
2019-10-28,87.86000061035156,87.9000015258789,86.76000213623047,87.04000091552734,74.41963195800781,3518600
2019-10-29,92.06999969482422,92.06999969482422,88.86000061035156,89.44000244140625,76.47162628173828,3377300
2019-10-30,88.94000244140625,90.51000213623047,88.93000030517578,90.45999908447266,77.34374237060547,1896800
2019-10-31,90.47000122070312,91.47000122070312,89.9000015258789,90.69000244140625,77.54037475585938,2069200
2019-11-01,90.83999633789062,91.0999984741211,88.87999725341797,90.02999877929688,76.97607421875,1820500
2019-11-04,89.38999938964844,89.38999938964844,86.63999938964844,86.88999938964844,74.2913818359375,1807800
2019-11-05,86.20999908447266,86.20999908447266,84.02999877929688,85.55000305175781,73.14567565917969,3328900
2019-11-06,86.16000366210938,86.36000061035156,84.44000244140625,84.87000274658203,72.56426239013672,2411200
2019-11-07,84.02999877929688,84.12000274658203,82.51000213623047,83.25,71.17914581298828,2433400
2019-11-08,83.04000091552734,83.80000305175781,82.69000244140625,82.87999725341797,70.86278533935547,1750400
2019-11-11,83.11000061035156,83.61000061035156,82.66999816894531,83.11000061035156,71.05945587158203,1281900
2019-11-12,82.44999694824219,83.44999694824219,82.0999984741211,82.29000091552734,71.1026611328125,2512000
2019-11-13,82.52999877929688,83.4000015258789,82.4000015258789,83.0999984741211,71.80253601074219,2313400
2019-11-14,83.36000061035156,83.79000091552734,83.2300033569336,83.58999633789062,72.22590637207031,1558000
2019-11-15,83.75,84.19000244140625,83.20999908447266,83.98999786376953,72.57154083251953,3593100
2019-11-18,84.18000030517578,85.44000244140625,84.02999877929688,84.81999969482422,73.28870391845703,2264200
2019-11-19,85.37000274658203,85.54000091552734,84.61000061035156,85.0999984741211,73.5306167602539,1434700
2019-11-20,85.0199966430664,85.37000274658203,84.19000244140625,84.83999633789062,73.30597686767578,1306800
2019-11-21,84.1500015258789,84.61000061035156,83.29000091552734,83.5,72.14816284179688,1646400
2019-11-22,83.77999877929688,83.88999938964844,82.80999755859375,83.6500015258789,72.27776336669922,1417000
2019-11-25,83.94000244140625,84.77999877929688,83.11000061035156,83.19000244140625,71.88031005859375,4300500
2019-11-26,83.5,84.56999969482422,83.38999938964844,84.55999755859375,73.06404876708984,3373500
2019-11-27,84.2699966430664,85.81999969482422,84.02999877929688,85.81999969482422,74.15274810791016,2085700
2019-11-29,85.76000213623047,86.13999938964844,84.44999694824219,84.56999969482422,73.07268524169922,1015800
2019-12-02,84.26000213623047,84.58000183105469,83.19999694824219,83.2300033569336,71.91487884521484,1777100
2019-12-03,83.88999938964844,84.73999786376953,83.69999694824219,83.93000030517578,72.51970672607422,1828000
2019-12-04,83.70999908447266,84.37999725341797,83.54000091552734,83.77999877929688,72.39009094238281,1968900
2019-12-05,83.37999725341797,84.05999755859375,82.76000213623047,84.05999755859375,72.63202667236328,1944100
2019-12-06,84.0199966430664,84.51000213623047,83.43000030517578,83.7699966430664,72.3814468383789,1185100
2019-12-09,83.77999877929688,83.9800033569336,82.91999816894531,83.13999938964844,71.83711242675781,1697000
2019-12-10,83.13999938964844,83.33000183105469,82.08000183105469,82.69000244140625,71.4482650756836,1603800
2019-12-11,82.68000030517578,82.79000091552734,80.54000091552734,81.16999816894531,70.1349105834961,2528700
2019-12-12,81.05000305175781,81.47000122070312,79.01000213623047,79.12999725341797,68.37225341796875,2239700
2019-12-13,78.94000244140625,79.77999877929688,77.7300033569336,78.66999816894531,67.97480010986328,2664900
2019-12-16,78.63999938964844,78.97000122070312,77.72000122070312,78.66999816894531,67.97480010986328,2742800
2019-12-17,79.0199966430664,79.2300033569336,77.23999786376953,77.4000015258789,66.87743377685547,2613800
2019-12-18,76.97000122070312,78.68000030517578,76.75,78.38999938964844,67.73285675048828,2412000
2019-12-19,78.55999755859375,79.38999938964844,77.9000015258789,79.05000305175781,68.3031234741211,2900200
2019-12-20,80.43000030517578,80.79000091552734,79.75,80.4000015258789,69.4696044921875,5539100
2019-12-23,80.54000091552734,80.81999969482422,79.55999755859375,79.8499984741211,68.9943618774414,1956300
2019-12-24,79.83000183105469,80.13999938964844,79.55000305175781,79.93000030517578,69.06350708007812,425600
2019-12-26,80.0199966430664,80.4800033569336,79.91000366210938,80.4800033569336,69.53872680664062,758700
2019-12-27,80.70999908447266,81.0999984741211,80.4000015258789,80.95999908447266,69.9534683227539,1050200
2019-12-30,80.55000305175781,81.04000091552734,80.29000091552734,81.01000213623047,69.99667358398438,2517700
2019-12-31,81.05999755859375,81.79000091552734,81.01000213623047,81.77999877929688,70.6619873046875,2777200
2020-01-02,82.08999633789062,82.13999938964844,79.95999908447266,80.13999938964844,69.24495697021484,2049100
2020-01-03,79.63999938964844,81.66000366210938,79.55000305175781,81.55000305175781,70.4632568359375,1687000
2020-01-06,82.08999633789062,83.22000122070312,81.66000366210938,82.79000091552734,71.53466796875,2201200
2020-01-07,82.48999786376953,82.54000091552734,81.23999786376953,82.25,71.06810760498047,1239500
2020-01-08,81.91999816894531,82.36000061035156,81.45999908447266,82.2699966430664,71.08537292480469,2016800
2020-01-09,82.13999938964844,82.76000213623047,81.79000091552734,82.45999908447266,71.24952697753906,1211900
2020-01-10,82.52999877929688,83.04000091552734,82.3499984741211,82.80000305175781,71.54332733154297,1897400
2020-01-13,82.61000061035156,84.19999694824219,82.61000061035156,84.06999969482422,72.64065551757812,1563800
2020-01-14,83.83999633789062,84.06999969482422,83.05000305175781,84.02999877929688,72.6061019897461,2365700
2020-01-15,84.25,85.19999694824219,84.13999938964844,84.94999694824219,73.40103149414062,1726500
2020-01-16,84.95999908447266,86.75,84.72000122070312,86.55000305175781,74.78351593017578,1851700
2020-01-17,86.6500015258789,86.91999816894531,86.05999755859375,86.38999938964844,74.64527893066406,2177900
2020-01-21,86.47000122070312,87.81999969482422,86.4000015258789,87.80000305175781,75.86357116699219,1707700
2020-01-22,88.0,88.11000061035156,85.87999725341797,86.0,74.30828857421875,2116100
2020-01-23,86.11000061035156,87.27999877929688,85.79000091552734,87.23999786376953,75.37969970703125,2335100
2020-01-24,87.30000305175781,87.37999725341797,86.4000015258789,86.94999694824219,75.1291275024414,1479000
2020-01-27,86.62000274658203,87.26000213623047,86.45999908447266,86.87000274658203,75.05998992919922,1601000
2020-01-28,86.80999755859375,87.16999816894531,86.5199966430664,86.75,74.95630645751953,1341900
2020-01-29,86.97000122070312,87.20999908447266,86.30000305175781,86.52999877929688,74.76622772216797,1548100
2020-01-30,86.19000244140625,86.36000061035156,85.23999786376953,85.4000015258789,73.78986358642578,3210100
2020-01-31,85.55999755859375,85.58000183105469,84.45999908447266,84.91000366210938,73.36646270751953,2419200
2020-02-03,85.11000061035156,85.31999969482422,84.25,84.45999908447266,72.9776382446289,2770500
2020-02-04,84.63999938964844,85.87999725341797,84.22000122070312,84.94999694824219,73.40103149414062,1915000
2020-02-05,84.62000274658203,84.8499984741211,83.76000213623047,84.01000213623047,72.58882904052734,1738400
2020-02-06,84.44999694824219,85.3499984741211,84.02999877929688,84.66999816894531,73.15907287597656,2256200
2020-02-07,84.66999816894531,85.0999984741211,84.0199966430664,84.12999725341797,72.69249725341797,1581700
2020-02-10,84.5999984741211,85.54000091552734,84.36000061035156,85.12000274658203,73.54792022705078,1834600
2020-02-11,85.05000305175781,85.69999694824219,84.41999816894531,84.9000015258789,73.35783386230469,1891700
2020-02-12,84.94000244140625,86.0199966430664,84.7300033569336,85.86000061035156,74.18732452392578,1412500
2020-02-13,85.7699966430664,88.2300033569336,85.68000030517578,87.69999694824219,75.77718353271484,2650800
2020-02-14,88.25,89.37000274658203,88.0,89.31999969482422,77.17692565917969,2484500
2020-02-18,89.31999969482422,89.98999786376953,88.97000122070312,89.83999633789062,77.626220703125,2991600
2020-02-19,89.7699966430664,89.7699966430664,87.54000091552734,87.73999786376953,75.81172180175781,2193400
2020-02-20,87.80999755859375,88.12999725341797,86.9000015258789,88.0199966430664,76.05366516113281,3168400
2020-02-21,87.36000061035156,88.16999816894531,87.0,87.11000061035156,76.01875305175781,2202000
2020-02-24,86.7300033569336,87.5999984741211,85.6500015258789,86.62999725341797,75.59986877441406,3017600
2020-02-25,86.88999938964844,86.94000244140625,82.91000366210938,82.97000122070312,72.4058837890625,3761900
2020-02-26,83.12999725341797,83.4800033569336,80.37000274658203,80.72000122070312,70.44236755371094,3839900
2020-02-27,79.69999694824219,80.47000122070312,75.56999969482422,75.58000183105469,65.95680236816406,3598400
2020-02-28,75.0,76.37999725341797,71.97000122070312,74.81999969482422,65.29357147216797,5619700
2020-03-02,75.25,75.73999786376953,72.8499984741211,75.26000213623047,65.67755889892578,5980800
2020-03-03,75.5,79.63999938964844,74.97000122070312,77.01000213623047,67.20474243164062,6261700
2020-03-04,78.47000122070312,79.76000213623047,77.69999694824219,79.6500015258789,69.50859069824219,2592700
2020-03-05,78.52999877929688,78.81999969482422,75.38999938964844,76.16999816894531,66.47167205810547,4065100
2020-03-06,74.12999725341797,74.66000366210938,71.12999725341797,73.95999908447266,64.54308319091797,5658000
2020-03-09,69.47000122070312,69.47000122070312,64.76000213623047,64.87999725341797,56.61918258666992,5732100
2020-03-10,66.63999938964844,66.70999908447266,61.0099983215332,64.61000061035156,56.38355255126953,5142400
2020-03-11,62.599998474121094,62.7400016784668,55.34000015258789,56.4900016784668,49.29743194580078,6277600
2020-03-12,52.150001525878906,52.150001525878906,39.939998626708984,45.95000076293945,40.099430084228516,12651200
2020-03-13,50.290000915527344,52.31999969482422,44.619998931884766,51.279998779296875,44.75078582763672,9208100
2020-03-16,44.38999938964844,44.779998779296875,38.0,38.77000045776367,33.8336296081543,7116800
2020-03-17,39.810001373291016,41.95000076293945,35.29999923706055,38.630001068115234,33.71146011352539,8052300
2020-03-18,35.9900016784668,36.81999969482422,24.270000457763672,33.220001220703125,28.990280151367188,8833800
2020-03-19,32.849998474121094,42.470001220703125,30.75,40.91999816894531,35.70987319946289,7698400
2020-03-20,42.61000061035156,46.45000076293945,41.349998474121094,42.41999816894531,37.01888656616211,11125500
2020-03-23,40.790000915527344,45.84000015258789,38.06999969482422,43.4900016784668,37.95265579223633,7627100
2020-03-24,46.529998779296875,48.709999084472656,42.84000015258789,45.369998931884766,39.59328842163086,7375700
2020-03-25,45.650001525878906,48.79999923706055,42.84000015258789,46.15999984741211,40.28269577026367,8434200
2020-03-26,47.29999923706055,50.779998779296875,44.560001373291016,50.40999984741211,43.9915657043457,7642000
2020-03-27,47.52000045776367,50.52000045776367,45.900001525878906,49.70000076293945,43.37197494506836,4939200
2020-03-30,48.650001525878906,49.36000061035156,45.029998779296875,47.18000030517578,41.172828674316406,5214200
2020-03-31,46.68000030517578,47.290000915527344,44.529998779296875,45.779998779296875,39.95106887817383,6286900
2020-04-01,42.88999938964844,43.25,38.880001068115234,40.599998474121094,35.430625915527344,5002900
2020-04-02,40.2599983215332,42.099998474121094,37.56999969482422,38.790000915527344,33.851078033447266,3825400
2020-04-03,37.779998779296875,39.29999923706055,36.22999954223633,37.2599983215332,32.51588821411133,5650000
2020-04-06,40.9900016784668,42.97999954223633,40.0,42.5099983215332,37.09743118286133,5405200
2020-04-07,44.790000915527344,48.209999084472656,44.290000915527344,44.400001525878906,38.74679183959961,5039500
2020-04-08,45.38999938964844,52.7400016784668,44.4900016784668,51.59000015258789,45.021324157714844,5030400
2020-04-09,54.09000015258789,58.0,53.97999954223633,56.599998474121094,49.393428802490234,7865200
2020-04-13,56.630001068115234,57.0,51.70000076293945,52.47999954223633,45.798004150390625,3596100
2020-04-14,53.43000030517578,55.439998626708984,52.93000030517578,53.349998474121094,46.557228088378906,3245700
2020-04-15,50.56999969482422,51.81999969482422,48.0,48.529998779296875,42.35093688964844,3127800
2020-04-16,49.0099983215332,49.099998474121094,46.65999984741211,47.2400016784668,41.225189208984375,2492900
2020-04-17,49.56999969482422,50.0,48.09000015258789,49.099998474121094,42.84835433959961,4518200
2020-04-20,47.33000183105469,48.22999954223633,45.2599983215332,45.380001068115234,39.602012634277344,2844600
2020-04-21,42.56999969482422,44.220001220703125,42.02000045776367,43.72999954223633,38.16210174560547,3127900
2020-04-22,45.279998779296875,45.47999954223633,43.84000015258789,44.290000915527344,38.65079116821289,2260800
2020-04-23,44.70000076293945,45.310001373291016,43.040000915527344,43.11000061035156,37.621036529541016,3409900
2020-04-24,43.150001525878906,44.13999938964844,42.650001525878906,44.060001373291016,38.45008087158203,3339800
2020-04-27,44.31999969482422,46.4900016784668,44.25,45.939998626708984,40.0907096862793,3253000
2020-04-28,48.400001525878906,49.349998474121094,46.47999954223633,49.060001373291016,42.81344985961914,3697000
2020-04-29,51.20000076293945,52.970001220703125,49.189998626708984,52.540000915527344,45.850372314453125,4084100
2020-04-30,49.7599983215332,51.529998779296875,49.61000061035156,51.22999954223633,44.7071533203125,3994700
2020-05-01,48.7599983215332,48.7599983215332,46.95000076293945,47.33000183105469,41.30373764038086,3325700
2020-05-04,46.58000183105469,48.38999938964844,45.75,48.31999969482422,42.16767501831055,2199000
2020-05-05,49.16999816894531,50.11000061035156,48.02000045776367,48.20000076293945,42.06294631958008,4909500
2020-05-06,48.29999923706055,48.4900016784668,45.220001220703125,45.31999969482422,39.549652099609375,3521800
2020-05-07,43.54999923706055,46.88999938964844,41.310001373291016,42.0,36.652374267578125,10992400
2020-05-08,42.15999984741211,44.779998779296875,40.75,44.54999923706055,38.877681732177734,6798900
2020-05-11,43.880001068115234,45.04999923706055,42.0,42.060001373291016,36.70473098754883,5063400
2020-05-12,42.130001068115234,42.41999816894531,38.97999954223633,39.77000045776367,34.70630645751953,7700800
2020-05-13,39.11000061035156,39.869998931884766,37.5099983215332,37.959999084472656,33.12675857543945,6717000
2020-05-14,36.79999923706055,40.400001525878906,36.08000183105469,40.34000015258789,35.20372009277344,5266400
2020-05-15,39.779998779296875,40.93000030517578,39.43000030517578,40.650001525878906,35.47425842285156,7250400
2020-05-18,42.209999084472656,45.61000061035156,42.209999084472656,45.130001068115234,39.98384094238281,5163000
2020-05-19,45.119998931884766,46.150001525878906,43.540000915527344,45.20000076293945,40.045860290527344,3241700
2020-05-20,45.18000030517578,45.9900016784668,44.63999938964844,45.75,40.533145904541016,3423100
2020-05-21,45.75,46.86000061035156,45.36000061035156,46.41999816894531,41.126739501953125,3393900
2020-05-22,46.439998626708984,47.86000061035156,46.209999084472656,47.81999969482422,42.36709976196289,2387400
2020-05-26,52.099998474121094,52.9900016784668,50.02000045776367,51.119998931884766,45.29080581665039,5301800
2020-05-27,53.2599983215332,53.970001220703125,51.15999984741211,51.88999938964844,45.97300720214844,4426300
2020-05-28,52.52000045776367,52.81999969482422,50.7400016784668,51.34000015258789,45.485721588134766,3907600
2020-05-29,50.369998931884766,51.54999923706055,49.16999816894531,50.66999816894531,44.89212417602539,7484100
2020-06-01,50.459999084472656,53.439998626708984,50.290000915527344,53.06999969482422,47.01845169067383,3817800
2020-06-02,53.869998931884766,55.15999984741211,53.380001068115234,54.779998779296875,48.53345489501953,3958600
2020-06-03,55.7400016784668,59.34000015258789,55.4900016784668,58.970001220703125,52.24567413330078,3951600
2020-06-04,58.470001220703125,58.970001220703125,57.220001220703125,58.709999084472656,52.01531982421875,3395600
2020-06-05,63.0,64.69000244140625,60.849998474121094,61.599998474121094,54.575775146484375,6457100
2020-06-08,62.81999969482422,63.209999084472656,61.0099983215332,61.650001525878906,54.62007522583008,4718100
2020-06-09,59.34000015258789,61.2599983215332,58.529998779296875,59.599998474121094,52.8038330078125,4256000
2020-06-10,58.95000076293945,58.95000076293945,55.459999084472656,55.77000045776367,49.41057205200195,3952400
2020-06-11,51.349998474121094,54.13999938964844,50.75,51.34000015258789,45.485721588134766,5475500
2020-06-12,54.93000030517578,55.470001220703125,51.9900016784668,55.2400016784668,48.941009521484375,3748100
2020-06-15,52.77000045776367,56.36000061035156,52.45000076293945,56.119998931884766,49.72066116333008,3187500
2020-06-16,59.720001220703125,59.77000045776367,56.369998931884766,57.63999938964844,51.06732940673828,2695100
2020-06-17,58.220001220703125,58.41999816894531,55.810001373291016,56.02000045776367,49.63206100463867,2681900
2020-06-18,55.04999923706055,56.36000061035156,54.810001373291016,55.810001373291016,49.446006774902344,2115200
2020-06-19,56.900001525878906,56.900001525878906,50.18000030517578,51.0,45.18449401855469,11173700
2020-06-22,51.959999084472656,52.65999984741211,50.59000015258789,51.380001068115234,45.52116012573242,3795900
2020-06-23,51.810001373291016,52.349998474121094,50.9900016784668,51.47999954223633,45.6097526550293,1944300
2020-06-24,50.29999923706055,50.720001220703125,47.18000030517578,49.380001068115234,43.74921417236328,3551300
2020-06-25,48.90999984741211,50.25,48.279998779296875,50.209999084472656,44.48457717895508,2619500
2020-06-26,50.08000183105469,50.68000030517578,49.41999816894531,49.7400016784668,44.068172454833984,3829800
2020-06-29,50.5,51.310001373291016,49.15999984741211,51.2599983215332,45.41483688354492,1826400
2020-06-30,51.369998931884766,52.47999954223633,50.70000076293945,51.75,45.848968505859375,2983100
2020-07-01,52.189998626708984,54.099998474121094,51.66999816894531,53.63999938964844,47.52345657348633,2569200
2020-07-02,54.88999938964844,55.25,52.380001068115234,52.630001068115234,46.62862777709961,1855200
2020-07-06,54.310001373291016,54.33000183105469,52.060001373291016,52.310001373291016,46.34511947631836,1447200
2020-07-07,51.470001220703125,51.470001220703125,49.880001068115234,49.95000076293945,44.25422668457031,2267600
2020-07-08,50.02000045776367,50.45000076293945,49.290000915527344,50.029998779296875,44.325096130371094,2562200
2020-07-09,49.7400016784668,49.900001525878906,48.040000915527344,49.20000076293945,43.589744567871094,2291300
2020-07-10,49.04999923706055,50.599998474121094,48.9900016784668,50.54999923706055,44.78580093383789,2452900
2020-07-13,50.75,51.08000183105469,49.68000030517578,50.02000045776367,44.31624221801758,2069500
2020-07-14,50.099998474121094,50.97999954223633,49.72999954223633,49.939998626708984,44.245361328125,1973500
2020-07-15,51.529998779296875,51.689998626708984,50.18000030517578,51.040000915527344,45.21992111206055,2060600
2020-07-16,50.470001220703125,51.119998931884766,49.529998779296875,49.880001068115234,44.192203521728516,2147000
2020-07-17,50.099998474121094,51.29999923706055,49.630001068115234,50.9900016784668,45.17562484741211,2188400
2020-07-20,50.47999954223633,50.95000076293945,49.09000015258789,49.29999923706055,43.678348541259766,2455400
2020-07-21,49.9900016784668,50.470001220703125,49.38999938964844,49.47999954223633,43.83781051635742,1646700
2020-07-22,49.2400016784668,52.86000061035156,48.900001525878906,52.33000183105469,46.362831115722656,3988900
2020-07-23,51.68000030517578,52.470001220703125,51.38999938964844,51.939998626708984,46.017303466796875,2079500
2020-07-24,52.220001220703125,52.709999084472656,51.13999938964844,51.41999816894531,45.55659103393555,2221400
2020-07-27,51.16999816894531,51.310001373291016,50.130001068115234,51.0099983215332,45.1933479309082,1544500
2020-07-28,51.0099983215332,53.540000915527344,51.0,53.13999938964844,47.080467224121094,2217700
2020-07-29,53.779998779296875,54.72999954223633,53.2599983215332,54.689998626708984,48.45372009277344,2861000
2020-07-30,53.4900016784668,54.849998474121094,53.209999084472656,54.52000045776367,48.3031005859375,2112500
2020-07-31,54.31999969482422,54.5,52.72999954223633,53.560001373291016,47.452571868896484,4884800
2020-08-03,52.72999954223633,53.279998779296875,51.90999984741211,52.869998931884766,46.841251373291016,2379600
2020-08-04,52.880001068115234,54.16999816894531,52.880001068115234,53.290000915527344,47.213356018066406,2809400
2020-08-05,53.900001525878906,54.029998779296875,52.66999816894531,53.150001525878906,47.089324951171875,2163400
2020-08-06,53.2400016784668,57.189998626708984,52.689998626708984,56.40999984741211,49.977596282958984,3515700
2020-08-07,56.029998779296875,57.84000015258789,55.619998931884766,57.18000030517578,50.6597785949707,3360900
2020-08-10,57.099998474121094,57.970001220703125,56.31999969482422,57.439998626708984,50.890132904052734,2421000
2020-08-11,58.279998779296875,58.58000183105469,56.33000183105469,56.630001068115234,50.17250061035156,2887800
2020-08-12,56.779998779296875,57.099998474121094,56.0,56.90999984741211,50.42057418823242,1806100
2020-08-13,56.58000183105469,57.58000183105469,55.63999938964844,55.9900016784668,49.60548782348633,1795700
2020-08-14,56.02000045776367,57.7599983215332,55.599998474121094,56.75,50.2788200378418,2100900
2020-08-17,56.54999923706055,56.54999923706055,55.470001220703125,55.97999954223633,50.135520935058594,1977400
2020-08-18,55.849998474121094,55.849998474121094,54.529998779296875,54.939998626708984,49.204105377197266,2288500
2020-08-19,55.150001525878906,55.349998474121094,53.790000915527344,53.95000076293945,48.31746292114258,2433300
2020-08-20,53.31999969482422,55.720001220703125,53.04999923706055,55.08000183105469,49.329490661621094,2201500
2020-08-21,55.36000061035156,56.22999954223633,54.61000061035156,56.130001068115234,50.269866943359375,3258900
2020-08-24,55.84000015258789,57.439998626708984,55.310001373291016,57.41999816894531,51.42518615722656,2052100
2020-08-25,57.27000045776367,57.599998474121094,56.45000076293945,57.59000015258789,51.57744216918945,3790100
2020-08-26,57.33000183105469,57.56999969482422,55.279998779296875,55.849998474121094,50.019100189208984,2350300
2020-08-27,55.599998474121094,58.02000045776367,55.599998474121094,57.91999816894531,51.87297821044922,2786500
2020-08-28,58.02000045776367,59.470001220703125,57.13999938964844,59.45000076293945,53.24325180053711,2425300
2020-08-31,58.970001220703125,59.22999954223633,57.439998626708984,57.52000045776367,51.51474380493164,2627800
2020-09-01,57.0,58.27000045776367,56.5099983215332,58.130001068115234,52.06105422973633,1386900
2020-09-02,58.13999938964844,60.099998474121094,57.45000076293945,60.0099983215332,53.74478530883789,2724100
2020-09-03,60.150001525878906,61.5,59.400001525878906,60.45000076293945,54.13884735107422,2828400
2020-09-04,60.58000183105469,61.380001068115234,59.45000076293945,61.119998931884766,54.738895416259766,3447500
2020-09-08,60.7599983215332,61.79999923706055,59.9900016784668,60.04999923706055,53.78060531616211,3370500
2020-09-09,60.529998779296875,61.72999954223633,59.77000045776367,60.88999938964844,54.532901763916016,2326200
2020-09-10,60.33000183105469,61.36000061035156,59.83000183105469,59.86000061035156,53.610450744628906,1787900
2020-09-11,59.849998474121094,60.29999923706055,58.220001220703125,58.869998931884766,52.72380065917969,2518100
2020-09-14,59.5,60.41999816894531,59.40999984741211,60.119998931884766,53.843292236328125,2796300
2020-09-15,59.869998931884766,61.439998626708984,59.869998931884766,60.709999084472656,54.37169647216797,4107900
2020-09-16,60.95000076293945,61.41999816894531,59.75,59.869998931884766,53.61939239501953,4158100
2020-09-17,59.130001068115234,59.88999938964844,57.41999816894531,57.779998779296875,51.74760055541992,4270500
2020-09-18,57.15999984741211,57.810001373291016,56.34000015258789,56.45000076293945,50.55645751953125,4996800
2020-09-21,55.06999969482422,55.459999084472656,53.650001525878906,54.189998626708984,48.53240203857422,5014900
2020-09-22,54.150001525878906,55.709999084472656,54.060001373291016,54.709999084472656,48.998111724853516,3804900
2020-09-23,54.349998474121094,54.84000015258789,51.86000061035156,51.959999084472656,46.53522491455078,2726900
2020-09-24,51.65999984741211,53.15999984741211,51.220001220703125,51.869998931884766,46.45462417602539,2733700
2020-09-25,51.689998626708984,53.310001373291016,51.40999984741211,53.2599983215332,47.699501037597656,2539500
2020-09-28,54.79999923706055,54.939998626708984,53.959999084472656,54.38999938964844,48.71152877807617,2402900
2020-09-29,54.029998779296875,54.630001068115234,53.31999969482422,54.5,48.8100471496582,2048800
2020-09-30,55.16999816894531,56.2400016784668,53.93000030517578,55.09000015258789,49.33844757080078,3399200
2020-10-01,55.220001220703125,56.45000076293945,54.310001373291016,56.41999816894531,50.52958679199219,4048400
2020-10-02,55.400001525878906,58.189998626708984,54.90999984741211,57.939998626708984,51.89090347290039,2569000
2020-10-05,58.20000076293945,58.56999969482422,56.56999969482422,57.470001220703125,51.46996307373047,3177700
2020-10-06,57.869998931884766,57.95000076293945,56.27000045776367,56.65999984741211,50.74453353881836,3443800
2020-10-07,56.9900016784668,57.22999954223633,55.630001068115234,56.099998474121094,50.24300003051758,2755000
2020-10-08,56.61000061035156,57.5,56.2599983215332,57.220001220703125,51.246063232421875,3500900
2020-10-09,57.65999984741211,57.65999984741211,55.83000183105469,56.310001373291016,50.43107223510742,1411800
2020-10-12,56.439998626708984,56.439998626708984,55.2599983215332,55.869998931884766,50.037010192871094,1492200
2020-10-13,55.22999954223633,55.380001068115234,53.47999954223633,54.2599983215332,48.595096588134766,2126600
2020-10-14,54.310001373291016,54.70000076293945,53.619998931884766,53.869998931884766,48.24580764770508,1948000
2020-10-15,53.34000015258789,55.52000045776367,53.2400016784668,55.04999923706055,49.30261993408203,2292000
2020-10-16,54.02000045776367,55.36000061035156,53.34000015258789,54.279998779296875,48.613006591796875,2602100
2020-10-19,54.7400016784668,54.7400016784668,52.47999954223633,52.58000183105469,47.09049987792969,2135900
2020-10-20,53.4900016784668,54.310001373291016,53.18000030517578,54.09000015258789,48.442848205566406,1741900
2020-10-21,53.709999084472656,54.41999816894531,53.09000015258789,53.709999084472656,48.1025276184082,2102900
2020-10-22,53.58000183105469,55.4900016784668,53.41999816894531,55.25,49.48173904418945,4269200
2020-10-23,55.66999816894531,56.54999923706055,55.33000183105469,56.2599983215332,50.38629150390625,1352800
2020-10-26,55.58000183105469,55.790000915527344,54.689998626708984,55.70000076293945,49.884761810302734,2227100
2020-10-27,55.720001220703125,56.040000915527344,53.970001220703125,54.029998779296875,48.38910675048828,1881000
2020-10-28,53.0099983215332,53.68000030517578,52.119998931884766,52.2599983215332,46.803897857666016,3046400
2020-10-29,52.279998779296875,55.52000045776367,51.65999984741211,54.630001068115234,48.92646789550781,3347300
2020-10-30,54.25,54.68000030517578,52.56999969482422,53.77000045776367,48.156253814697266,1816100
2020-11-02,54.099998474121094,56.79999923706055,53.47999954223633,56.7400016784668,50.81618118286133,2075200
2020-11-03,57.63999938964844,59.529998779296875,57.0,59.0099983215332,52.84918212890625,2988600
2020-11-04,58.779998779296875,58.779998779296875,56.91999816894531,56.9900016784668,51.04008102416992,2150800
2020-11-05,57.5,57.70000076293945,56.189998626708984,56.849998474121094,50.91468811035156,2682500
2020-11-06,57.380001068115234,57.9900016784668,54.83000183105469,55.5,49.70563888549805,1895700
2020-11-09,60.95000076293945,72.23999786376953,60.63999938964844,66.66000366210938,60.36396408081055,7776800
2020-11-10,67.12999725341797,69.36000061035156,65.86000061035156,67.83999633789062,61.43251419067383,5828200
2020-11-11,67.54000091552734,67.54000091552734,64.8499984741211,65.5199966430664,59.33163833618164,2745700
2020-11-12,65.30999755859375,65.9800033569336,62.70000076293945,63.58000183105469,57.574867248535156,2700200
2020-11-13,62.810001373291016,65.93000030517578,62.810001373291016,65.56999969482422,59.376914978027344,2881600
2020-11-16,67.6500015258789,68.23999786376953,65.37999725341797,66.41999816894531,60.146636962890625,2664100
2020-11-17,65.37999725341797,66.66000366210938,64.2699966430664,65.94999694824219,59.721012115478516,3328000
2020-11-18,65.95999908447266,66.87999725341797,63.77000045776367,63.83000183105469,57.80125045776367,2352800
2020-11-19,63.439998626708984,65.36000061035156,62.369998931884766,65.19999694824219,59.041847229003906,2916900
2020-11-20,64.93000030517578,65.05000305175781,63.68000030517578,64.51000213623047,58.417030334472656,2015000
2020-11-23,65.06999969482422,65.80000305175781,63.40999984741211,63.68000030517578,57.665428161621094,1926000
2020-11-24,64.9800033569336,65.94999694824219,64.55999755859375,65.47000122070312,59.28635025024414,3082600
2020-11-25,64.87999725341797,65.58000183105469,64.44999694824219,65.26000213623047,59.096195220947266,1862800
2020-11-27,65.25,65.26000213623047,64.01000213623047,64.54000091552734,58.444190979003906,703400
2020-11-30,64.94999694824219,64.95999908447266,62.959999084472656,62.97999954223633,57.03153991699219,3714400
2020-12-01,64.08000183105469,64.51000213623047,63.27000045776367,63.4900016784668,57.49336624145508,1961800
2020-12-02,62.63999938964844,63.810001373291016,62.369998931884766,62.47999954223633,56.57876205444336,2062200
2020-12-03,61.52000045776367,64.19000244140625,61.52000045776367,63.189998626708984,57.221702575683594,2719600
2020-12-04,64.0,64.61000061035156,63.58000183105469,64.19999694824219,58.13629913330078,2386200
2020-12-07,64.45999908447266,66.5,64.45999908447266,65.72000122070312,59.51274490356445,3066300
2020-12-08,65.29000091552734,66.54000091552734,64.77999877929688,64.94999694824219,58.81547546386719,3414900
2020-12-09,65.23999786376953,65.63999938964844,64.55000305175781,65.0199966430664,58.87885665893555,3098400
2020-12-10,64.30000305175781,65.52999877929688,63.68000030517578,64.02999877929688,57.98237228393555,1951400
2020-12-11,63.66999816894531,64.44000244140625,63.09000015258789,64.25,58.18158721923828,2120900
2020-12-14,65.31999969482422,65.44999694824219,63.20000076293945,63.2400016784668,57.26698684692383,3389900
2020-12-15,63.66999816894531,65.9000015258789,62.869998931884766,65.87000274658203,59.648582458496094,2409200
2020-12-16,66.0,67.08999633789062,65.5999984741211,66.48999786376953,60.21001434326172,3326400
2020-12-17,66.9000015258789,67.12000274658203,64.7699966430664,65.94999694824219,59.721012115478516,3185100
2020-12-18,66.08000183105469,66.43000030517578,63.040000915527344,64.0199966430664,57.97330093383789,5336200
2020-12-21,63.16999816894531,63.93000030517578,62.04999923706055,62.650001525878906,56.732704162597656,4141100
2020-12-22,62.619998931884766,63.04999923706055,61.849998474121094,62.66999816894531,56.75082015991211,3636400
2020-12-23,62.5,63.43000030517578,61.81999969482422,62.36000061035156,56.47010803222656,1564700
2020-12-24,62.68000030517578,63.599998474121094,62.31999969482422,63.52000045776367,57.520530700683594,547500
2020-12-28,63.540000915527344,63.630001068115234,62.54999923706055,62.970001220703125,57.022483825683594,4210400
2020-12-29,63.58000183105469,63.75,62.599998474121094,63.18000030517578,57.212646484375,1364400
2020-12-30,63.22999954223633,64.58000183105469,63.13999938964844,63.79999923706055,57.77408981323242,1195200
2020-12-31,63.54999923706055,64.73999786376953,62.709999084472656,64.62000274658203,58.516639709472656,1424900
2021-01-04,64.63999938964844,64.69999694824219,61.5,61.599998474121094,55.78187942504883,2235500
2021-01-05,61.79999923706055,62.65999984741211,61.599998474121094,61.959999084472656,56.107872009277344,1986500
2021-01-06,63.2400016784668,64.97000122070312,62.7400016784668,64.58000183105469,58.48041534423828,2458200
2021-01-07,64.36000061035156,64.47000122070312,62.38999938964844,63.29999923706055,57.321311950683594,1962700
2021-01-08,62.040000915527344,63.02000045776367,61.40999984741211,62.68000030517578,56.75987243652344,1941000
2021-01-11,62.36000061035156,62.5,61.06999969482422,61.18000030517578,55.401546478271484,1748200
2021-01-12,61.47999954223633,61.72999954223633,60.709999084472656,61.09000015258789,55.32004165649414,2285700
2021-01-13,61.439998626708984,63.869998931884766,61.439998626708984,63.810001373291016,57.783145904541016,1596900
2021-01-14,64.0199966430664,64.58999633789062,63.380001068115234,63.560001373291016,57.55675506591797,1319700
2021-01-15,63.43000030517578,64.66000366210938,62.81999969482422,64.25,58.18158721923828,2649000
2021-01-19,63.959999084472656,64.0999984741211,60.599998474121094,61.0,55.238548278808594,2995100
2021-01-20,60.849998474121094,62.470001220703125,60.47999954223633,62.130001068115234,56.26182556152344,3442000
2021-01-21,61.560001373291016,62.2400016784668,60.79999923706055,61.849998474121094,56.008262634277344,2244500
2021-01-22,61.369998931884766,63.27000045776367,61.209999084472656,63.06999969482422,57.113037109375,2111300
2021-01-25,62.540000915527344,63.75,61.470001220703125,62.560001373291016,56.651206970214844,2182000
2021-01-26,62.47999954223633,63.290000915527344,61.2400016784668,61.790000915527344,55.95393753051758,2218700
2021-01-27,61.47999954223633,61.66999816894531,59.380001068115234,59.790000915527344,54.14283752441406,2102500
2021-01-28,59.83000183105469,63.209999084472656,59.75,61.779998779296875,55.944881439208984,2087200
2021-01-29,61.16999816894531,61.81999969482422,59.45000076293945,60.599998474121094,54.87632751464844,2746500
2021-02-01,60.9900016784668,62.540000915527344,59.86000061035156,62.5099983215332,56.605926513671875,2166800
2021-02-02,62.810001373291016,63.04999923706055,61.86000061035156,62.16999816894531,56.298038482666016,2541100
2021-02-03,61.25,62.36000061035156,60.150001525878906,62.09000015258789,56.22560501098633,2284800
2021-02-04,62.54999923706055,64.06999969482422,62.099998474121094,63.90999984741211,57.87370300292969,2368000
2021-02-05,64.0199966430664,64.94000244140625,63.79999923706055,64.0199966430664,57.97330093383789,1977400
2021-02-08,63.70000076293945,63.939998626708984,62.95000076293945,63.209999084472656,57.23980712890625,1481300
2021-02-09,64.0,64.0,62.470001220703125,63.22999954223633,57.2579231262207,2133800
2021-02-10,63.209999084472656,66.19999694824219,62.72999954223633,64.93000030517578,58.797367095947266,2625100
2021-02-11,65.01000213623047,66.8499984741211,64.48999786376953,66.43000030517578,60.15568542480469,2900200
2021-02-12,66.38999938964844,67.5999984741211,66.0999984741211,67.51000213623047,61.13368225097656,2629400
2021-02-16,67.58999633789062,68.0,66.3499984741211,67.16999816894531,60.82579803466797,3703100
2021-02-17,66.75,67.61000061035156,65.6500015258789,67.29000091552734,60.93445587158203,1623500
2021-02-18,67.52999877929688,68.36000061035156,66.94000244140625,68.16999816894531,61.73134994506836,2414000
2021-02-19,68.29000091552734,68.87000274658203,67.43000030517578,68.38999938964844,62.48972702026367,2864100
2021-02-22,68.0,71.44999694824219,68.0,69.88999938964844,63.860321044921875,3172400
2021-02-23,70.5999984741211,71.12999725341797,69.58999633789062,70.5999984741211,64.5090560913086,2830800
2021-02-24,70.95999908447266,73.70999908447266,70.94000244140625,73.5999984741211,67.25022888183594,3675000
2021-02-25,73.29000091552734,74.12999725341797,69.91999816894531,70.27999877929688,64.21668243408203,2754600
2021-02-26,70.43000030517578,70.61000061035156,67.87000274658203,67.9000015258789,62.04199981689453,3739800
2021-03-01,69.19000244140625,70.69000244140625,68.45999908447266,68.4800033569336,62.57197189331055,2651800
2021-03-02,68.62000274658203,68.93000030517578,67.41000366210938,68.62000274658203,62.69990158081055,2594700
2021-03-03,68.05999755859375,69.5999984741211,67.94999694824219,69.0199966430664,63.06538009643555,2741000
2021-03-04,69.30999755859375,70.38999938964844,68.2300033569336,69.7300033569336,63.71412658691406,2523600
2021-03-05,70.04000091552734,70.76000213623047,68.45999908447266,70.26000213623047,64.1983871459961,2322400
2021-03-08,71.01000213623047,73.30000305175781,69.95999908447266,72.2300033569336,65.99844360351562,2032900
2021-03-09,72.4000015258789,73.20999908447266,71.70999908447266,72.76000213623047,66.48272705078125,2687400
2021-03-10,72.68000030517578,74.19000244140625,71.58000183105469,73.97000122070312,67.58831787109375,2077900
2021-03-11,73.69000244140625,76.0,73.13999938964844,73.37000274658203,67.04009246826172,2531600
2021-03-12,73.55999755859375,74.13999938964844,72.76000213623047,74.12000274658203,67.72538757324219,2342500
2021-03-15,74.68000030517578,75.0999984741211,73.4000015258789,74.55000305175781,68.11830139160156,1947200
2021-03-16,74.2300033569336,74.27999877929688,72.20999908447266,72.91000366210938,66.61976623535156,1954900
2021-03-17,73.11000061035156,74.29000091552734,72.61000061035156,73.69000244140625,67.33248901367188,1514400
2021-03-18,73.23999786376953,73.48999786376953,71.5,71.8499984741211,65.65121459960938,1605200
2021-03-19,71.61000061035156,72.62000274658203,70.5,70.72000122070312,64.61871337890625,3552400
2021-03-22,70.87999725341797,71.52999877929688,70.16999816894531,71.0,64.87455749511719,1410900
2021-03-23,70.80000305175781,71.61000061035156,70.31999969482422,70.98999786376953,64.86541748046875,2425300
2021-03-24,70.91000366210938,72.23999786376953,70.5999984741211,71.18000030517578,65.03903198242188,2830100
2021-03-25,71.05999755859375,71.68000030517578,69.29000091552734,71.16000366210938,65.02075958251953,1685700
2021-03-26,71.66000366210938,73.52999877929688,71.41000366210938,73.38999938964844,67.05836486816406,2233700
2021-03-29,72.8499984741211,73.0,71.31999969482422,71.68000030517578,65.49589538574219,1546100
2021-03-30,72.37999725341797,74.04000091552734,71.95999908447266,72.93000030517578,66.6380615234375,1865300
2021-03-31,72.30000305175781,72.77999877929688,71.33999633789062,71.62999725341797,65.45020294189453,2828800
2021-04-01,72.02999877929688,73.36000061035156,71.33999633789062,73.25,66.9304428100586,2178700
2021-04-05,73.54000091552734,73.80999755859375,71.87000274658203,72.80000305175781,66.51927947998047,2175900
2021-04-06,72.80000305175781,74.30999755859375,72.66999816894531,74.16000366210938,67.7619400024414,2586500
2021-04-07,74.0999984741211,75.44999694824219,74.0999984741211,75.19999694824219,68.71219635009766,3416400
2021-04-08,75.27999877929688,76.18000030517578,75.0,75.62000274658203,69.0959701538086,2059500
2021-04-09,75.45999908447266,76.0999984741211,74.93000030517578,75.11000061035156,68.62996673583984,1779200
2021-04-12,75.79000091552734,75.79000091552734,74.48999786376953,75.38999938964844,68.88581085205078,1894200
2021-04-13,75.02999877929688,76.19000244140625,74.83000183105469,75.79000091552734,69.25131225585938,1677800
2021-04-14,75.94000244140625,76.41000366210938,75.01000213623047,75.08999633789062,68.6116943359375,1358300
2021-04-15,75.54000091552734,76.61000061035156,75.11000061035156,76.25,69.6716079711914,1888300
2021-04-16,76.80000305175781,76.87000274658203,75.62000274658203,75.69000244140625,69.15995025634766,1190800
2021-04-19,75.68000030517578,75.69000244140625,74.7699966430664,74.87999725341797,68.41981506347656,1492400
2021-04-20,74.87999725341797,76.38999938964844,74.68000030517578,76.12000274658203,69.55284881591797,1837200
2021-04-21,76.02999877929688,76.7699966430664,75.81999969482422,76.36000061035156,69.77212524414062,1424300
2021-04-22,76.58000183105469,76.81999969482422,75.58000183105469,75.62999725341797,69.10511016845703,1862100
2021-04-23,76.0999984741211,76.18000030517578,75.05999755859375,75.44000244140625,68.93150329589844,1553000
2021-04-26,76.0,76.6500015258789,75.70999908447266,75.88999938964844,69.3426742553711,1026500
2021-04-27,75.98999786376953,76.69999694824219,75.66000366210938,76.47000122070312,69.87265014648438,1715000
2021-04-28,76.23999786376953,76.68000030517578,75.33000183105469,75.5199966430664,69.00460052490234,2318300
2021-04-29,75.0,77.54000091552734,74.69999694824219,76.08000183105469,69.51629638671875,1814000
2021-04-30,75.56999969482422,75.58000183105469,74.69999694824219,75.02999877929688,68.5568618774414,2734300
2021-05-03,75.5,77.01000213623047,75.11000061035156,76.48999786376953,69.89092254638672,2119300
2021-05-04,76.58999633789062,77.05999755859375,74.22000122070312,74.91000366210938,68.44725036621094,1432100
2021-05-05,74.91000366210938,74.91000366210938,72.19999694824219,72.6500015258789,66.3822021484375,1738400
2021-05-06,72.80999755859375,73.62000274658203,72.70999908447266,73.51000213623047,67.16801452636719,1322600
2021-05-07,73.62999725341797,75.0999984741211,73.30000305175781,74.69999694824219,68.25533294677734,1831100
2021-05-10,74.69999694824219,76.1500015258789,74.16999816894531,74.30999755859375,68.45801544189453,2556900
2021-05-11,73.87000274658203,73.87000274658203,72.20999908447266,73.08999633789062,67.3341064453125,1708200
2021-05-12,72.94999694824219,73.16000366210938,70.73999786376953,71.04000091552734,65.44554138183594,1995800
2021-05-13,71.0,73.18000030517578,71.0,72.08000183105469,66.40363311767578,1874300
2021-05-14,72.58000183105469,73.62000274658203,72.55999755859375,73.22000122070312,67.453857421875,1142400
2021-05-17,73.16999816894531,73.61000061035156,72.58999633789062,73.12000274658203,67.36174774169922,1970600
2021-05-18,73.08999633789062,74.0,72.47000122070312,73.12999725341797,67.37094116210938,1200400
2021-05-19,72.37999725341797,73.06999969482422,71.33999633789062,72.81999969482422,67.0853500366211,1832900
2021-05-20,72.54000091552734,73.7699966430664,72.2699966430664,73.44000244140625,67.65653228759766,1712700
2021-05-21,73.63999938964844,74.47000122070312,72.86000061035156,73.27999877929688,67.5091323852539,1219600
2021-05-24,74.0,75.3499984741211,73.69000244140625,74.66000366210938,68.78045654296875,1384800
2021-05-25,74.30000305175781,75.16000366210938,74.04000091552734,74.83000183105469,68.93708038330078,1168800
2021-05-26,74.87999725341797,75.51000213623047,74.44000244140625,74.98999786376953,69.08446502685547,1024500
2021-05-27,75.48999786376953,75.48999786376953,74.0999984741211,74.0999984741211,68.26455688476562,1649700
2021-05-28,74.66999816894531,75.3499984741211,74.3499984741211,74.7699966430664,68.88179779052734,1552300
2021-06-01,75.02999877929688,76.79000091552734,74.58999633789062,76.69999694824219,70.65980529785156,1687300
2021-06-02,77.0,77.91999816894531,76.41000366210938,77.81999969482422,71.69159698486328,2103300
2021-06-03,77.80000305175781,77.88999938964844,76.44000244140625,76.70999908447266,70.66901397705078,1644900
2021-06-04,76.91000366210938,76.91000366210938,75.5999984741211,76.44999694824219,70.42950439453125,1535100
2021-06-07,76.68000030517578,77.47000122070312,76.22000122070312,76.87000274658203,70.81642150878906,1266300
2021-06-08,77.33000183105469,78.80000305175781,77.0,78.1500015258789,71.9956283569336,2177000
2021-06-09,78.56999969482422,79.37000274658203,78.30999755859375,78.83999633789062,72.63126373291016,1563900
2021-06-10,78.81999969482422,79.41000366210938,78.19000244140625,79.13999938964844,72.90766143798828,2016000
2021-06-11,79.31999969482422,79.68000030517578,78.55999755859375,79.68000030517578,73.40513610839844,1253500
2021-06-14,80.20999908447266,81.36000061035156,79.7699966430664,81.20999908447266,74.81463623046875,1787500
2021-06-15,82.12999725341797,82.38999938964844,81.11000061035156,81.16000366210938,74.76858520507812,2742400
2021-06-16,81.04000091552734,82.25,80.66000366210938,80.80000305175781,74.43692016601562,2150100
2021-06-17,80.70999908447266,81.23999786376953,80.12999725341797,80.55000305175781,74.20662689208984,2149700
2021-06-18,80.44999694824219,80.5999984741211,78.4800033569336,78.51000213623047,72.3272705078125,5532200
2021-06-21,78.73999786376953,80.69999694824219,78.3499984741211,80.58000183105469,74.2342529296875,1818200
2021-06-22,81.06999969482422,83.18000030517578,80.93000030517578,82.22000122070312,75.7450942993164,3915900
2021-06-23,82.20999908447266,83.80999755859375,81.80000305175781,83.47000122070312,76.89665985107422,2698200
2021-06-24,83.6500015258789,83.83000183105469,82.29000091552734,83.45999908447266,76.887451171875,2259400
2021-06-25,83.80000305175781,84.0199966430664,83.37000274658203,84.0199966430664,77.4033432006836,2230000
2021-06-28,84.0199966430664,84.0199966430664,82.33999633789062,82.95999908447266,76.42683410644531,2535700
2021-06-29,83.0,83.83000183105469,82.66999816894531,83.41000366210938,76.84140014648438,1657400
2021-06-30,83.58000183105469,84.2300033569336,82.72000122070312,83.0999984741211,76.55580139160156,4388000
2021-07-01,83.41000366210938,84.56999969482422,82.81999969482422,83.7300033569336,77.1362075805664,2249000
2021-07-02,84.0,84.97000122070312,83.7300033569336,84.91999816894531,78.23246002197266,2208800
2021-07-06,84.61000061035156,85.30000305175781,83.20999908447266,85.13999938964844,78.43515014648438,2390400
2021-07-07,84.94999694824219,85.2300033569336,83.95999908447266,84.87000274658203,78.1864242553711,2448900
2021-07-08,84.05000305175781,85.41999816894531,83.62000274658203,84.88999938964844,78.20482635498047,2435900
2021-07-09,85.38999938964844,86.48999786376953,84.91999816894531,86.43000030517578,79.6235580444336,1844900
2021-07-12,85.97000122070312,87.79000091552734,85.97000122070312,87.52999877929688,80.63692474365234,1806700
2021-07-13,87.55000305175781,87.95999908447266,86.38999938964844,86.97000122070312,80.12101745605469,2904000
2021-07-14,86.68000030517578,88.81999969482422,86.55999755859375,88.19999694824219,81.2541732788086,2672300
2021-07-15,87.91000366210938,88.69000244140625,87.66000366210938,88.5999984741211,81.62267303466797,2088200
2021-07-16,89.0999984741211,89.80000305175781,88.94000244140625,89.68000030517578,82.61761474609375,2041300
2021-07-19,88.48999786376953,88.48999786376953,84.0999984741211,84.43000030517578,77.78106689453125,3044300
2021-07-20,84.93000030517578,88.41999816894531,84.30999755859375,88.0199966430664,81.08834075927734,2259700
2021-07-21,88.0999984741211,89.41999816894531,87.76000213623047,87.98999786376953,81.06071472167969,1591600
2021-07-22,87.86000061035156,87.9000015258789,86.69999694824219,87.3499984741211,80.47109985351562,1303600
2021-07-23,88.08000183105469,88.38999938964844,87.08999633789062,87.76000213623047,80.84883117675781,1104200
2021-07-26,87.26000213623047,88.27999877929688,86.2699966430664,87.5999984741211,80.70142364501953,1582300
2021-07-27,87.30999755859375,88.58000183105469,86.73999786376953,88.2699966430664,81.31864929199219,1629600
2021-07-28,88.48999786376953,88.48999786376953,86.94999694824219,87.38999938964844,80.5079574584961,986800
2021-07-29,87.41000366210938,88.62999725341797,87.41000366210938,87.7300033569336,80.8211669921875,1218200
2021-07-30,88.58000183105469,89.5,86.79000091552734,86.86000061035156,80.01970672607422,2386000
2021-08-02,87.37999725341797,89.18000030517578,86.18000030517578,86.2699966430664,79.47615814208984,1246000
2021-08-03,86.88999938964844,87.22000122070312,86.12000274658203,87.11000061035156,80.2500228881836,1656400
2021-08-04,86.94999694824219,87.25,84.95999908447266,85.0999984741211,78.39830017089844,1892000
2021-08-05,85.6500015258789,86.5999984741211,85.33000183105469,86.58000183105469,79.76174926757812,1246600
2021-08-06,86.7699966430664,87.30999755859375,84.91000366210938,85.18000030517578,78.47200012207031,2090900
2021-08-09,85.11000061035156,85.6500015258789,84.47000122070312,85.55999755859375,78.82208251953125,1687100
2021-08-10,85.5,85.93000030517578,84.93000030517578,85.04000091552734,78.34302520751953,3813100
2021-08-11,84.93000030517578,84.93000030517578,83.80999755859375,83.94999694824219,77.89762878417969,1975000
2021-08-12,84.16999816894531,84.16999816894531,83.30000305175781,83.73999786376953,77.70277404785156,1262900
2021-08-13,83.73999786376953,85.18000030517578,83.5199966430664,85.11000061035156,78.9739990234375,2437600
2021-08-16,84.7699966430664,85.80000305175781,84.52999877929688,85.26000213623047,79.11317443847656,1576700
2021-08-17,84.68000030517578,85.83999633789062,84.27999877929688,85.58999633789062,79.41938781738281,1469300
2021-08-18,85.44999694824219,85.47000122070312,84.08999633789062,84.30000305175781,78.22239685058594,1882200
2021-08-19,83.86000061035156,84.97000122070312,83.0199966430664,84.08000183105469,78.01825714111328,1999900
2021-08-20,83.80999755859375,84.73999786376953,82.66000366210938,84.22000122070312,78.14815521240234,1853000
2021-08-23,84.72000122070312,84.9800033569336,83.45999908447266,84.18000030517578,78.11104583740234,1071400
2021-08-24,84.19999694824219,84.62999725341797,83.38999938964844,84.4800033569336,78.3894271850586,1312000
2021-08-25,84.52999877929688,85.7300033569336,84.0,84.88999938964844,78.76985931396484,1544500
2021-08-26,85.30000305175781,85.7300033569336,84.45999908447266,84.66999816894531,78.56571960449219,1426000
2021-08-27,85.18000030517578,86.5199966430664,85.0,85.63999938964844,79.4657974243164,2041900
2021-08-30,85.55000305175781,86.13999938964844,85.08999633789062,85.76000213623047,79.5771484375,1565900
2021-08-31,85.55999755859375,87.66000366210938,85.41999816894531,87.52999877929688,81.21952819824219,3051300
2021-09-01,87.91999816894531,88.9800033569336,87.25,88.18000030517578,81.82267761230469,2581000
2021-09-02,88.4800033569336,88.66000366210938,86.87999725341797,87.75,81.4236831665039,2130200
2021-09-03,87.41000366210938,87.41000366210938,85.69000244140625,86.75,80.49578094482422,2245700
2021-09-07,86.62000274658203,86.69999694824219,84.2699966430664,85.08999633789062,78.95543670654297,2076100
2021-09-08,84.7699966430664,86.51000213623047,84.48999786376953,86.0,79.79985046386719,1443400
2021-09-09,85.51000213623047,87.69000244140625,85.26000213623047,86.11000061035156,79.90190887451172,2941700
2021-09-10,86.38999938964844,87.63999938964844,85.4000015258789,86.68000030517578,80.4308090209961,2231800
2021-09-13,87.62999725341797,88.79000091552734,87.20999908447266,88.22000122070312,81.85978698730469,2403800
2021-09-14,88.76000213623047,88.83000183105469,86.5,87.54000091552734,81.22881317138672,1632700
2021-09-15,87.56999969482422,87.56999969482422,86.70999908447266,86.87999725341797,80.61640167236328,1714500
2021-09-16,86.87999725341797,88.13999938964844,86.41999816894531,87.80999755859375,81.4793472290039,1533400
2021-09-17,87.0999984741211,87.33000183105469,85.58999633789062,85.83000183105469,79.64209747314453,3531800
2021-09-20,85.04000091552734,86.86000061035156,84.51000213623047,85.75,79.56785583496094,1960700
2021-09-21,86.31999969482422,87.6500015258789,85.9000015258789,85.94000244140625,79.7441635131836,1417600
2021-09-22,86.63999938964844,86.77999877929688,85.29000091552734,85.44000244140625,79.28021240234375,1657000
2021-09-23,85.75,86.8499984741211,85.52999877929688,85.73999786376953,79.55857849121094,1638400
2021-09-24,85.23999786376953,85.66999816894531,82.62000274658203,83.30000305175781,77.29450225830078,1918800
2021-09-27,83.52999877929688,85.13999938964844,82.7699966430664,82.79000091552734,76.82125091552734,1733700
2021-09-28,82.2300033569336,83.48999786376953,81.5999984741211,83.0999984741211,77.10891723632812,2203900
2021-09-29,83.30999755859375,84.2300033569336,83.25,83.79000091552734,77.7491683959961,1702700
2021-09-30,84.37999725341797,84.37999725341797,82.16999816894531,82.4000015258789,76.45938110351562,2809100
2021-10-01,83.0999984741211,84.27999877929688,82.44000244140625,83.8499984741211,77.80485534667969,1213000
2021-10-04,83.44000244140625,84.44999694824219,83.19000244140625,83.7300033569336,77.6935043334961,1269800
2021-10-05,83.83000183105469,83.83000183105469,81.70999908447266,81.73999786376953,75.84695434570312,1569700
2021-10-06,81.11000061035156,83.41000366210938,80.01000213623047,83.19999694824219,77.20170593261719,2083200
2021-10-07,83.80000305175781,84.36000061035156,82.70999908447266,82.93000030517578,76.95116424560547,1027400
2021-10-08,82.87000274658203,83.33999633789062,82.5,82.69000244140625,76.72847747802734,766300
2021-10-11,82.22000122070312,83.36000061035156,81.70999908447266,82.83999633789062,76.86766815185547,761000
2021-10-12,82.79000091552734,84.16999816894531,82.4800033569336,83.29000091552734,77.28520965576172,1343100
2021-10-13,82.91000366210938,83.44000244140625,82.29000091552734,83.29000091552734,77.28520965576172,1109800
2021-10-14,83.95999908447266,84.55999755859375,83.66999816894531,83.94999694824219,77.89762878417969,1729300
2021-10-15,84.69999694824219,84.8499984741211,83.72000122070312,84.11000061035156,78.04609680175781,1472400
2021-10-18,83.54000091552734,84.11000061035156,82.93000030517578,83.36000061035156,77.35017395019531,1765600
2021-10-19,83.79000091552734,84.2699966430664,83.37000274658203,84.06999969482422,78.00897216796875,1170400
2021-10-20,84.06999969482422,85.19000244140625,83.91000366210938,84.58000183105469,78.48221588134766,1454700
2021-10-21,84.80000305175781,85.05999755859375,82.97000122070312,83.1500015258789,77.15530395507812,1553600
2021-10-22,83.2300033569336,83.94000244140625,80.83000183105469,81.04000091552734,75.19742584228516,2352700
2021-10-25,81.23999786376953,82.08999633789062,79.73999786376953,80.9800033569336,75.14176177978516,2843100
2021-10-26,80.95999908447266,81.30999755859375,80.4000015258789,80.43000030517578,74.63140106201172,2415300
2021-10-27,80.79000091552734,82.69000244140625,80.41000366210938,82.30000305175781,76.3666000366211,2057700
2021-10-28,82.30000305175781,82.83000183105469,81.75,82.7300033569336,76.76559448242188,1165700
2021-10-29,82.22000122070312,82.44000244140625,79.5199966430664,80.4000015258789,74.60357666015625,3692500
2021-11-01,80.37000274658203,82.58999633789062,79.91999816894531,82.44999694824219,76.50577545166016,1626600
2021-11-02,82.94000244140625,82.98999786376953,81.36000061035156,81.88999938964844,75.98614501953125,1866400
2021-11-03,81.9800033569336,83.30999755859375,81.75,82.81999969482422,76.84910583496094,1631000
2021-11-04,82.95999908447266,83.16000366210938,79.70999908447266,80.47000122070312,74.66852569580078,3057000
2021-11-05,82.94000244140625,86.02999877929688,81.19000244140625,84.5999984741211,78.50077056884766,2718100
2021-11-08,84.45999908447266,85.87000274658203,83.9800033569336,84.76000213623047,78.64923858642578,2375100
2021-11-09,85.08000183105469,86.23999786376953,84.16000366210938,85.38999938964844,79.23381805419922,2060000
2021-11-10,85.54000091552734,87.63999938964844,85.54000091552734,87.01000213623047,80.73702239990234,3049500
2021-11-11,86.77999877929688,87.08000183105469,85.04000091552734,85.2300033569336,79.0853500366211,1868000
2021-11-12,85.1500015258789,85.91000366210938,84.72000122070312,85.55000305175781,79.38228607177734,1212100
2021-11-15,85.5199966430664,85.5199966430664,83.29000091552734,84.2300033569336,78.71874237060547,1436300
2021-11-16,84.29000091552734,84.5,82.91999816894531,84.0,78.5037841796875,1994700
2021-11-17,83.63999938964844,86.51000213623047,82.93000030517578,86.22000122070312,80.57852935791016,2343900
2021-11-18,86.23999786376953,86.6500015258789,85.20999908447266,86.1500015258789,80.51311492919922,1483200
2021-11-19,86.08999633789062,86.79000091552734,83.8499984741211,84.19000244140625,78.68135070800781,2115100
2021-11-22,83.63999938964844,85.0,83.25,84.01000213623047,78.51312255859375,1618100
2021-11-23,84.72000122070312,86.4800033569336,84.37999725341797,85.77999877929688,80.16731262207031,1567100
2021-11-24,85.87000274658203,87.2699966430664,85.87000274658203,87.06999969482422,81.37290954589844,1512900
2021-11-26,84.93000030517578,85.25,81.77999877929688,81.91999816894531,76.55987548828125,1879400
2021-11-29,82.33999633789062,83.68000030517578,81.9800033569336,82.04000091552734,76.67203521728516,2684600
2021-11-30,81.47000122070312,81.83999633789062,79.20999908447266,79.62000274658203,74.41036987304688,4177800
2021-12-01,80.62999725341797,82.1500015258789,79.26000213623047,79.36000061035156,74.1673812866211,2148400
2021-12-02,80.05999755859375,82.7699966430664,79.79000091552734,82.08000183105469,76.70941925048828,2401000
2021-12-03,82.2300033569336,82.55999755859375,79.94999694824219,80.4000015258789,75.13935089111328,2880000
2021-12-06,81.2699966430664,83.94000244140625,81.2699966430664,83.04000091552734,77.60660552978516,1823100
2021-12-07,83.98999786376953,85.3499984741211,83.52999877929688,84.77999877929688,79.23274993896484,2301700
2021-12-08,85.05999755859375,86.16000366210938,84.5,85.69999694824219,80.0925521850586,2421100
2021-12-09,85.11000061035156,85.45999908447266,84.13999938964844,84.1500015258789,78.64396667480469,1772800
2021-12-10,84.70999908447266,84.93000030517578,82.2699966430664,82.70999908447266,77.29817962646484,2019800
2021-12-13,82.19000244140625,84.05000305175781,81.73999786376953,83.44000244140625,77.98043060302734,2079500
2021-12-14,83.44000244140625,83.98999786376953,81.23999786376953,82.19000244140625,76.81221771240234,2311000
2021-12-15,82.4000015258789,83.47000122070312,81.86000061035156,82.94999694824219,77.52249145507812,2486100
2021-12-16,83.0,84.47000122070312,82.18000030517578,83.0999984741211,77.66267395019531,2426700
2021-12-17,83.0999984741211,84.44999694824219,81.94000244140625,83.19999694824219,77.7561264038086,7156500
2021-12-20,80.2699966430664,81.63999938964844,80.02999877929688,80.33000183105469,75.07390594482422,2786000
2021-12-21,81.19999694824219,83.37000274658203,80.83999633789062,82.63999938964844,77.2327651977539,1474100
2021-12-22,82.94999694824219,83.37000274658203,82.08999633789062,82.95999908447266,77.5318374633789,1952500
2021-12-23,83.25,83.58000183105469,81.93000030517578,82.79000091552734,77.3729476928711,1228400
2021-12-27,82.6500015258789,84.08000183105469,81.73999786376953,84.04000091552734,78.54116821289062,1381200
2021-12-28,83.7699966430664,84.8499984741211,83.61000061035156,84.7300033569336,79.18602752685547,1224800
2021-12-29,84.69999694824219,85.33000183105469,83.33999633789062,85.11000061035156,79.5411605834961,1219600
2021-12-30,84.93000030517578,86.3499984741211,84.93000030517578,85.9000015258789,80.27946472167969,1380000
2021-12-31,85.72000122070312,86.69000244140625,85.58000183105469,85.7699966430664,80.157958984375,1301100
2022-01-03,86.16000366210938,87.12000274658203,84.41000366210938,85.55999755859375,79.96171569824219,2170200
2022-01-04,85.79000091552734,88.68000030517578,85.72000122070312,88.13999938964844,82.3729019165039,2885300
2022-01-05,88.66999816894531,89.56999969482422,86.81999969482422,86.9800033569336,81.28881072998047,1770100
2022-01-06,87.68000030517578,88.25,86.94000244140625,87.62999725341797,81.89627075195312,1297300
2022-01-07,87.61000061035156,89.43000030517578,86.79000091552734,87.83000183105469,82.08318328857422,2817400
2022-01-10,87.41999816894531,87.61000061035156,86.66999816894531,87.54000091552734,81.8121566772461,2519700
2022-01-11,87.5,87.58000183105469,84.76000213623047,86.33000183105469,80.68132781982422,1843200
2022-01-12,86.04000091552734,87.18000030517578,85.94000244140625,86.30999755859375,80.66263580322266,1888100
2022-01-13,86.52999877929688,88.27999877929688,85.87999725341797,87.70999908447266,81.97102355957031,2236600
2022-01-14,87.58999633789062,88.18000030517578,86.36000061035156,87.51000213623047,81.78411865234375,1807100
2022-01-18,87.3499984741211,87.58000183105469,86.01000213623047,87.18000030517578,81.47571563720703,2078800
2022-01-19,87.76000213623047,87.86000061035156,85.45999908447266,85.52999877929688,79.93368530273438,2459300
2022-01-20,86.18000030517578,88.04000091552734,85.80000305175781,85.9800033569336,80.3542251586914,2109500
2022-01-21,86.6500015258789,88.31999969482422,86.27999877929688,87.51000213623047,81.78411865234375,3205500
2022-01-24,86.68000030517578,86.8499984741211,83.2699966430664,86.0199966430664,80.39160919189453,3765500
2022-01-25,84.9800033569336,85.95999908447266,83.36000061035156,85.52999877929688,79.93368530273438,3023700
2022-01-26,86.01000213623047,87.8499984741211,83.1500015258789,83.8499984741211,78.36360931396484,2667200
2022-01-27,84.51000213623047,86.2300033569336,83.11000061035156,83.41999816894531,77.96174621582031,2660300
2022-01-28,83.41999816894531,84.11000061035156,80.66000366210938,84.05999755859375,78.55986022949219,3123300
2022-01-31,83.38999938964844,86.62999725341797,83.38999938964844,86.62999725341797,80.96170043945312,4174000
2022-02-01,86.0,86.36000061035156,84.08000183105469,84.66000366210938,79.12059783935547,2082000
2022-02-02,85.13999938964844,86.19999694824219,84.69000244140625,84.8499984741211,79.29818725585938,1945800
2022-02-03,84.47000122070312,84.55000305175781,82.66999816894531,82.76000213623047,77.34491729736328,1624200
2022-02-04,81.72000122070312,82.19000244140625,78.91999816894531,80.43000030517578,75.16737365722656,2114900
2022-02-07,80.5,81.16999816894531,80.30000305175781,80.7300033569336,75.44774627685547,1770300
2022-02-08,80.98999786376953,81.29000091552734,79.62000274658203,79.98999786376953,74.75617218017578,1844300
2022-02-09,81.05999755859375,81.9000015258789,80.45999908447266,81.80000305175781,76.44773864746094,2129500
2022-02-10,80.95999908447266,82.22000122070312,80.12000274658203,80.68000030517578,75.40101623535156,2113100
2022-02-11,80.68000030517578,81.37999725341797,79.25,80.11000061035156,74.86831665039062,2597000
2022-02-14,80.45999908447266,81.33000183105469,79.12999725341797,79.66999816894531,74.45709228515625,2205000
2022-02-15,80.26000213623047,81.31999969482422,79.83000183105469,81.16000366210938,75.84961700439453,2775700
2022-02-16,84.47000122070312,84.47000122070312,82.55999755859375,83.88999938964844,78.40098571777344,4564500
2022-02-17,83.19999694824219,83.87999725341797,81.41000366210938,82.13999938964844,76.76548767089844,3394100
2022-02-18,81.5999984741211,84.29000091552734,81.45999908447266,82.86000061035156,77.4383773803711,3612300
2022-02-22,82.73999786376953,83.41000366210938,81.97000122070312,82.95999908447266,77.5318374633789,3631800
2022-02-23,83.0999984741211,83.98999786376953,80.75,80.88999938964844,75.59727478027344,2212400
2022-02-24,79.36000061035156,82.31999969482422,78.94999694824219,82.0199966430664,76.65332794189453,2335400
2022-02-25,82.66999816894531,84.43000030517578,81.83999633789062,84.30999755859375,78.79350280761719,2241500
2022-02-28,82.61000061035156,84.33000183105469,82.41000366210938,83.29000091552734,78.40753173828125,4314300
2022-03-01,83.38999938964844,83.72000122070312,81.06999969482422,82.33999633789062,77.51322937011719,2044900
2022-03-02,82.94999694824219,85.20999908447266,82.9000015258789,84.3499984741211,79.4053955078125,2146800
2022-03-03,84.63999938964844,85.45999908447266,83.52999877929688,85.37000274658203,80.36561584472656,1840600
2022-03-04,84.4800033569336,87.23999786376953,84.4800033569336,87.08000183105469,81.97537231445312,2521700
2022-03-07,86.98999786376953,88.44999694824219,86.80999755859375,86.91999816894531,81.82475280761719,2089400
2022-03-08,86.9800033569336,89.47000122070312,86.2300033569336,88.33000183105469,83.152099609375,2682700
2022-03-09,89.5,90.0999984741211,88.58000183105469,88.76000213623047,83.55689239501953,1768600
2022-03-10,88.0999984741211,90.44000244140625,87.30999755859375,90.44000244140625,85.13841247558594,2155200
2022-03-11,91.75,92.7699966430664,90.87000274658203,91.20999908447266,85.86327362060547,2790200
2022-03-14,91.79000091552734,92.83999633789062,90.93000030517578,90.97000122070312,85.63734436035156,2450900
2022-03-15,91.33999633789062,91.98999786376953,89.45999908447266,90.19999694824219,84.91246795654297,1306900
2022-03-16,90.77999877929688,91.77999877929688,88.72000122070312,90.70999908447266,85.392578125,2142900
2022-03-17,90.5199966430664,92.4800033569336,90.19000244140625,92.01000213623047,86.61637878417969,1938700
2022-03-18,91.6500015258789,92.80000305175781,91.33999633789062,92.16999816894531,86.76698303222656,3593700
2022-03-21,92.62000274658203,93.2300033569336,91.9800033569336,92.69999694824219,87.26591491699219,1602800
2022-03-22,93.30000305175781,94.61000061035156,92.41999816894531,92.62000274658203,87.19061279296875,2588100
2022-03-23,92.80000305175781,93.37999725341797,91.33000183105469,92.83000183105469,87.38831329345703,1759200
2022-03-24,92.80000305175781,94.77999877929688,92.2300033569336,94.66000366210938,89.11103820800781,2256900
2022-03-25,95.0,96.31999969482422,94.97000122070312,96.22000122070312,90.57957458496094,1488700
2022-03-28,96.52999877929688,96.61000061035156,95.6500015258789,96.26000213623047,90.61724853515625,1653200
2022-03-29,96.91000366210938,98.47000122070312,96.58999633789062,98.30999755859375,92.54706573486328,2635600
2022-03-30,97.79000091552734,98.25,96.83000183105469,97.86000061035156,92.12345886230469,1839200
2022-03-31,97.86000061035156,98.16000366210938,96.0999984741211,96.13999938964844,90.50425720214844,2689000
2022-04-01,97.0,97.8499984741211,96.62000274658203,97.81999969482422,92.08578491210938,1969800
2022-04-04,99.1500015258789,99.43000030517578,96.66000366210938,97.66999816894531,91.94457244873047,2186400
2022-04-05,97.16999816894531,98.26000213623047,95.13999938964844,95.69000244140625,90.08065032958984,1930300
2022-04-06,95.5,97.29000091552734,94.58000183105469,97.05999755859375,91.3703384399414,1997500
2022-04-07,96.75,97.05000305175781,95.3499984741211,96.29000091552734,90.6454849243164,1973000
2022-04-08,96.80999755859375,97.12000274658203,96.25,96.9800033569336,91.2950439453125,1275700
2022-04-11,97.13999938964844,97.6500015258789,96.12000274658203,96.37000274658203,90.72077941894531,1448200
2022-04-12,96.36000061035156,97.41999816894531,95.16000366210938,96.55999755859375,90.899658203125,2048500
2022-04-13,97.0,97.5,95.94999694824219,96.9000015258789,91.21971893310547,1647900
2022-04-14,97.4000015258789,98.41999816894531,95.86000061035156,96.02999877929688,90.40071105957031,1697800
2022-04-18,95.83999633789062,96.62999725341797,95.56999969482422,96.48999786376953,90.83375549316406,2233400
2022-04-19,97.13999938964844,97.76000213623047,95.98999786376953,96.77999877929688,91.10675811767578,1575900
2022-04-20,96.62999725341797,98.1500015258789,96.38999938964844,97.51000213623047,91.7939682006836,2441800
2022-04-21,97.91999816894531,98.2699966430664,97.12999725341797,97.30000305175781,91.59627532958984,2477900
2022-04-22,96.37000274658203,96.83999633789062,94.7300033569336,94.94000244140625,89.37462615966797,1917600
2022-04-25,94.8499984741211,95.73999786376953,93.9000015258789,95.55999755859375,89.95825958251953,2366900
2022-04-26,95.29000091552734,96.38999938964844,94.7699966430664,95.26000213623047,89.67587280273438,1957400
2022-04-27,95.4800033569336,95.62000274658203,92.83999633789062,93.23999786376953,87.77426147460938,1910900
2022-04-28,93.20999908447266,94.6500015258789,92.62999725341797,94.44000244140625,88.90393829345703,1484000
2022-04-29,94.19999694824219,94.62000274658203,90.58999633789062,90.80999755859375,85.48670959472656,2480300
2022-05-02,91.37999725341797,92.33000183105469,88.58999633789062,90.12000274658203,84.837158203125,2449200
2022-05-03,90.47000122070312,92.30999755859375,88.48999786376953,90.69000244140625,85.37374877929688,4185600
2022-05-04,90.23999786376953,90.7699966430664,87.91000366210938,90.22000122070312,84.9312973022461,2895900
2022-05-05,90.04000091552734,91.12999725341797,89.19999694824219,89.97000122070312,84.69597625732422,2418700
2022-05-06,88.81999969482422,89.12000274658203,87.22000122070312,88.43000030517578,83.24623107910156,2646700
2022-05-09,87.7699966430664,88.88999938964844,86.72000122070312,87.05999755859375,81.95654296875,2632400
2022-05-10,87.80000305175781,88.19000244140625,85.0199966430664,85.80000305175781,80.77040100097656,3375000
2022-05-11,85.44999694824219,88.8499984741211,84.83999633789062,86.98999786376953,81.89063262939453,3329300
2022-05-12,87.13999938964844,87.16999816894531,85.55000305175781,87.08000183105469,81.97537231445312,2111600
2022-05-13,87.63999938964844,88.44999694824219,86.91999816894531,88.37000274658203,83.18975067138672,2224900
2022-05-16,88.7699966430664,89.20999908447266,88.30999755859375,88.8499984741211,83.6416015625,1790800
2022-05-17,89.54000091552734,89.69999694824219,88.0999984741211,89.66000366210938,84.40413665771484,2502700
2022-05-18,90.37999725341797,90.69000244140625,87.83999633789062,88.22000122070312,83.04853820800781,2048600
2022-05-19,87.62000274658203,88.93000030517578,87.06999969482422,87.5199966430664,82.38957214355469,2132100
2022-05-20,88.83000183105469,89.12000274658203,86.94999694824219,88.11000061035156,82.94499969482422,2464100
2022-05-23,88.25,89.0,87.06999969482422,87.70999908447266,83.14405822753906,2151900
2022-05-24,87.55000305175781,88.43000030517578,85.68000030517578,88.41999816894531,83.81708526611328,2258100
2022-05-25,88.12000274658203,89.25,88.12000274658203,88.94999694824219,84.31948852539062,2051000
2022-05-26,89.72000122070312,90.18000030517578,88.31999969482422,88.58000183105469,83.96878051757812,1960400
2022-05-27,88.94000244140625,90.3499984741211,88.91000366210938,90.16999816894531,85.47599029541016,2133900
2022-05-31,89.25,89.68000030517578,88.66000366210938,89.08999633789062,84.45221710205078,7252500
2022-06-01,88.94999694824219,89.1500015258789,86.43000030517578,88.16000366210938,83.57063293457031,2352000
2022-06-02,87.87999725341797,88.95999908447266,86.27999877929688,88.87000274658203,84.2436752319336,1914900
2022-06-03,88.62000274658203,88.94999694824219,87.44999694824219,88.0,83.4189453125,1538900
2022-06-06,88.70999908447266,88.70999908447266,86.80999755859375,87.13999938964844,82.60372924804688,1425500
2022-06-07,86.91000366210938,89.44999694824219,86.91000366210938,89.30000305175781,84.65129089355469,1899300
2022-06-08,88.93000030517578,89.08999633789062,85.66999816894531,85.9800033569336,81.50411224365234,1967800
2022-06-09,85.2699966430664,85.8499984741211,83.16999816894531,83.2300033569336,78.89727783203125,1956000
2022-06-10,82.41000366210938,83.2300033569336,81.70999908447266,82.06999969482422,77.79766082763672,2234800
2022-06-13,80.26000213623047,80.83000183105469,77.45999908447266,77.8499984741211,73.79733276367188,2500100
2022-06-14,77.80000305175781,78.61000061035156,76.77999877929688,77.44999694824219,73.41816711425781,2823000
2022-06-15,78.20999908447266,79.4800033569336,77.25,78.44999694824219,74.36610412597656,3573200
2022-06-16,77.41000366210938,78.86000061035156,76.62999725341797,77.69999694824219,73.65514373779297,2754800
2022-06-17,77.41999816894531,79.12999725341797,76.55999755859375,77.6500015258789,73.60774993896484,9174300
2022-06-21,78.05999755859375,80.55000305175781,78.05999755859375,78.68000030517578,74.58413696289062,2525700
2022-06-22,78.12999725341797,80.95999908447266,78.12999725341797,79.7699966430664,75.61737823486328,2282100
2022-06-23,80.25,82.08000183105469,79.54000091552734,81.70999908447266,77.4563980102539,2668100
2022-06-24,82.06999969482422,83.86000061035156,81.56999969482422,83.36000061035156,79.02051544189453,3299700
2022-06-27,83.11000061035156,84.66999816894531,82.4800033569336,83.16999816894531,78.84039306640625,1992600
2022-06-28,83.77999877929688,84.76000213623047,82.73999786376953,82.87999725341797,78.56548309326172,1454700
2022-06-29,82.68000030517578,83.69000244140625,82.68000030517578,83.2300033569336,78.89727783203125,1529400
2022-06-30,82.8499984741211,83.48999786376953,81.88999938964844,82.3499984741211,78.06307983398438,2500500
2022-07-01,81.94000244140625,83.41000366210938,81.52999877929688,83.20999908447266,78.87831115722656,1724900
2022-07-05,82.7300033569336,82.8499984741211,79.98999786376953,82.36000061035156,78.07257080078125,1819000
2022-07-06,82.7300033569336,83.45999908447266,81.63999938964844,81.66999816894531,77.4184799194336,1347400
2022-07-07,81.55999755859375,82.45999908447266,81.18000030517578,81.72000122070312,77.46587371826172,1439600
2022-07-08,81.75,82.73999786376953,81.47000122070312,82.11000061035156,77.83557891845703,1336900
2022-07-11,82.0199966430664,82.5999984741211,81.47000122070312,82.11000061035156,77.83557891845703,971000
2022-07-12,81.66999816894531,83.5199966430664,81.61000061035156,82.44000244140625,78.14840698242188,1467900
2022-07-13,81.54000091552734,82.19999694824219,80.81999969482422,81.91000366210938,77.64598846435547,2150400
2022-07-14,80.5,81.66000366210938,79.77999877929688,80.0999984741211,75.93020629882812,2771100
2022-07-15,81.19000244140625,81.4800033569336,80.20999908447266,81.22000122070312,76.99191284179688,2078600
2022-07-18,81.4800033569336,81.83000183105469,80.41000366210938,80.79000091552734,76.58428955078125,1586600
2022-07-19,81.18000030517578,82.30999755859375,80.69999694824219,82.12999725341797,77.85453033447266,2123200
2022-07-20,82.02999877929688,82.5999984741211,80.97000122070312,81.38999938964844,77.1530532836914,1551800
2022-07-21,81.05000305175781,81.33999633789062,79.22000122070312,81.33000183105469,77.09619140625,1696000
2022-07-22,82.27999877929688,83.19999694824219,81.7699966430664,82.83000183105469,78.51809692382812,1686000
2022-07-25,82.55000305175781,84.19000244140625,82.12999725341797,84.12000274658203,79.74093627929688,1745800
2022-07-26,84.58999633789062,85.31999969482422,84.19000244140625,84.91999816894531,80.49930572509766,2263200
2022-07-27,84.68000030517578,85.62000274658203,84.11000061035156,84.52999877929688,80.12960052490234,1392900
2022-07-28,85.02999877929688,86.04000091552734,84.47000122070312,85.9800033569336,81.50411224365234,1561600
2022-07-29,86.0,86.83000183105469,85.41999816894531,86.33999633789062,81.84537506103516,3905700
2022-08-01,86.16000366210938,86.70999908447266,85.87000274658203,85.9800033569336,81.50411224365234,1322100
2022-08-02,85.83000183105469,86.33000183105469,83.5999984741211,83.66999816894531,79.31436920166016,1853700
2022-08-03,83.87000274658203,84.58000183105469,82.37999725341797,82.41000366210938,78.11995697021484,2280100
2022-08-04,82.5,82.5,80.4800033569336,81.0,76.78336334228516,2569700
2022-08-05,80.5,80.9800033569336,79.13999938964844,80.68000030517578,76.48001098632812,2911100
2022-08-08,81.6500015258789,82.41000366210938,81.25,81.5999984741211,77.35211944580078,2063600
2022-08-09,81.73999786376953,82.80000305175781,81.45999908447266,82.66000366210938,78.35694885253906,2889100
2022-08-10,82.55000305175781,83.48999786376953,80.81999969482422,83.30999755859375,78.97309875488281,2909100
2022-08-11,82.75,83.19000244140625,80.75,81.2300033569336,77.00139617919922,2985900
2022-08-12,81.9800033569336,82.79000091552734,81.66999816894531,82.69000244140625,78.38538360595703,1954800
2022-08-15,82.66999816894531,82.87999725341797,81.30000305175781,81.69000244140625,77.43743133544922,1249100
2022-08-16,81.5,81.58000183105469,80.2699966430664,80.66000366210938,76.46105194091797,1986300
2022-08-17,80.16000366210938,81.87999725341797,80.12000274658203,81.56999969482422,77.32367706298828,1922600
2022-08-18,81.58000183105469,81.9800033569336,79.47000122070312,80.0,75.83541870117188,2531300
2022-08-19,79.83999633789062,80.18000030517578,79.08000183105469,79.58000183105469,75.4372787475586,4554100
2022-08-22,78.77999877929688,79.41000366210938,78.12999725341797,79.13999938964844,75.59967041015625,2459300
2022-08-23,78.87999725341797,79.11000061035156,77.05999755859375,77.1500015258789,73.69869995117188,2562500
2022-08-24,76.97000122070312,78.19000244140625,76.91000366210938,77.51000213623047,74.04258728027344,2594200
2022-08-25,77.94000244140625,78.87000274658203,77.69999694824219,78.83999633789062,75.3130874633789,1845800
2022-08-26,78.9800033569336,78.9800033569336,77.26000213623047,77.33000183105469,73.87064361572266,1757200
2022-08-29,77.05999755859375,77.66999816894531,76.45999908447266,76.9000015258789,73.45988464355469,1868700
2022-08-30,76.94999694824219,77.51000213623047,75.95999908447266,76.11000061035156,72.7052230834961,2084100
2022-08-31,76.86000061035156,77.62000274658203,76.5,76.6500015258789,73.22106170654297,4030300
2022-09-01,76.2300033569336,76.62000274658203,75.80000305175781,76.58000183105469,73.15419006347656,2017500
2022-09-02,77.12000274658203,77.56999969482422,75.52999877929688,75.83000183105469,72.43775177001953,1679700
2022-09-06,76.43000030517578,77.0,75.54000091552734,76.27999877929688,72.86761474609375,1896300
2022-09-07,76.23999786376953,77.80999755859375,76.12000274658203,77.66999816894531,74.19542694091797,1435400
2022-09-08,77.2699966430664,78.19999694824219,76.26000213623047,76.37000274658203,72.95359802246094,2306400
2022-09-09,76.68000030517578,77.6500015258789,75.9800033569336,77.58999633789062,74.11901092529297,2547900
2022-09-12,78.05000305175781,79.27999877929688,77.9000015258789,78.26000213623047,74.75904083251953,2309900
2022-09-13,77.0,77.33999633789062,75.12999725341797,75.20999908447266,71.84547424316406,2490200
2022-09-14,74.61000061035156,75.18000030517578,72.62000274658203,73.9800033569336,70.6705093383789,3786900
2022-09-15,73.88999938964844,74.2300033569336,72.61000061035156,72.73999786376953,69.48597717285156,2928700
2022-09-16,72.55999755859375,72.95999908447266,70.55999755859375,72.81999969482422,69.56239318847656,7662000
2022-09-19,71.9800033569336,72.9800033569336,70.83999633789062,71.23999786376953,68.05307006835938,2818400
2022-09-20,70.37999725341797,70.68000030517578,69.12999725341797,69.55999755859375,66.44823455810547,2249500
2022-09-21,70.04000091552734,70.87000274658203,68.97000122070312,68.98999786376953,65.90371704101562,2023300
2022-09-22,68.70999908447266,68.83000183105469,67.23999786376953,68.25,65.19684600830078,1982600
2022-09-23,67.37000274658203,68.56999969482422,65.97000122070312,66.70999908447266,63.72572326660156,2723900
2022-09-26,66.41000366210938,66.47000122070312,64.5999984741211,65.7699966430664,62.82777404785156,3006000
2022-09-27,66.38999938964844,66.80000305175781,64.16999816894531,64.30999755859375,61.43309020996094,2467200
2022-09-28,64.9800033569336,65.93000030517578,64.04000091552734,65.41999816894531,62.49343490600586,1846500
2022-09-29,64.62999725341797,64.95999908447266,62.650001525878906,63.33000183105469,60.49694061279297,2844400
2022-09-30,63.70000076293945,64.66999816894531,62.959999084472656,64.31999969482422,61.442649841308594,3208500
2022-10-03,65.0999984741211,65.87000274658203,63.849998474121094,65.37999725341797,62.45522689819336,2560500
2022-10-04,65.36000061035156,66.33000183105469,63.400001525878906,64.37999725341797,61.499961853027344,4330900
2022-10-05,63.4900016784668,63.59000015258789,61.68000030517578,62.31999969482422,59.5321159362793,3007100
2022-10-06,61.97999954223633,62.18000030517578,59.56999969482422,59.7599983215332,57.08663558959961,2802100
2022-10-07,59.400001525878906,59.75,58.15999984741211,58.599998474121094,55.97853088378906,2773300
2022-10-10,58.150001525878906,58.58000183105469,57.36000061035156,57.369998931884766,54.803550720214844,3556200
2022-10-11,57.61000061035156,58.439998626708984,56.52000045776367,58.16999816894531,55.56776428222656,3054800
2022-10-12,57.91999816894531,58.310001373291016,56.91999816894531,57.90999984741211,55.31939697265625,2439500
2022-10-13,56.97999954223633,59.25,56.5,59.16999816894531,56.52302932739258,2623000
2022-10-14,59.900001525878906,59.900001525878906,57.7400016784668,57.84000015258789,55.25252914428711,2731200
2022-10-17,58.75,60.08000183105469,58.220001220703125,59.97999954223633,57.29679489135742,2579500
2022-10-18,60.810001373291016,61.54999923706055,60.029998779296875,60.66999816894531,57.9559326171875,2359900
2022-10-19,59.97999954223633,60.5099983215332,59.130001068115234,59.33000183105469,56.67587661743164,1709100
2022-10-20,59.31999969482422,59.90999984741211,58.599998474121094,58.97999954223633,56.34153366088867,1832500
2022-10-21,58.900001525878906,59.06999969482422,57.209999084472656,57.880001068115234,55.29073715209961,5553000
2022-10-24,58.27000045776367,58.56999969482422,56.65999984741211,57.5099983215332,54.937294006347656,3645700
2022-10-25,57.810001373291016,60.41999816894531,57.810001373291016,60.36000061035156,57.65979766845703,2659900
2022-10-26,60.5099983215332,61.29999923706055,60.16999816894531,60.400001525878906,57.69801330566406,3869900
2022-10-27,60.95000076293945,61.65999984741211,59.66999816894531,59.939998626708984,57.258583068847656,2349300
2022-10-28,60.0099983215332,61.689998626708984,59.650001525878906,61.5,58.74879837036133,2167800
2022-10-31,60.810001373291016,61.91999816894531,60.65999984741211,61.040000915527344,58.30937194824219,2275500
2022-11-01,60.709999084472656,61.09000015258789,59.86000061035156,60.099998474121094,57.41142654418945,1806300
2022-11-02,60.099998474121094,60.72999954223633,58.810001373291016,58.86000061035156,56.22690200805664,2287800
2022-11-03,58.15999984741211,58.880001068115234,57.099998474121094,58.400001525878906,55.787479400634766,2578300
2022-11-04,58.900001525878906,61.41999816894531,58.720001220703125,60.95000076293945,58.2234001159668,3314900
2022-11-07,61.75,62.31999969482422,60.72999954223633,61.459999084472656,58.7105827331543,2523900
2022-11-08,65.37000274658203,68.54000091552734,64.83000183105469,66.51000213623047,63.5346794128418,5087400
2022-11-09,66.25,68.16000366210938,66.20999908447266,66.5,63.525123596191406,4330400
2022-11-10,68.16000366210938,70.94000244140625,68.1500015258789,70.05999755859375,66.92586517333984,4430100
2022-11-11,70.30999755859375,71.7300033569336,70.30999755859375,71.58000183105469,68.37787628173828,3011900
2022-11-14,70.98999786376953,71.56999969482422,70.13999938964844,70.29000091552734,67.14558410644531,2378400
2022-11-15,71.16000366210938,71.22000122070312,69.11000061035156,69.91000366210938,66.7825927734375,2800200
2022-11-16,69.76000213623047,69.83000183105469,67.94999694824219,68.19999694824219,65.14907836914062,2600100
2022-11-17,66.56999969482422,67.2300033569336,65.68000030517578,66.72000122070312,64.31049346923828,2407500
2022-11-18,67.8499984741211,67.9800033569336,66.55000305175781,67.77999877929688,65.33221435546875,3805000
2022-11-21,67.73999786376953,68.23999786376953,66.88999938964844,68.18000030517578,65.71776580810547,2266900
2022-11-22,68.18000030517578,69.0,67.87999725341797,68.8499984741211,66.36357116699219,1885700
2022-11-23,68.48999786376953,69.47000122070312,68.38999938964844,69.3499984741211,66.84550476074219,1577400
2022-11-25,69.44999694824219,69.7300033569336,68.98999786376953,69.52999877929688,67.01901245117188,956600
2022-11-28,69.19000244140625,69.83999633789062,66.29000091552734,66.63999938964844,64.23338317871094,3256700
2022-11-29,66.88999938964844,69.23999786376953,66.80999755859375,69.19999694824219,66.700927734375,2401800
2022-11-30,69.0999984741211,71.52999877929688,68.62000274658203,71.02999877929688,68.46484375,9642500
2022-12-01,71.44999694824219,72.19999694824219,70.55999755859375,70.98999786376953,68.42628479003906,3345700
2022-12-02,70.38999938964844,71.52999877929688,69.66000366210938,71.08000183105469,68.51303100585938,2195100
2022-12-05,70.51000213623047,71.16999816894531,69.94999694824219,70.19000244140625,67.65518188476562,2978900
2022-12-06,70.5199966430664,70.5199966430664,67.93000030517578,68.19999694824219,65.7370376586914,3516500
2022-12-07,64.79000091552734,65.9800033569336,64.0199966430664,65.0,62.652610778808594,10394800
2022-12-08,65.19999694824219,66.66999816894531,65.02999877929688,65.69999694824219,63.32732391357422,3756800
2022-12-09,65.61000061035156,67.05999755859375,65.29000091552734,66.66999816894531,64.2623062133789,2779500
2022-12-12,66.69000244140625,66.88999938964844,64.98999786376953,65.7300033569336,63.35625457763672,3023800
2022-12-13,67.81999969482422,68.06999969482422,65.16999816894531,66.26000213623047,63.86710739135742,4433500
2022-12-14,66.20999908447266,68.58000183105469,65.98999786376953,67.3499984741211,64.91773986816406,3234400
2022-12-15,66.63999938964844,67.58999633789062,66.27999877929688,67.12000274658203,64.69605255126953,2512500
2022-12-16,66.05000305175781,66.55999755859375,63.58000183105469,64.31999969482422,61.997169494628906,8289900
2022-12-19,64.19000244140625,64.41999816894531,63.09000015258789,63.70000076293945,61.39955520629883,2413200
2022-12-20,63.0099983215332,63.93000030517578,62.619998931884766,63.54999923706055,61.25497055053711,2380600
2022-12-21,64.06999969482422,65.08999633789062,63.630001068115234,63.970001220703125,61.65980911254883,1777300
2022-12-22,63.16999816894531,64.56999969482422,63.0,64.52999877929688,62.199581146240234,1737900
2022-12-23,64.38999938964844,65.08000183105469,63.790000915527344,65.06999969482422,62.72007751464844,1148100
2022-12-27,65.05999755859375,66.3499984741211,64.91000366210938,65.94000244140625,63.55866622924805,1758000
2022-12-28,66.06999969482422,66.62000274658203,64.62999725341797,64.83999633789062,62.498382568359375,1648300
2022-12-29,65.47000122070312,66.23999786376953,64.75,65.83000183105469,63.45263671875,1422000
2022-12-30,65.63999938964844,66.01000213623047,64.7699966430664,65.55000305175781,63.1827507019043,1189700
2023-01-03,66.51000213623047,67.18000030517578,65.4800033569336,66.94999694824219,64.53217315673828,3086400
2023-01-04,67.69000244140625,69.41000366210938,67.48999786376953,68.83999633789062,66.35393524169922,2263700
2023-01-05,68.11000061035156,68.62000274658203,66.69000244140625,67.38999938964844,64.95629119873047,1761800
2023-01-06,67.7300033569336,70.0,67.4000015258789,69.77999877929688,67.2599868774414,1685000
2023-01-09,70.08999633789062,70.30999755859375,69.1500015258789,69.2699966430664,66.76840209960938,2207200
2023-01-10,68.72000122070312,69.01000213623047,67.95999908447266,68.98999786376953,66.49850463867188,2091100
2023-01-11,69.5999984741211,71.98999786376953,69.52999877929688,71.83000183105469,69.23595428466797,2144700
2023-01-12,72.0,72.7300033569336,71.58000183105469,72.0999984741211,69.4961929321289,2403200
2023-01-13,71.55000305175781,71.94999694824219,70.83000183105469,71.1500015258789,68.58051300048828,1376800
2023-01-17,71.29000091552734,72.08999633789062,71.05000305175781,71.70999908447266,69.12028503417969,1583000
2023-01-18,72.20999908447266,72.48999786376953,71.36000061035156,71.6500015258789,69.06245422363281,2985100
2023-01-19,71.29000091552734,72.27999877929688,71.29000091552734,71.6500015258789,69.06245422363281,2002200
2023-01-20,71.83000183105469,72.91000366210938,71.29000091552734,72.83000183105469,70.19983673095703,1843700
2023-01-23,72.72000122070312,74.5199966430664,72.19999694824219,74.27999877929688,71.59747314453125,2051200
2023-01-24,73.83000183105469,74.91999816894531,73.5,74.87999725341797,72.1758041381836,1528100
2023-01-25,74.69999694824219,74.83999633789062,73.41000366210938,73.86000061035156,71.19264221191406,1502800
2023-01-26,74.18000030517578,74.41000366210938,73.62999725341797,74.18000030517578,71.50108337402344,1274800
2023-01-27,74.30000305175781,75.56999969482422,73.47000122070312,75.19000244140625,72.47461700439453,2091600
2023-01-30,74.86000061035156,75.27999877929688,74.45999908447266,74.5199966430664,71.82879638671875,2349600
2023-01-31,74.37999725341797,75.0999984741211,73.86000061035156,75.04000091552734,72.33002471923828,2601900
2023-02-01,74.97000122070312,75.41999816894531,73.52999877929688,74.87999725341797,72.1758041381836,2266400
2023-02-02,75.48999786376953,76.72000122070312,74.81999969482422,76.2699966430664,73.5156021118164,1930800
2023-02-03,75.16000366210938,75.87999725341797,74.31999969482422,75.81999969482422,73.08186340332031,1648700
2023-02-06,74.93000030517578,75.36000061035156,73.68000030517578,74.5199966430664,71.82879638671875,1987100
2023-02-07,74.08000183105469,75.63999938964844,73.75,74.91999816894531,72.21436309814453,2332500
2023-02-08,74.73999786376953,75.44000244140625,74.30000305175781,75.0,72.2914810180664,1650200
2023-02-09,75.55000305175781,75.55000305175781,73.61000061035156,73.98999786376953,71.31793975830078,2483500
2023-02-10,73.7300033569336,75.58999633789062,73.55000305175781,75.27999877929688,72.56135559082031,2016700
2023-02-13,75.38999938964844,76.27999877929688,75.27999877929688,75.88999938964844,73.14933013916016,1298700
2023-02-14,75.51000213623047,76.38999938964844,75.1500015258789,75.75,73.0143814086914,1735600
2023-02-15,75.05999755859375,75.83000183105469,74.80000305175781,75.72000122070312,72.9854736328125,1865000
2023-02-16,74.22000122070312,78.54000091552734,73.70999908447266,78.05000305175781,75.2313232421875,2938100
2023-02-17,78.30000305175781,78.5,77.11000061035156,77.4000015258789,74.60479736328125,2544000
2023-02-21,77.13999938964844,77.51000213623047,75.83000183105469,76.81999969482422,74.04574584960938,2300900
2023-02-22,77.19000244140625,77.88999938964844,75.5,75.62000274658203,72.88907623291016,2199800
2023-02-23,75.86000061035156,76.44000244140625,75.08999633789062,76.16999816894531,73.41921997070312,1680500
2023-02-24,75.0,75.66000366210938,73.95999908447266,74.87000274658203,72.16616821289062,1927600
2023-02-27,75.05000305175781,75.61000061035156,73.72000122070312,74.2699966430664,72.1758804321289,1199700
2023-02-28,74.66000366210938,74.83000183105469,73.91999816894531,74.12000274658203,72.03012084960938,4664400
2023-03-01,73.55000305175781,73.72000122070312,71.51000213623047,73.08999633789062,71.02915954589844,2665900
2023-03-02,72.80000305175781,74.44999694824219,72.70999908447266,74.3499984741211,72.25361633300781,1677800
2023-03-03,74.86000061035156,75.83999633789062,74.69999694824219,75.30999755859375,73.18655395507812,1979800
2023-03-06,75.5999984741211,75.9800033569336,74.91000366210938,75.19000244140625,73.0699462890625,2880800
2023-03-07,75.04000091552734,75.04000091552734,73.76000213623047,73.97000122070312,71.88435363769531,4827600
2023-03-08,73.69000244140625,75.44999694824219,73.58000183105469,74.72000122070312,72.61318969726562,1732700
2023-03-09,74.5,74.94000244140625,72.37999725341797,72.44999694824219,70.40719604492188,4593000
2023-03-10,71.83999633789062,72.31999969482422,67.72000122070312,67.83000183105469,65.91747283935547,4106300
2023-03-13,67.2300033569336,69.6500015258789,66.72000122070312,69.20999908447266,67.25856018066406,2710300
2023-03-14,70.56999969482422,71.5999984741211,70.1500015258789,71.55999755859375,69.54229736328125,2347200
2023-03-15,70.69000244140625,71.33000183105469,69.94000244140625,71.25,69.24103546142578,2623800
2023-03-16,70.54000091552734,71.3499984741211,69.41999816894531,70.8499984741211,68.85232543945312,2916400
2023-03-17,70.19999694824219,71.16000366210938,68.58000183105469,68.75,66.8115234375,4939900
2023-03-20,69.13999938964844,69.9000015258789,68.66000366210938,69.12999725341797,67.1808090209961,3012000
2023-03-21,69.66000366210938,70.2300033569336,69.05000305175781,69.38999938964844,67.43347930908203,2465200
2023-03-22,68.98999786376953,69.16999816894531,66.0999984741211,66.16999816894531,64.30426788330078,2457100
2023-03-23,66.29000091552734,67.38999938964844,65.66000366210938,65.76000213623047,63.90583038330078,1743900
2023-03-24,65.44000244140625,67.55999755859375,65.18000030517578,67.4800033569336,65.57733917236328,1576700
2023-03-27,68.0,68.37000274658203,67.51000213623047,67.87999725341797,65.96604919433594,1765100
2023-03-28,67.45999908447266,69.12999725341797,67.05000305175781,68.7699966430664,66.83096313476562,2056500
2023-03-29,69.77999877929688,70.72000122070312,69.68000030517578,69.95999908447266,67.9874038696289,1984000
2023-03-30,70.62999725341797,71.19000244140625,70.1500015258789,70.94999694824219,68.94950103759766,1610100
2023-03-31,71.25,71.76000213623047,70.27999877929688,71.69000244140625,69.66863250732422,3648400
2023-04-03,71.95999908447266,72.6500015258789,71.13999938964844,71.7300033569336,69.70751190185547,2702700
2023-04-04,71.88999938964844,72.05999755859375,70.08000183105469,70.37999725341797,68.39556884765625,2150300
2023-04-05,70.3499984741211,71.26000213623047,70.12999725341797,70.55999755859375,68.57048797607422,1612200
2023-04-06,71.66999816894531,72.16000366210938,70.48999786376953,71.55000305175781,69.53257751464844,1858200
2023-04-10,71.23999786376953,72.86000061035156,70.91000366210938,72.81999969482422,70.76676940917969,1305100
2023-04-11,74.18000030517578,75.16999816894531,73.61000061035156,74.33999633789062,72.24391174316406,2369400
2023-04-12,75.1500015258789,75.36000061035156,74.4000015258789,74.62999725341797,72.5257339477539,1839000
2023-04-13,74.7300033569336,74.95999908447266,73.31999969482422,74.5,72.39939880371094,2032500
2023-04-14,74.83000183105469,75.12000274658203,73.66000366210938,74.08999633789062,72.00096130371094,1677100
2023-04-17,74.18000030517578,75.26000213623047,74.12000274658203,75.23999786376953,73.1185302734375,1753400
2023-04-18,75.16999816894531,75.52999877929688,74.6500015258789,75.44999694824219,73.32261657714844,1357400
2023-04-19,74.87000274658203,76.30999755859375,74.8499984741211,76.25,74.10005950927734,1296600
2023-04-20,76.19999694824219,76.30999755859375,75.25,75.87999725341797,73.74049377441406,1239400
2023-04-21,76.08000183105469,76.22000122070312,75.05000305175781,75.62999725341797,73.4975357055664,1494700
2023-04-24,75.94999694824219,76.05999755859375,74.45999908447266,75.33000183105469,73.20599365234375,1848800
2023-04-25,75.04000091552734,76.66000366210938,74.7699966430664,76.38999938964844,74.23611450195312,2247700
2023-04-26,76.0999984741211,76.94000244140625,75.75,76.16999816894531,74.02230834960938,2619800
2023-04-27,76.19999694824219,78.0,76.19999694824219,77.98999786376953,75.7909927368164,2109900
2023-04-28,78.25,79.2699966430664,77.95999908447266,79.22000122070312,76.98631286621094,2314000
2023-05-01,79.0,79.6500015258789,78.12000274658203,78.26000213623047,76.05339050292969,2025200
2023-05-02,78.11000061035156,78.47000122070312,76.76000213623047,77.3499984741211,75.16903686523438,2531900
2023-05-03,78.13999938964844,79.04000091552734,76.44999694824219,77.5199966430664,75.33423614501953,2281500
2023-05-04,77.69999694824219,78.20999908447266,75.93000030517578,76.9000015258789,74.73173522949219,2234100
2023-05-05,77.20999908447266,78.9800033569336,76.83999633789062,78.76000213623047,76.5392837524414,1697200
2023-05-08,77.36000061035156,77.98999786376953,76.19999694824219,76.33000183105469,74.17781066894531,4200500
2023-05-09,76.3499984741211,78.72000122070312,76.0,78.31999969482422,76.1116943359375,4261000
2023-05-10,78.80000305175781,79.69999694824219,77.94999694824219,79.37999725341797,77.14180755615234,2426300
2023-05-11,78.80000305175781,79.9000015258789,78.19000244140625,79.1500015258789,76.91829681396484,2530200
2023-05-12,79.12000274658203,79.58999633789062,78.80000305175781,79.30000305175781,77.0640640258789,1887300
2023-05-15,79.11000061035156,80.23999786376953,78.58000183105469,80.12999725341797,78.47430419921875,2221400
2023-05-16,80.30000305175781,80.30000305175781,77.4800033569336,77.52999877929688,75.92803192138672,2166300
2023-05-17,77.80999755859375,77.94000244140625,76.38999938964844,77.51000213623047,75.908447265625,1911000
2023-05-18,77.0,77.81999969482422,76.47000122070312,76.87999725341797,75.29146575927734,1943100
2023-05-19,77.26000213623047,77.5199966430664,76.12000274658203,76.54000091552734,74.95848846435547,1848000
2023-05-22,76.63999938964844,77.41999816894531,76.30999755859375,76.48999786376953,74.9095230102539,1457800
2023-05-23,76.4000015258789,77.33000183105469,76.08999633789062,76.16999816894531,74.59612274169922,1638000
2023-05-24,76.12000274658203,76.38999938964844,74.12000274658203,74.2300033569336,72.69622039794922,1925900
2023-05-25,74.5199966430664,74.5199966430664,72.47000122070312,73.62000274658203,72.09882354736328,1889200
2023-05-26,73.9000015258789,74.0,72.8499984741211,73.54000091552734,72.02047729492188,1569000
2023-05-30,73.30999755859375,74.1500015258789,72.83000183105469,73.12999725341797,71.61894226074219,1924000
2023-05-31,73.55000305175781,74.83999633789062,73.25,74.61000061035156,73.06836700439453,7307300
2023-06-01,74.08000183105469,75.11000061035156,73.27999877929688,74.61000061035156,73.06836700439453,1906400
2023-06-02,75.63999938964844,76.7699966430664,75.22000122070312,75.76000213623047,74.1946029663086,2002200
2023-06-05,75.8499984741211,76.25,75.41000366210938,76.08999633789062,74.51777648925781,1460000
2023-06-06,76.66999816894531,78.66999816894531,76.44000244140625,78.6500015258789,77.02489471435547,2382600
2023-06-07,79.43000030517578,80.7300033569336,78.87999725341797,80.41999816894531,78.75831604003906,2588100
2023-06-08,79.86000061035156,80.51000213623047,79.04000091552734,79.80000305175781,78.15113067626953,3036500
2023-06-09,80.0199966430664,81.1500015258789,79.55000305175781,81.0999984741211,79.42426300048828,2344100
2023-06-12,81.04000091552734,81.81999969482422,80.83000183105469,81.80999755859375,80.11959075927734,2834300
2023-06-13,81.75,82.61000061035156,81.5,81.94999694824219,80.25669860839844,2332700
2023-06-14,82.51000213623047,82.91999816894531,81.36000061035156,81.54000091552734,79.85517883300781,3196300
2023-06-15,81.51000213623047,81.51000213623047,79.41000366210938,80.1500015258789,78.493896484375,4333700
2023-06-16,80.5199966430664,81.97000122070312,79.9800033569336,80.41000366210938,78.74852752685547,11642800
2023-06-20,80.01000213623047,80.29000091552734,78.61000061035156,79.22000122070312,77.58311462402344,2655200
2023-06-21,78.70999908447266,79.12000274658203,78.01000213623047,78.98999786376953,77.35786437988281,2456100
2023-06-22,79.23999786376953,79.37999725341797,77.30000305175781,78.45999908447266,76.83880615234375,1625900
2023-06-23,77.91999816894531,78.54000091552734,75.86000061035156,76.27999877929688,74.703857421875,3670700
2023-06-26,76.55000305175781,79.68000030517578,76.43000030517578,79.56999969482422,77.92587280273438,2283600
2023-06-27,80.02999877929688,80.9800033569336,79.18000030517578,80.73999786376953,79.07170104980469,1604400
2023-06-28,80.37000274658203,80.56999969482422,79.63999938964844,80.05999755859375,78.40575408935547,1964000
2023-06-29,79.81999969482422,80.52999877929688,79.4800033569336,80.38999938964844,78.72893524169922,1891800
2023-06-30,80.91000366210938,81.22000122070312,79.44000244140625,80.88999938964844,79.2186050415039,4238300
2023-07-03,80.3499984741211,81.7699966430664,80.3499984741211,81.47000122070312,79.78661346435547,968900
2023-07-05,81.37999725341797,82.44999694824219,80.69000244140625,81.18000030517578,79.50260925292969,3081400
2023-07-06,80.05000305175781,80.43000030517578,78.38999938964844,80.29000091552734,78.6310043334961,1831000
2023-07-07,79.55999755859375,80.44999694824219,79.43000030517578,79.80999755859375,78.16091918945312,1427700
2023-07-10,79.56999969482422,79.8499984741211,78.31999969482422,79.16999816894531,77.53414916992188,1710400
2023-07-11,79.69000244140625,80.94999694824219,79.54000091552734,80.9000015258789,79.22840118408203,2501700
2023-07-12,82.0999984741211,82.2300033569336,79.6500015258789,79.69000244140625,78.04340362548828,2254400
2023-07-13,79.69000244140625,80.88999938964844,79.33999633789062,80.86000061035156,79.1892318725586,1866900
2023-07-14,80.01000213623047,80.31999969482422,79.12999725341797,79.9800033569336,78.32740783691406,2114600
2023-07-17,79.98999786376953,80.05999755859375,79.22000122070312,79.27999877929688,77.6418685913086,1199400
2023-07-18,79.4800033569336,79.4800033569336,77.9000015258789,78.5999984741211,76.97592163085938,1828500
2023-07-19,79.0,80.45999908447266,78.77999877929688,80.41999816894531,78.75831604003906,1857000
2023-07-20,80.52999877929688,82.05000305175781,80.0,82.01000213623047,80.31546783447266,1557100
2023-07-21,82.25,83.2699966430664,81.77999877929688,82.30999755859375,80.60926055908203,1529600
2023-07-24,82.27999877929688,82.9800033569336,82.19999694824219,82.66999816894531,80.96183013916016,1202600
2023-07-25,82.83000183105469,83.68000030517578,82.58999633789062,82.94000244140625,81.22624206542969,1708700
2023-07-26,82.81999969482422,83.9800033569336,82.30999755859375,83.23999786376953,81.5200424194336,1608500
2023-07-27,83.7699966430664,83.88999938964844,81.19000244140625,81.22000122070312,79.54178619384766,1487200
2023-07-28,81.97000122070312,82.2699966430664,80.5,81.01000213623047,79.33612823486328,1198400
2023-07-31,81.4000015258789,82.16000366210938,80.73999786376953,82.1500015258789,80.45257568359375,1910800
2023-08-01,81.77999877929688,85.23999786376953,81.55000305175781,84.5999984741211,82.85194396972656,2401300
2023-08-02,84.5,84.97000122070312,83.27999877929688,83.56999969482422,81.84323120117188,1582500
2023-08-03,83.25,83.94000244140625,81.44000244140625,83.79000091552734,82.05868530273438,2184000
2023-08-04,83.37999725341797,84.30999755859375,82.01000213623047,82.37999725341797,80.67781829833984,1737500
2023-08-07,82.69999694824219,85.08000183105469,82.69999694824219,84.79000091552734,83.03801727294922,1639800
2023-08-08,83.77999877929688,85.62999725341797,83.27999877929688,85.29000091552734,83.5276870727539,1512800
2023-08-09,84.69999694824219,86.04000091552734,84.27999877929688,85.47000122070312,83.7039794921875,1994000
2023-08-10,85.83000183105469,86.38999938964844,84.66000366210938,84.94999694824219,83.19470977783203,1420400
2023-08-11,84.76000213623047,85.73999786376953,83.9000015258789,84.26000213623047,82.51897430419922,1872500
2023-08-14,83.25,84.63999938964844,82.98999786376953,84.27999877929688,83.14045715332031,1803500
2023-08-15,83.8499984741211,84.66000366210938,83.02999877929688,83.2699966430664,82.14411163330078,1600800
2023-08-16,83.3499984741211,84.12999725341797,82.81999969482422,83.25,82.12438201904297,2216000
2023-08-17,83.51000213623047,84.30000305175781,81.7699966430664,81.79000091552734,80.68412017822266,1883100
2023-08-18,80.93000030517578,81.73999786376953,80.58999633789062,81.19999694824219,80.10209655761719,2170100
2023-08-21,81.19999694824219,81.69999694824219,80.12000274658203,80.31999969482422,79.23399353027344,2207300
2023-08-22,80.62000274658203,80.6500015258789,79.62999725341797,79.8499984741211,78.77034759521484,1642900
2023-08-23,80.16000366210938,81.1500015258789,79.83999633789062,81.0,79.9048080444336,1641800
2023-08-24,80.93000030517578,82.13999938964844,80.2699966430664,80.36000061035156,79.2734603881836,1537700
2023-08-25,80.56999969482422,81.58000183105469,80.41000366210938,81.02999877929688,79.93439483642578,1388700
2023-08-28,81.16000366210938,82.25,81.16000366210938,81.29000091552734,80.19087982177734,767900
2023-08-29,81.29000091552734,83.13999938964844,81.0,83.05999755859375,81.93694305419922,1492900
2023-08-30,83.04000091552734,83.37999725341797,82.44000244140625,82.91000366210938,81.78898620605469,1381900
2023-08-31,83.0199966430664,83.41000366210938,82.62000274658203,82.87999725341797,81.75938415527344,3081800
2023-09-01,83.31999969482422,83.76000213623047,82.25,82.63999938964844,81.52262878417969,1311900
2023-09-05,82.66000366210938,83.01000213623047,80.41000366210938,80.86000061035156,79.76669311523438,1611300
2023-09-06,81.22000122070312,82.55999755859375,80.8499984741211,81.9800033569336,80.8715591430664,1987900
2023-09-07,82.20999908447266,83.25,81.9800033569336,82.55000305175781,81.43385314941406,1388100
2023-09-08,82.55000305175781,83.05000305175781,82.08999633789062,82.5999984741211,81.48316955566406,1151000
2023-09-11,83.02999877929688,83.91999816894531,82.77999877929688,83.73999786376953,82.60775756835938,1669600
2023-09-12,83.20999908447266,84.3499984741211,83.19000244140625,83.58999633789062,82.45977783203125,1761100
2023-09-13,83.55999755859375,84.16999816894531,82.38999938964844,82.58000183105469,81.46344757080078,1849600
2023-09-14,83.61000061035156,84.80999755859375,83.5999984741211,84.51000213623047,83.36734771728516,2842700
2023-09-15,84.12000274658203,85.16000366210938,83.81999969482422,84.37000274658203,83.22924041748047,7622100
2023-09-18,84.52999877929688,85.25,83.7300033569336,84.79000091552734,83.64356231689453,2163100
2023-09-19,84.9800033569336,85.26000213623047,83.73999786376953,83.73999786376953,82.60775756835938,2371400
2023-09-20,84.8499984741211,86.72000122070312,84.22000122070312,85.26000213623047,84.10720825195312,2117500
2023-09-21,84.95999908447266,85.33999633789062,83.55000305175781,83.73999786376953,82.60775756835938,2532500
2023-09-22,83.66999816894531,84.37000274658203,82.69999694824219,82.83000183105469,81.7100601196289,2537200
2023-09-25,82.38999938964844,83.37999725341797,82.2699966430664,83.19000244140625,82.06519317626953,1336800
2023-09-26,82.58999633789062,82.80999755859375,81.02999877929688,81.08999633789062,79.99358367919922,1788700
2023-09-27,81.55000305175781,82.58999633789062,80.0199966430664,80.19999694824219,79.11561584472656,2579500
2023-09-28,80.9000015258789,81.69000244140625,80.3499984741211,80.45999908447266,79.37210083007812,2146100
2023-09-29,83.51000213623047,84.25,81.4000015258789,81.91999816894531,80.81236267089844,4353400
2023-10-02,81.51000213623047,84.5,80.66999816894531,81.7300033569336,80.62493896484375,5079500
2023-10-03,80.8499984741211,81.38999938964844,78.37999725341797,79.30999755859375,78.23765563964844,3277500
2023-10-04,79.7699966430664,81.73999786376953,79.55999755859375,81.6500015258789,80.5460205078125,2970100
2023-10-05,81.5199966430664,83.23999786376953,81.5199966430664,83.0,81.87776184082031,3116900
2023-10-06,82.19999694824219,82.9000015258789,80.55000305175781,81.4800033569336,80.3783187866211,3837600
2023-10-09,80.83000183105469,82.4000015258789,80.80000305175781,82.12000274658203,81.00965881347656,2464700
2023-10-10,82.08999633789062,84.44999694824219,82.08999633789062,83.66999816894531,82.53870391845703,2435600
2023-10-11,84.36000061035156,85.94999694824219,84.13999938964844,85.80999755859375,84.64976501464844,3409700
2023-10-12,84.80000305175781,85.41000366210938,84.30999755859375,85.0,83.85071563720703,2703400
2023-10-13,85.58000183105469,85.68000030517578,84.58999633789062,85.1500015258789,83.99869537353516,2727100
2023-10-16,85.7699966430664,85.9800033569336,84.52999877929688,85.66999816894531,84.51165771484375,2356400
2023-10-17,85.27999877929688,86.97000122070312,85.06999969482422,86.55999755859375,85.3896255493164,2182700
2023-10-18,86.05999755859375,86.4800033569336,84.88999938964844,85.76000213623047,84.60044860839844,1689800
2023-10-19,85.19999694824219,85.72000122070312,83.75,83.91999816894531,82.78532409667969,3790600
2023-10-20,84.06999969482422,84.77999877929688,83.61000061035156,83.88999938964844,82.75572967529297,2596800
2023-10-23,83.11000061035156,83.54000091552734,82.73999786376953,82.98999786376953,81.86788940429688,3080800
2023-10-24,83.66999816894531,84.5999984741211,83.5199966430664,84.29000091552734,83.15032196044922,3474000
2023-10-25,83.70999908447266,84.25,82.5199966430664,82.66999816894531,81.5522232055664,3161200
2023-10-26,83.01000213623047,84.0,82.97000122070312,83.04000091552734,81.91722106933594,2602400
2023-10-27,83.4800033569336,83.80000305175781,81.29000091552734,81.3499984741211,80.25006866455078,2481000
2023-10-30,82.25,82.76000213623047,80.80000305175781,81.87000274658203,80.76304626464844,5863600
2023-10-31,83.7300033569336,85.6500015258789,82.54000091552734,83.61000061035156,82.4795150756836,4149300
2023-11-01,83.83999633789062,85.47000122070312,83.06999969482422,85.43000030517578,84.27490234375,2961000
2023-11-02,86.69000244140625,88.06999969482422,86.0,87.80000305175781,86.61286926269531,2733300
2023-11-03,88.80000305175781,89.69000244140625,88.2300033569336,88.44999694824219,87.25406646728516,2553700
2023-11-06,88.06999969482422,88.4800033569336,87.37000274658203,88.13999938964844,86.9482650756836,1900600
2023-11-07,85.77999877929688,86.77999877929688,85.5999984741211,85.6500015258789,84.49193572998047,9874000
2023-11-08,86.08999633789062,86.7300033569336,85.4800033569336,86.37000274658203,85.20219421386719,12513600
2023-11-09,86.83000183105469,87.31999969482422,84.55000305175781,84.63999938964844,83.49559020996094,2633800
2023-11-10,85.48999786376953,86.18000030517578,84.94000244140625,85.9800033569336,84.81747436523438,4190400
2023-11-13,84.94000244140625,85.66000366210938,84.37999725341797,85.47000122070312,84.91682434082031,2581100
2023-11-14,87.8499984741211,88.08999633789062,86.83999633789062,86.94000244140625,86.37731170654297,3894100
2023-11-15,86.83000183105469,87.69000244140625,86.23999786376953,86.27999877929688,85.7215805053711,3461700
2023-11-16,86.47000122070312,87.56999969482422,86.36000061035156,86.7699966430664,86.20840454101562,2340700
2023-11-17,87.47000122070312,87.77999877929688,86.52999877929688,87.48999786376953,86.92374420166016,2196700
2023-11-20,87.54000091552734,89.08000183105469,87.27999877929688,88.55000305175781,87.97689056396484,2897400
2023-11-21,88.13999938964844,89.13999938964844,87.8499984741211,88.73999786376953,88.16565704345703,2032700
2023-11-22,89.44999694824219,89.5,87.88999938964844,88.69999694824219,88.12591552734375,1674500
2023-11-24,88.66999816894531,89.72000122070312,88.0999984741211,89.62000274658203,89.03997039794922,920000
2023-11-27,89.5999984741211,90.62999725341797,89.3499984741211,90.12000274658203,89.53672790527344,2336300
2023-11-28,89.41000366210938,90.12999725341797,88.94999694824219,89.30999755859375,88.73197174072266,2676800
2023-11-29,89.7300033569336,89.87999725341797,87.98999786376953,88.19999694824219,87.629150390625,2534500
2023-11-30,88.19999694824219,89.22000122070312,87.4800033569336,89.0999984741211,88.52333068847656,6975000
2023-12-01,89.08999633789062,90.41000366210938,88.51000213623047,89.45999908447266,88.88099670410156,3280600
2023-12-04,88.7699966430664,89.9800033569336,88.25,89.81999969482422,89.2386703491211,3011700
2023-12-05,89.51000213623047,90.16000366210938,89.31999969482422,89.87999725341797,89.29827880859375,3330300
2023-12-06,90.0,90.33000183105469,87.2699966430664,87.41999816894531,86.85420227050781,3717200
2023-12-07,87.68000030517578,87.76000213623047,86.94999694824219,87.51000213623047,86.94361877441406,2512300
2023-12-08,87.0,88.04000091552734,86.80999755859375,87.72000122070312,87.15225982666016,2072800
2023-12-11,87.58999633789062,88.18000030517578,87.27999877929688,88.06999969482422,87.49999237060547,2220000
2023-12-12,88.33000183105469,89.05000305175781,87.86000061035156,88.5999984741211,88.02656555175781,2140700
2023-12-13,88.73999786376953,91.36000061035156,88.23999786376953,90.8499984741211,90.26200103759766,2712700
2023-12-14,91.98999786376953,93.41999816894531,90.97000122070312,91.87000274658203,91.27540588378906,5067600
2023-12-15,91.8499984741211,92.30000305175781,89.80000305175781,90.79000091552734,90.202392578125,7153000
2023-12-18,92.47000122070312,92.47000122070312,89.37999725341797,90.13999938964844,89.55659484863281,3144900
2023-12-19,90.38999938964844,91.06999969482422,90.08000183105469,90.29000091552734,89.70562744140625,2124700
2023-12-20,89.97000122070312,90.33999633789062,88.48999786376953,88.52999877929688,87.95701599121094,3196600
2023-12-21,89.41000366210938,89.97000122070312,88.16999816894531,89.94999694824219,89.36782836914062,2097200
2023-12-22,90.33999633789062,91.19999694824219,89.76000213623047,89.95999908447266,89.37776184082031,2187700
2023-12-26,89.95999908447266,90.73999786376953,89.5,90.45999908447266,89.87452697753906,1008400
2023-12-27,90.41999816894531,91.06999969482422,90.19000244140625,91.05000305175781,90.46070861816406,1332600
2023-12-28,90.75,91.33000183105469,90.52999877929688,91.16000366210938,90.56999969482422,1318300
2023-12-29,90.62999725341797,91.19999694824219,90.05999755859375,90.16999816894531,89.5864028930664,2331400
2024-01-02,90.30999755859375,90.62999725341797,89.79000091552734,90.23999786376953,89.65595245361328,1906300
2024-01-03,89.80000305175781,90.29000091552734,88.76000213623047,88.91000366210938,88.33456420898438,2079200
2024-01-04,88.94000244140625,89.45999908447266,88.30999755859375,88.69999694824219,88.12591552734375,1824900
2024-01-05,88.83000183105469,89.36000061035156,87.9000015258789,88.5199966430664,87.94708251953125,3072400
2024-01-08,88.48999786376953,89.81999969482422,88.30000305175781,89.80999755859375,89.22872924804688,1787200
2024-01-09,88.91999816894531,90.20999908447266,88.63999938964844,89.58999633789062,89.0101547241211,1731700
2024-01-10,89.72000122070312,91.05999755859375,89.58999633789062,90.7300033569336,90.14278411865234,1881700
2024-01-11,90.62000274658203,91.0,89.75,89.9800033569336,89.39763641357422,1505100
2024-01-12,90.55999755859375,92.11000061035156,90.55999755859375,91.93000030517578,91.33501434326172,1937000
2024-01-16,91.7699966430664,92.2300033569336,91.22000122070312,91.31999969482422,90.72895812988281,2243500
2024-01-17,89.98999786376953,91.52999877929688,88.05999755859375,89.63999938964844,89.0598373413086,2005200
2024-01-18,89.6500015258789,90.13999938964844,88.30999755859375,89.01000213623047,88.43391418457031,2284200
2024-01-19,89.87000274658203,90.20999908447266,88.48999786376953,89.8499984741211,89.26847076416016,1946600
2024-01-22,89.93000030517578,90.61000061035156,88.87000274658203,88.94000244140625,88.36436462402344,2170800
2024-01-23,88.94999694824219,89.58999633789062,87.5,88.05999755859375,87.49005889892578,2408400
2024-01-24,89.94999694824219,89.94999694824219,87.04000091552734,87.12999725341797,86.56607818603516,1943000
2024-01-25,88.48999786376953,88.80000305175781,86.86000061035156,87.22000122070312,86.65550231933594,1790700
2024-01-26,87.45999908447266,87.79000091552734,86.77999877929688,87.38999938964844,86.82439422607422,1293300
2024-01-29,87.27999877929688,87.72000122070312,86.47000122070312,87.16999816894531,86.60581970214844,1580900
2024-01-30,87.08000183105469,87.30999755859375,86.33000183105469,86.93000030517578,86.36737823486328,2878000
2024-01-31,87.5199966430664,88.0199966430664,86.44999694824219,86.51000213623047,85.9500961303711,2766500
2024-02-01,86.30999755859375,88.30999755859375,85.61000061035156,88.2300033569336,87.65896606445312,4542600
2024-02-02,87.18000030517578,88.5199966430664,85.4000015258789,87.93000030517578,87.36090087890625,3900300
2024-02-05,86.8499984741211,87.43000030517578,86.05000305175781,86.51000213623047,85.9500961303711,2726400
2024-02-06,86.43000030517578,87.66000366210938,86.31999969482422,86.52999877929688,85.96996307373047,2821200
2024-02-07,86.75,87.41000366210938,85.62999725341797,86.76000213623047,86.19847869873047,2645100
2024-02-08,86.58999633789062,87.43000030517578,85.95999908447266,86.9800033569336,86.41705322265625,2161900
2024-02-09,86.81999969482422,87.68000030517578,86.2300033569336,87.66000366210938,87.0926513671875,2124100
2024-02-12,87.75,88.06999969482422,87.08999633789062,87.55000305175781,86.98336791992188,1916300
2024-02-13,86.12999725341797,87.33999633789062,85.4000015258789,87.2699966430664,86.70516967773438,2552600
2024-02-14,89.58999633789062,94.62999725341797,89.58999633789062,93.37000274658203,92.76569366455078,5693800
2024-02-15,93.6500015258789,94.37000274658203,92.61000061035156,93.73999786376953,93.13329315185547,3125100
2024-02-16,93.0,94.36000061035156,92.81999969482422,93.12999725341797,92.5272445678711,3102200
2024-02-20,92.5999984741211,93.79000091552734,91.97000122070312,92.80999755859375,92.20931243896484,3622600
2024-02-21,93.12000274658203,94.5199966430664,92.6500015258789,94.25,93.63999938964844,3004700
2024-02-22,94.30999755859375,94.52999877929688,92.93000030517578,93.81999969482422,93.81999969482422,2609100
2024-02-23,94.18000030517578,94.43000030517578,93.30999755859375,93.41000366210938,93.41000366210938,2007200
2024-02-26,93.4000015258789,93.5999984741211,91.7300033569336,91.86000061035156,91.86000061035156,2270000
2024-02-27,92.52999877929688,93.12999725341797,91.91000366210938,92.12000274658203,92.12000274658203,2707400
2024-02-28,91.94000244140625,93.11000061035156,91.81999969482422,91.86000061035156,91.86000061035156,3651000
2024-02-29,92.29000091552734,93.01000213623047,91.41999816894531,92.16000366210938,92.16000366210938,8932800
2024-03-01,91.87000274658203,92.80999755859375,91.20999908447266,92.72000122070312,92.72000122070312,2556900
2024-03-04,92.6500015258789,93.69999694824219,91.05000305175781,93.4000015258789,93.4000015258789,2521500
2024-03-05,93.19999694824219,93.75,91.27999877929688,91.55000305175781,91.55000305175781,2457200
2024-03-06,92.45999908447266,92.79000091552734,91.54000091552734,92.06999969482422,92.06999969482422,1809300
2024-03-07,92.73999786376953,93.16000366210938,91.45999908447266,92.04000091552734,92.04000091552734,2102400
2024-03-08,92.30999755859375,92.36000061035156,91.61000061035156,92.0,92.0,3137900
