Datetime,Open,High,Low,Close,Adj Close,Volume
2024-03-11 09:30:00-04:00,553.9400024414062,554.0499877929688,553.9400024414062,554.0499877929688,554.0499877929688,82127
2024-03-11 09:31:00-04:00,554.2050170898438,554.75390625,551.3200073242188,551.530029296875,551.530029296875,12482
2024-03-11 09:32:00-04:00,553.0,553.0,551.02001953125,553.0,553.0,9246
2024-03-11 09:33:00-04:00,553.27001953125,553.77001953125,551.0599975585938,551.3900146484375,551.3900146484375,14734
2024-03-11 09:34:00-04:00,551.8400268554688,553.0142822265625,551.5700073242188,552.2899780273438,552.2899780273438,10104
2024-03-11 09:35:00-04:00,553.75,553.75,553.75,553.75,553.75,21505
2024-03-11 09:36:00-04:00,554.3800048828125,554.3800048828125,554.3400268554688,554.3400268554688,554.3400268554688,11111
2024-03-11 09:37:00-04:00,553.52001953125,555.1900024414062,553.3599853515625,554.5999755859375,554.5999755859375,6218
2024-03-11 09:38:00-04:00,554.8599853515625,555.530029296875,554.4600219726562,554.9600219726562,554.9600219726562,9781
2024-03-11 09:39:00-04:00,556.1300048828125,556.4199829101562,556.1300048828125,556.4199829101562,556.4199829101562,11770
2024-03-11 09:40:00-04:00,556.2984008789062,556.94921875,556.1900024414062,556.719970703125,556.719970703125,10945
2024-03-11 09:41:00-04:00,557.1900024414062,557.1900024414062,557.1900024414062,557.1900024414062,557.1900024414062,11991
2024-03-11 09:42:00-04:00,556.969970703125,556.969970703125,555.969970703125,556.510009765625,556.510009765625,12335
2024-03-11 09:43:00-04:00,556.489990234375,557.8599853515625,556.1900024414062,557.0159912109375,557.0159912109375,14289
2024-03-11 09:44:00-04:00,557.1279907226562,558.3300170898438,556.9299926757812,557.6649780273438,557.6649780273438,10561
2024-03-11 09:45:00-04:00,559.1099853515625,559.1300048828125,559.1099853515625,559.1300048828125,559.1300048828125,3506
2024-03-11 09:46:00-04:00,560.719970703125,560.719970703125,560.1400146484375,560.1400146484375,560.1400146484375,9752
2024-03-11 09:47:00-04:00,559.3599853515625,560.1599731445312,559.3499755859375,559.89501953125,559.89501953125,69263
2024-03-11 09:48:00-04:00,560.27001953125,560.5499877929688,559.9000244140625,560.489990234375,560.489990234375,6582
2024-03-11 09:49:00-04:00,560.2050170898438,560.72998046875,559.6599731445312,559.97998046875,559.97998046875,13214
2024-03-11 09:50:00-04:00,560.7899780273438,561.2999877929688,560.6300048828125,560.8925170898438,560.8925170898438,18913
2024-03-11 09:51:00-04:00,560.9149780273438,561.8900146484375,560.47998046875,560.969970703125,560.969970703125,15507
2024-03-11 09:52:00-04:00,560.6699829101562,560.885009765625,559.760009765625,560.52001953125,560.52001953125,12432
2024-03-11 09:53:00-04:00,560.4000244140625,560.72998046875,559.7999877929688,560.0250244140625,560.0250244140625,9443
2024-03-11 09:54:00-04:00,559.95751953125,560.4199829101562,559.9000244140625,560.239990234375,560.239990234375,8407
2024-03-11 09:55:00-04:00,560.2249755859375,560.28857421875,559.5650024414062,559.7899780273438,559.7899780273438,17693
2024-03-11 09:56:00-04:00,560.030029296875,560.52001953125,559.8201293945312,560.0650024414062,560.0650024414062,11164
2024-03-11 09:57:00-04:00,560.0599975585938,560.2100219726562,559.8300170898438,560.2100219726562,560.2100219726562,5399
2024-03-11 09:58:00-04:00,560.0850219726562,560.0850219726562,557.0,557.4974975585938,557.4974975585938,10598
2024-03-11 09:59:00-04:00,557.4749755859375,557.7000122070312,556.5900268554688,556.9199829101562,556.9199829101562,9516
2024-03-11 10:00:00-04:00,556.9299926757812,556.989990234375,555.1400146484375,555.4099731445312,555.4099731445312,6511
2024-03-11 10:01:00-04:00,555.7105712890625,555.7105712890625,554.6599731445312,554.9949951171875,554.9949951171875,6774
2024-03-11 10:02:00-04:00,555.0499877929688,555.219970703125,554.4600219726562,554.8699951171875,554.8699951171875,10201
2024-03-11 10:03:00-04:00,555.2100219726562,556.263916015625,555.0,555.4949951171875,555.4949951171875,9263
2024-03-11 10:04:00-04:00,555.7097778320312,555.7097778320312,554.6119995117188,555.3900146484375,555.3900146484375,7159
2024-03-11 10:05:00-04:00,555.2999877929688,556.0499877929688,555.010009765625,555.0980224609375,555.0980224609375,4324
2024-03-11 10:06:00-04:00,555.3900146484375,555.780029296875,555.3150024414062,555.6199951171875,555.6199951171875,3601
2024-03-11 10:07:00-04:00,555.0599975585938,555.219970703125,554.3499755859375,554.4000854492188,554.4000854492188,5933
2024-03-11 10:08:00-04:00,554.4000244140625,555.719970703125,554.3200073242188,555.6199951171875,555.6199951171875,7115
2024-03-11 10:09:00-04:00,555.64501953125,556.1699829101562,555.64501953125,555.8175048828125,555.8175048828125,5926
2024-03-11 10:10:00-04:00,555.9849853515625,556.7498779296875,555.8610229492188,556.3049926757812,556.3049926757812,5341
2024-03-11 10:11:00-04:00,555.9500122070312,556.1599731445312,555.5349731445312,555.6500244140625,555.6500244140625,6508
2024-03-11 10:12:00-04:00,555.4299926757812,556.1199951171875,555.4299926757812,555.7999877929688,555.7999877929688,48556
2024-03-11 10:13:00-04:00,555.9400024414062,556.385009765625,555.6699829101562,555.9550170898438,555.9550170898438,4632
2024-03-11 10:14:00-04:00,555.9450073242188,556.6300048828125,555.9450073242188,556.4099731445312,556.4099731445312,39726
2024-03-11 10:15:00-04:00,556.5999755859375,556.97998046875,556.3909912109375,556.60498046875,556.60498046875,4992
2024-03-11 10:16:00-04:00,556.74267578125,556.74267578125,555.4400024414062,555.6199951171875,555.6199951171875,6665
2024-03-11 10:17:00-04:00,555.5,556.5599975585938,555.5,556.5,556.5,5092
2024-03-11 10:18:00-04:00,556.125,556.469970703125,555.6900024414062,555.9500122070312,555.9500122070312,3220
2024-03-11 10:19:00-04:00,555.5999755859375,556.1699829101562,555.5,556.1699829101562,556.1699829101562,7278
2024-03-11 10:20:00-04:00,556.3862915039062,556.4099731445312,555.4000244140625,555.4000244140625,555.4000244140625,9221
2024-03-11 10:21:00-04:00,555.3099975585938,555.3099975585938,554.6099853515625,554.75,554.75,2602
2024-03-11 10:22:00-04:00,554.7504272460938,554.7504272460938,553.7999877929688,554.0349731445312,554.0349731445312,3050
2024-03-11 10:23:00-04:00,553.9849853515625,553.9849853515625,552.1799926757812,552.1799926757812,552.1799926757812,6873
2024-03-11 10:24:00-04:00,552.10009765625,552.530029296875,551.6300048828125,552.219970703125,552.219970703125,14401
2024-03-11 10:25:00-04:00,552.1199951171875,552.8099975585938,552.1199951171875,552.8099975585938,552.8099975585938,6599
2024-03-11 10:26:00-04:00,552.75,552.75,551.9299926757812,552.0549926757812,552.0549926757812,4662
2024-03-11 10:27:00-04:00,551.97998046875,552.530029296875,551.8699951171875,552.3400268554688,552.3400268554688,4786
2024-03-11 10:28:00-04:00,552.030029296875,552.27001953125,551.7100219726562,552.010009765625,552.010009765625,4295
2024-03-11 10:29:00-04:00,551.6873779296875,552.5499877929688,551.6799926757812,552.3099975585938,552.3099975585938,5021
2024-03-11 10:30:00-04:00,552.3699951171875,554.2999877929688,552.364990234375,553.6099853515625,553.6099853515625,10039
2024-03-11 10:31:00-04:00,553.9949951171875,554.1771240234375,553.9949951171875,554.010009765625,554.010009765625,2315
2024-03-11 10:32:00-04:00,554.010009765625,554.8198852539062,553.780029296875,554.469970703125,554.469970703125,6173
2024-03-11 10:33:00-04:00,554.5050048828125,554.9400024414062,554.5050048828125,554.510009765625,554.510009765625,4348
2024-03-11 10:34:00-04:00,554.7050170898438,554.7050170898438,554.02001953125,554.3049926757812,554.3049926757812,2885
2024-03-11 10:35:00-04:00,554.4672241210938,554.5399780273438,554.3049926757812,554.5399780273438,554.5399780273438,2241
2024-03-11 10:36:00-04:00,554.3049926757812,554.3049926757812,553.4099731445312,553.4099731445312,553.4099731445312,6265
2024-03-11 10:37:00-04:00,553.0399780273438,553.2999267578125,553.0,553.2999267578125,553.2999267578125,5450
2024-03-11 10:38:00-04:00,553.114990234375,553.1799926757812,552.530029296875,552.9000244140625,552.9000244140625,3438
2024-03-11 10:39:00-04:00,552.8200073242188,552.99658203125,552.469970703125,552.655029296875,552.655029296875,5568
2024-03-11 10:40:00-04:00,552.7650146484375,554.25,552.7650146484375,554.25,554.25,15747
2024-03-11 10:41:00-04:00,554.0399780273438,554.3099975585938,553.7000122070312,554.3099975585938,554.3099975585938,3415
2024-03-11 10:42:00-04:00,554.4249877929688,554.5999755859375,554.260009765625,554.260009765625,554.260009765625,2686
2024-03-11 10:43:00-04:00,554.4349975585938,554.6300048828125,554.27001953125,554.4400024414062,554.4400024414062,5781
2024-03-11 10:44:00-04:00,554.5,554.8699951171875,554.2999877929688,554.6699829101562,554.6699829101562,11273
2024-03-11 10:45:00-04:00,554.4299926757812,554.4299926757812,553.8200073242188,554.0549926757812,554.0549926757812,4178
2024-03-11 10:46:00-04:00,554.0999755859375,554.239990234375,553.9400024414062,554.1400146484375,554.1400146484375,3072
2024-03-11 10:47:00-04:00,554.4400024414062,555.0999755859375,554.4400024414062,555.0999755859375,555.0999755859375,2395
2024-03-11 10:48:00-04:00,554.8900146484375,554.8900146484375,554.0,554.510009765625,554.510009765625,6235
2024-03-11 10:49:00-04:00,554.4299926757812,554.469970703125,554.130126953125,554.469970703125,554.469970703125,2047
2024-03-11 10:50:00-04:00,554.6799926757812,555.1699829101562,554.6799926757812,555.0,555.0,3644
2024-03-11 10:51:00-04:00,555.14501953125,555.875,554.9000244140625,555.875,555.875,3577
2024-03-11 10:52:00-04:00,556.0,556.39990234375,556.0,556.0599975585938,556.0599975585938,2735
2024-03-11 10:53:00-04:00,556.4000244140625,556.4000244140625,556.2999877929688,556.3800048828125,556.3800048828125,1450
2024-03-11 10:54:00-04:00,556.3375244140625,556.989990234375,556.3375244140625,556.9600219726562,556.9600219726562,6888
2024-03-11 10:55:00-04:00,557.0,557.969970703125,556.7899780273438,557.27001953125,557.27001953125,10327
2024-03-11 10:56:00-04:00,557.280029296875,557.280029296875,557.0150146484375,557.030029296875,557.030029296875,3947
2024-03-11 10:57:00-04:00,556.9149780273438,557.0750122070312,556.72998046875,557.0750122070312,557.0750122070312,4489
2024-03-11 10:58:00-04:00,557.0800170898438,557.2999877929688,556.9600219726562,557.25,557.25,6661
2024-03-11 10:59:00-04:00,557.3599853515625,557.9249877929688,557.0449829101562,557.9249877929688,557.9249877929688,8308
2024-03-11 11:00:00-04:00,557.6199951171875,558.280029296875,557.5599975585938,558.280029296875,558.280029296875,3931
2024-03-11 11:01:00-04:00,558.5,558.75,557.8400268554688,557.8400268554688,557.8400268554688,5419
2024-03-11 11:02:00-04:00,557.89501953125,558.3599853515625,557.89501953125,558.3599853515625,558.3599853515625,1870
2024-03-11 11:03:00-04:00,558.0499877929688,558.0800170898438,557.8900146484375,558.0,558.0,2889
2024-03-11 11:04:00-04:00,558.0900268554688,559.0800170898438,558.0250244140625,558.6099853515625,558.6099853515625,6492
2024-03-11 11:05:00-04:00,558.8699951171875,559.0900268554688,558.6500244140625,558.8651733398438,558.8651733398438,3545
2024-03-11 11:06:00-04:00,558.5999755859375,558.8599853515625,558.3699951171875,558.4099731445312,558.4099731445312,4240
2024-03-11 11:07:00-04:00,558.239990234375,558.239990234375,557.6199951171875,557.719970703125,557.719970703125,5891
2024-03-11 11:08:00-04:00,557.8099975585938,557.8099975585938,557.6099853515625,557.6099853515625,557.6099853515625,1582
2024-03-11 11:09:00-04:00,557.7349853515625,557.97998046875,557.669677734375,557.7999877929688,557.7999877929688,2907
2024-03-11 11:10:00-04:00,557.6199951171875,557.7349853515625,557.3800048828125,557.3800048828125,557.3800048828125,7447
2024-03-11 11:11:00-04:00,557.3300170898438,557.3599853515625,556.75,556.75,556.75,6257
2024-03-11 11:12:00-04:00,556.9450073242188,557.2999877929688,556.9450073242188,557.0501098632812,557.0501098632812,2572
2024-03-11 11:13:00-04:00,557.2100219726562,557.2100219726562,556.7449951171875,556.7449951171875,556.7449951171875,2494
2024-03-11 11:14:00-04:00,556.8099975585938,557.0599975585938,556.77001953125,556.9299926757812,556.9299926757812,3117
2024-03-11 11:15:00-04:00,556.739990234375,556.739990234375,556.510009765625,556.510009765625,556.510009765625,2234
2024-03-11 11:16:00-04:00,556.510009765625,556.510009765625,556.2899780273438,556.3699951171875,556.3699951171875,1691
2024-03-11 11:17:00-04:00,556.510009765625,556.6799926757812,556.364990234375,556.52001953125,556.52001953125,7145
2024-03-11 11:18:00-04:00,556.3699951171875,556.4500122070312,555.9500122070312,555.9500122070312,555.9500122070312,6732
2024-03-11 11:19:00-04:00,555.8800048828125,556.0,555.760009765625,556.0,556.0,4020
2024-03-11 11:20:00-04:00,555.9400024414062,555.9400024414062,555.8900146484375,555.8900146484375,555.8900146484375,1046
2024-03-11 11:21:00-04:00,555.739990234375,556.0499877929688,555.2000122070312,555.9500122070312,555.9500122070312,11657
2024-03-11 11:22:00-04:00,556.0499877929688,556.25,555.8200073242188,555.9099731445312,555.9099731445312,5648
2024-03-11 11:23:00-04:00,555.77001953125,556.2999877929688,555.5499877929688,556.2999877929688,556.2999877929688,3834
2024-03-11 11:24:00-04:00,556.3599853515625,556.3599853515625,555.7100219726562,555.7100219726562,555.7100219726562,2751
2024-03-11 11:25:00-04:00,555.6699829101562,556.0700073242188,555.6699829101562,556.0399780273438,556.0399780273438,4297
2024-03-11 11:26:00-04:00,555.9949951171875,556.489990234375,555.9949951171875,556.489990234375,556.489990234375,3540
2024-03-11 11:27:00-04:00,556.5999755859375,556.6300048828125,556.4099731445312,556.4099731445312,556.4099731445312,1271
2024-03-11 11:28:00-04:00,556.635009765625,556.6400146484375,556.2999877929688,556.2999877929688,556.2999877929688,2588
2024-03-11 11:29:00-04:00,556.6199951171875,556.6199951171875,556.0700073242188,556.1599731445312,556.1599731445312,4635
2024-03-11 11:30:00-04:00,556.1599731445312,556.1599731445312,555.780029296875,555.780029296875,555.780029296875,3144
2024-03-11 11:31:00-04:00,555.6599731445312,555.9199829101562,555.6599731445312,555.7999877929688,555.7999877929688,2751
2024-03-11 11:32:00-04:00,555.6500244140625,556.1799926757812,555.5,556.02001953125,556.02001953125,4494
2024-03-11 11:33:00-04:00,556.2000122070312,556.2100219726562,556.010009765625,556.0999755859375,556.0999755859375,3682
2024-03-11 11:34:00-04:00,555.6900024414062,555.89501953125,555.6900024414062,555.89501953125,555.89501953125,1286
2024-03-11 11:35:00-04:00,556.177490234375,556.72998046875,556.177490234375,556.72998046875,556.72998046875,2393
2024-03-11 11:36:00-04:00,556.219970703125,556.5900268554688,556.219970703125,556.530029296875,556.530029296875,4723
2024-03-11 11:37:00-04:00,556.7899780273438,556.8400268554688,556.4299926757812,556.4299926757812,556.4299926757812,3652
2024-03-11 11:38:00-04:00,556.4199829101562,556.6699829101562,556.3699951171875,556.6699829101562,556.6699829101562,3124
2024-03-11 11:39:00-04:00,556.4600219726562,556.4600219726562,555.8800048828125,555.9600219726562,555.9600219726562,4416
2024-03-11 11:40:00-04:00,555.77001953125,555.77001953125,555.6699829101562,555.6900024414062,555.6900024414062,1574
2024-03-11 11:41:00-04:00,555.530029296875,555.8400268554688,555.4400024414062,555.6799926757812,555.6799926757812,3741
2024-03-11 11:42:00-04:00,555.9299926757812,556.2000122070312,555.9299926757812,556.2000122070312,556.2000122070312,1359
2024-03-11 11:43:00-04:00,555.8699951171875,555.9000244140625,555.5499877929688,555.9000244140625,555.9000244140625,4755
2024-03-11 11:44:00-04:00,556.0499877929688,556.260009765625,556.02001953125,556.260009765625,556.260009765625,3801
2024-03-11 11:45:00-04:00,556.1900024414062,556.8126831054688,556.0999755859375,556.8126831054688,556.8126831054688,4188
2024-03-11 11:46:00-04:00,556.72998046875,557.1500244140625,556.5399780273438,557.1300048828125,557.1300048828125,6008
2024-03-11 11:47:00-04:00,556.989990234375,557.3300170898438,556.969970703125,557.260009765625,557.260009765625,3421
2024-03-11 11:48:00-04:00,557.3699951171875,557.3699951171875,557.3599853515625,557.364990234375,557.364990234375,1057
2024-03-11 11:49:00-04:00,557.3499755859375,557.3699951171875,556.969970703125,557.260009765625,557.260009765625,5800
2024-03-11 11:50:00-04:00,557.2999877929688,557.7899780273438,557.25,557.6599731445312,557.6599731445312,2795
2024-03-11 11:51:00-04:00,557.8599853515625,557.8599853515625,557.7000122070312,557.7849731445312,557.7849731445312,8922
2024-03-11 11:52:00-04:00,557.75,557.75,557.27001953125,557.27001953125,557.27001953125,3959
2024-03-11 11:53:00-04:00,557.469970703125,557.469970703125,557.2899780273438,557.4500122070312,557.4500122070312,2077
2024-03-11 11:54:00-04:00,557.219970703125,557.4149780273438,557.219970703125,557.4149780273438,557.4149780273438,1424
2024-03-11 11:55:00-04:00,557.219970703125,557.6436767578125,557.219970703125,557.6400146484375,557.6400146484375,3913
2024-03-11 11:56:00-04:00,557.739990234375,557.7750244140625,557.4299926757812,557.4299926757812,557.4299926757812,2387
2024-03-11 11:57:00-04:00,557.9000244140625,557.9000244140625,557.9000244140625,557.9000244140625,557.9000244140625,1611
2024-03-11 11:58:00-04:00,558.25,558.25,558.22998046875,558.22998046875,558.22998046875,3630
2024-03-11 11:59:00-04:00,558.360107421875,558.8682861328125,558.360107421875,558.5499877929688,558.5499877929688,3603
2024-03-11 12:00:00-04:00,557.8599853515625,558.0900268554688,557.6400146484375,558.0900268554688,558.0900268554688,6105
2024-03-11 12:01:00-04:00,557.780029296875,557.9550170898438,557.780029296875,557.7999877929688,557.7999877929688,1480
2024-03-11 12:02:00-04:00,558.1599731445312,558.2000122070312,558.1599731445312,558.2000122070312,558.2000122070312,2321
2024-03-11 12:03:00-04:00,557.989990234375,557.989990234375,557.510009765625,557.780029296875,557.780029296875,1638
2024-03-11 12:04:00-04:00,557.5,557.77001953125,557.3900146484375,557.77001953125,557.77001953125,5640
2024-03-11 12:05:00-04:00,557.969970703125,558.02001953125,557.8084716796875,557.8084716796875,557.8084716796875,2397
2024-03-11 12:06:00-04:00,558.0399780273438,558.3574829101562,557.9650268554688,558.1099853515625,558.1099853515625,3689
2024-03-11 12:07:00-04:00,558.1099853515625,558.2150268554688,558.0,558.2150268554688,558.2150268554688,1957
2024-03-11 12:08:00-04:00,558.0,558.131103515625,557.9500122070312,558.131103515625,558.131103515625,2367
2024-03-11 12:09:00-04:00,558.2249755859375,558.2249755859375,558.1500244140625,558.1500244140625,558.1500244140625,657
2024-03-11 12:10:00-04:00,558.0599975585938,558.0599975585938,557.8499755859375,557.8499755859375,557.8499755859375,2255
2024-03-11 12:11:00-04:00,557.72998046875,557.72998046875,557.3599853515625,557.3599853515625,557.3599853515625,3036
2024-03-11 12:12:00-04:00,557.6199951171875,557.6300048828125,557.6199951171875,557.6300048828125,557.6300048828125,1321
2024-03-11 12:13:00-04:00,557.6300048828125,557.9099731445312,557.510009765625,557.9099731445312,557.9099731445312,4531
2024-03-11 12:14:00-04:00,557.97998046875,557.97998046875,557.9099731445312,557.9099731445312,557.9099731445312,1323
2024-03-11 12:15:00-04:00,558.0499877929688,558.0499877929688,557.8200073242188,558.0,558.0,975
2024-03-11 12:16:00-04:00,558.2000122070312,558.2000122070312,557.75,557.75,557.75,1596
2024-03-11 12:17:00-04:00,557.9149780273438,558.0800170898438,557.7362060546875,558.030029296875,558.030029296875,2032
2024-03-11 12:18:00-04:00,558.2000122070312,558.2000122070312,558.0700073242188,558.0700073242188,558.0700073242188,1338
2024-03-11 12:19:00-04:00,558.0599975585938,558.0700073242188,557.969970703125,557.969970703125,557.969970703125,2360
2024-03-11 12:20:00-04:00,558.2000122070312,558.2000122070312,557.9299926757812,557.9299926757812,557.9299926757812,2633
2024-03-11 12:21:00-04:00,557.9199829101562,558.1400146484375,557.8400268554688,558.1199951171875,558.1199951171875,2903
2024-03-11 12:22:00-04:00,558.0900268554688,558.1099853515625,557.8699951171875,558.1099853515625,558.1099853515625,1502
2024-03-11 12:23:00-04:00,557.969970703125,558.22998046875,557.9500122070312,558.22998046875,558.22998046875,2282
2024-03-11 12:24:00-04:00,558.0800170898438,558.0800170898438,557.9500122070312,558.0,558.0,3683
2024-03-11 12:25:00-04:00,558.0150146484375,558.530029296875,557.989990234375,558.530029296875,558.530029296875,11610
2024-03-11 12:26:00-04:00,558.5,558.7999267578125,558.5,558.64501953125,558.64501953125,2811
2024-03-11 12:27:00-04:00,558.5449829101562,558.5449829101562,558.27001953125,558.3900146484375,558.3900146484375,2610
2024-03-11 12:28:00-04:00,558.3900146484375,558.6699829101562,558.3900146484375,558.6699829101562,558.6699829101562,2180
2024-03-11 12:29:00-04:00,558.6749877929688,558.8599853515625,558.6649780273438,558.8599853515625,558.8599853515625,3491
2024-03-11 12:30:00-04:00,559.0800170898438,559.6699829101562,559.0800170898438,559.364990234375,559.364990234375,4011
2024-03-11 12:31:00-04:00,559.385009765625,559.5900268554688,559.2901000976562,559.530029296875,559.530029296875,9603
2024-03-11 12:32:00-04:00,559.3068237304688,559.7899780273438,559.0800170898438,559.6400146484375,559.6400146484375,16388
2024-03-11 12:33:00-04:00,559.6799926757812,559.8150024414062,559.39892578125,559.39892578125,559.39892578125,8086
2024-03-11 12:34:00-04:00,559.530029296875,559.8200073242188,559.5150146484375,559.8200073242188,559.8200073242188,3638
2024-03-11 12:35:00-04:00,560.0,560.0,559.0900268554688,559.1950073242188,559.1950073242188,6207
2024-03-11 12:36:00-04:00,559.0800170898438,559.3499755859375,558.9401245117188,559.3400268554688,559.3400268554688,2734
2024-03-11 12:37:00-04:00,559.4299926757812,559.67626953125,559.1900024414062,559.67626953125,559.67626953125,5210
2024-03-11 12:38:00-04:00,559.5399780273438,559.5399780273438,559.1300048828125,559.3599853515625,559.3599853515625,6153
2024-03-11 12:39:00-04:00,559.3499755859375,559.3599853515625,559.3350219726562,559.3350219726562,559.3350219726562,1539
2024-03-11 12:40:00-04:00,559.1699829101562,559.8499755859375,559.1699829101562,559.7899780273438,559.7899780273438,3779
2024-03-11 12:41:00-04:00,559.9998779296875,560.0,559.6627197265625,560.0,560.0,6648
2024-03-11 12:42:00-04:00,559.9500122070312,560.1799926757812,559.8499755859375,560.02001953125,560.02001953125,7155
2024-03-11 12:43:00-04:00,560.090087890625,560.1799926757812,560.0599975585938,560.1799926757812,560.1799926757812,1509
2024-03-11 12:44:00-04:00,560.1199951171875,560.2174072265625,560.030029296875,560.2174072265625,560.2174072265625,2787
2024-03-11 12:45:00-04:00,560.2399291992188,560.25,559.8900146484375,560.0,560.0,6188
2024-03-11 12:46:00-04:00,560.0,560.1500244140625,559.75,559.760009765625,559.760009765625,11914
2024-03-11 12:47:00-04:00,559.719970703125,560.0449829101562,559.5999755859375,559.989990234375,559.989990234375,10936
2024-03-11 12:48:00-04:00,560.094970703125,560.1699829101562,560.02001953125,560.1400146484375,560.1400146484375,2578
2024-03-11 12:49:00-04:00,560.1400146484375,560.1400146484375,559.6799926757812,559.6849975585938,559.6849975585938,4343
2024-03-11 12:50:00-04:00,559.719970703125,559.760009765625,559.4199829101562,559.4199829101562,559.4199829101562,3376
2024-03-11 12:51:00-04:00,559.4000244140625,559.5,559.375,559.3800048828125,559.3800048828125,1219
2024-03-11 12:52:00-04:00,559.510009765625,560.0599975585938,559.510009765625,560.0599975585938,560.0599975585938,4420
2024-03-11 12:53:00-04:00,560.52001953125,560.5449829101562,560.3250122070312,560.5449829101562,560.5449829101562,862
2024-03-11 12:54:00-04:00,560.6071166992188,560.9600219726562,560.6071166992188,560.9403076171875,560.9403076171875,3710
2024-03-11 12:55:00-04:00,560.9400024414062,560.9400024414062,560.444091796875,560.52001953125,560.52001953125,2964
2024-03-11 12:56:00-04:00,560.6199951171875,560.6799926757812,560.6199951171875,560.6799926757812,560.6799926757812,1475
2024-03-11 12:57:00-04:00,560.489990234375,560.5900268554688,560.25,560.280029296875,560.280029296875,5004
2024-03-11 12:58:00-04:00,560.3099975585938,560.875,560.3099975585938,560.8150024414062,560.8150024414062,4536
2024-03-11 12:59:00-04:00,560.9199829101562,560.9199829101562,560.3900146484375,560.3900146484375,560.3900146484375,3245
2024-03-11 13:00:00-04:00,560.4600219726562,560.530029296875,560.219970703125,560.219970703125,560.219970703125,2498
2024-03-11 13:01:00-04:00,560.1500244140625,560.8099975585938,560.010009765625,560.47998046875,560.47998046875,7254
2024-03-11 13:02:00-04:00,560.5349731445312,560.5349731445312,559.9500122070312,560.0499877929688,560.0499877929688,3935
2024-03-11 13:03:00-04:00,560.14501953125,560.14501953125,559.9000244140625,559.9000244140625,559.9000244140625,2764
2024-03-11 13:04:00-04:00,559.969970703125,560.010009765625,559.8209228515625,559.9450073242188,559.9450073242188,2270
2024-03-11 13:05:00-04:00,560.0700073242188,560.0800170898438,559.7999877929688,559.7999877929688,559.7999877929688,4811
2024-03-11 13:06:00-04:00,559.780029296875,559.780029296875,559.6900024414062,559.6900024414062,559.6900024414062,4792
2024-03-11 13:07:00-04:00,559.6300048828125,559.8699951171875,559.4500122070312,559.8699951171875,559.8699951171875,9880
2024-03-11 13:08:00-04:00,559.9400024414062,560.0499877929688,559.6900024414062,560.0349731445312,560.0349731445312,3727
2024-03-11 13:09:00-04:00,560.0599975585938,560.135498046875,559.8599853515625,560.1099853515625,560.1099853515625,2993
2024-03-11 13:10:00-04:00,559.935302734375,560.1699829101562,559.8699951171875,559.9650268554688,559.9650268554688,4786
2024-03-11 13:11:00-04:00,559.969970703125,560.2999877929688,559.8599853515625,560.1699829101562,560.1699829101562,4905
2024-03-11 13:12:00-04:00,560.172119140625,560.172119140625,559.719970703125,559.77001953125,559.77001953125,4461
2024-03-11 13:13:00-04:00,559.9299926757812,560.0999755859375,559.9299926757812,560.0399780273438,560.0399780273438,4484
2024-03-11 13:14:00-04:00,560.14501953125,560.14501953125,559.8200073242188,560.0,560.0,2320
2024-03-11 13:15:00-04:00,559.8599853515625,559.8599853515625,559.6500244140625,559.8099975585938,559.8099975585938,5291
2024-03-11 13:16:00-04:00,559.7949829101562,559.9998779296875,559.7899780273438,559.969970703125,559.969970703125,4402
2024-03-11 13:17:00-04:00,560.0,560.2000122070312,559.9299926757812,559.989990234375,559.989990234375,5851
2024-03-11 13:18:00-04:00,560.2100219726562,560.2100219726562,559.8699951171875,559.8800048828125,559.8800048828125,1903
2024-03-11 13:19:00-04:00,559.9299926757812,560.5,559.8800048828125,560.5,560.5,3330
2024-03-11 13:20:00-04:00,560.6649780273438,560.8400268554688,560.6649780273438,560.8400268554688,560.8400268554688,1388
2024-03-11 13:21:00-04:00,560.6799926757812,561.4500122070312,560.6799926757812,561.25,561.25,6433
2024-03-11 13:22:00-04:00,561.3200073242188,561.716796875,561.3200073242188,561.5449829101562,561.5449829101562,3531
2024-03-11 13:23:00-04:00,561.7100219726562,561.9000244140625,561.5800170898438,561.7874755859375,561.7874755859375,4180
2024-03-11 13:24:00-04:00,561.590087890625,561.8049926757812,561.1199951171875,561.280029296875,561.280029296875,7192
2024-03-11 13:25:00-04:00,561.4199829101562,561.8800048828125,561.4199829101562,561.8800048828125,561.8800048828125,6535
2024-03-11 13:26:00-04:00,561.9000244140625,562.25,561.8099975585938,562.0999755859375,562.0999755859375,6788
2024-03-11 13:27:00-04:00,562.0999755859375,562.1699829101562,561.8099975585938,562.0399780273438,562.0399780273438,4149
2024-03-11 13:28:00-04:00,562.219970703125,562.219970703125,562.010009765625,562.010009765625,562.010009765625,1570
2024-03-11 13:29:00-04:00,562.1099853515625,562.1950073242188,561.85498046875,561.85498046875,561.85498046875,5207
2024-03-11 13:30:00-04:00,561.8699951171875,562.3150024414062,561.8699951171875,562.219970703125,562.219970703125,3337
2024-03-11 13:31:00-04:00,562.3200073242188,562.6900024414062,562.010009765625,562.010009765625,562.010009765625,10130
2024-03-11 13:32:00-04:00,562.135009765625,562.3900146484375,561.8900146484375,562.010009765625,562.010009765625,4871
2024-03-11 13:33:00-04:00,562.030029296875,562.1699829101562,561.719970703125,561.905029296875,561.905029296875,8570
2024-03-11 13:34:00-04:00,561.7943725585938,561.9199829101562,561.64501953125,561.64501953125,561.64501953125,10396
2024-03-11 13:35:00-04:00,561.6400146484375,562.0,561.6201171875,561.8599853515625,561.8599853515625,4026
2024-03-11 13:36:00-04:00,561.8599853515625,561.8599853515625,561.510009765625,561.6199951171875,561.6199951171875,3511
2024-03-11 13:37:00-04:00,561.6400146484375,561.7999877929688,561.5700073242188,561.72998046875,561.72998046875,3484
2024-03-11 13:38:00-04:00,561.5700073242188,561.75,561.5700073242188,561.75,561.75,2413
2024-03-11 13:39:00-04:00,561.6500244140625,561.7899780273438,561.510009765625,561.7000122070312,561.7000122070312,4148
2024-03-11 13:40:00-04:00,561.6950073242188,561.8150024414062,561.5499877929688,561.7249755859375,561.7249755859375,7553
2024-03-11 13:41:00-04:00,561.7249755859375,561.7249755859375,560.6699829101562,560.85498046875,560.85498046875,14448
2024-03-11 13:42:00-04:00,560.8699951171875,560.8900146484375,560.5599975585938,560.5599975585938,560.5599975585938,3781
2024-03-11 13:43:00-04:00,560.6900024414062,560.6900024414062,560.5,560.530029296875,560.530029296875,2734
2024-03-11 13:44:00-04:00,560.6699829101562,560.72998046875,560.5599975585938,560.6599731445312,560.6599731445312,3856
2024-03-11 13:45:00-04:00,560.6599731445312,561.02001953125,560.6599731445312,560.989990234375,560.989990234375,5147
2024-03-11 13:46:00-04:00,560.9000244140625,560.9199829101562,560.7000122070312,560.844970703125,560.844970703125,3140
2024-03-11 13:47:00-04:00,560.6900024414062,560.77001953125,560.530029296875,560.5499877929688,560.5499877929688,4397
2024-03-11 13:48:00-04:00,560.6749877929688,560.6749877929688,560.5499877929688,560.6400146484375,560.6400146484375,2690
2024-03-11 13:49:00-04:00,560.5499877929688,560.7899780273438,560.3099975585938,560.739990234375,560.739990234375,12551
2024-03-11 13:50:00-04:00,560.7449951171875,561.1069946289062,560.7449951171875,561.1069946289062,561.1069946289062,2172
2024-03-11 13:51:00-04:00,560.8800048828125,560.8800048828125,560.6849975585938,560.7999877929688,560.7999877929688,6062
2024-03-11 13:52:00-04:00,560.6300048828125,561.0,560.6300048828125,561.0,561.0,5011
2024-03-11 13:53:00-04:00,561.1199951171875,561.2799072265625,560.9400024414062,561.0650024414062,561.0650024414062,3068
2024-03-11 13:54:00-04:00,560.9199829101562,560.9199829101562,560.8300170898438,560.905029296875,560.905029296875,2007
2024-03-11 13:55:00-04:00,561.1400146484375,561.3350219726562,561.1400146484375,561.3300170898438,561.3300170898438,1841
2024-03-11 13:56:00-04:00,561.530029296875,561.5349731445312,561.4299926757812,561.530029296875,561.530029296875,2400
2024-03-11 13:57:00-04:00,561.6300048828125,561.8800048828125,561.489990234375,561.8499755859375,561.8499755859375,7499
2024-03-11 13:58:00-04:00,561.9600219726562,561.9650268554688,561.9000244140625,561.9650268554688,561.9650268554688,1943
2024-03-11 13:59:00-04:00,562.1099853515625,562.219970703125,562.0488891601562,562.0488891601562,562.0488891601562,1116
2024-03-11 14:00:00-04:00,562.1649780273438,562.280029296875,561.739990234375,561.989990234375,561.989990234375,6208
2024-03-11 14:01:00-04:00,561.780029296875,561.8200073242188,561.655029296875,561.655029296875,561.655029296875,3601
2024-03-11 14:02:00-04:00,561.7100219726562,562.0599975585938,561.7100219726562,562.0349731445312,562.0349731445312,2765
2024-03-11 14:03:00-04:00,562.0349731445312,562.3043823242188,562.0349731445312,562.3043823242188,562.3043823242188,2404
2024-03-11 14:04:00-04:00,562.0399780273438,562.0900268554688,562.02001953125,562.0700073242188,562.0700073242188,1695
2024-03-11 14:05:00-04:00,562.2728881835938,562.2728881835938,561.8699951171875,561.9600219726562,561.9600219726562,3000
2024-03-11 14:06:00-04:00,562.0599975585938,562.1099853515625,561.780029296875,562.0800170898438,562.0800170898438,4351
2024-03-11 14:07:00-04:00,562.1400146484375,562.25,562.010009765625,562.010009765625,562.010009765625,1767
2024-03-11 14:08:00-04:00,562.010009765625,562.3200073242188,562.010009765625,562.2548828125,562.2548828125,2839
2024-03-11 14:09:00-04:00,562.22998046875,562.280029296875,562.0399780273438,562.280029296875,562.280029296875,3470
2024-03-11 14:10:00-04:00,562.219970703125,562.3638916015625,562.155029296875,562.3638916015625,562.3638916015625,4533
2024-03-11 14:11:00-04:00,562.4199829101562,562.4199829101562,561.7000122070312,561.7150268554688,561.7150268554688,6559
2024-03-11 14:12:00-04:00,561.72998046875,561.8400268554688,561.6300048828125,561.8099975585938,561.8099975585938,5455
2024-03-11 14:13:00-04:00,561.8800048828125,561.9199829101562,561.8800048828125,561.8800048828125,561.8800048828125,2038
2024-03-11 14:14:00-04:00,561.9680786132812,562.010009765625,561.7550048828125,561.97998046875,561.97998046875,3075
2024-03-11 14:15:00-04:00,561.989990234375,562.0700073242188,561.9400024414062,561.969970703125,561.969970703125,2555
2024-03-11 14:16:00-04:00,561.8200073242188,561.97998046875,561.8200073242188,561.97998046875,561.97998046875,3411
2024-03-11 14:17:00-04:00,562.1400146484375,562.1699829101562,561.8400268554688,561.8400268554688,561.8400268554688,4719
2024-03-11 14:18:00-04:00,561.905029296875,561.905029296875,561.7000122070312,561.7849731445312,561.7849731445312,3207
2024-03-11 14:19:00-04:00,561.9375,561.9375,561.7349853515625,561.7349853515625,561.7349853515625,1644
2024-03-11 14:20:00-04:00,561.7999877929688,561.9000244140625,561.719970703125,561.719970703125,561.719970703125,4732
2024-03-11 14:21:00-04:00,561.8099975585938,562.1799926757812,561.8099975585938,562.1799926757812,562.1799926757812,2905
2024-03-11 14:22:00-04:00,562.2000122070312,562.3300170898438,562.1599731445312,562.2949829101562,562.2949829101562,3251
2024-03-11 14:23:00-04:00,562.2899780273438,562.2899780273438,562.1900024414062,562.1900024414062,562.1900024414062,972
2024-03-11 14:24:00-04:00,562.1243896484375,562.280029296875,562.010009765625,562.0399780273438,562.0399780273438,6117
2024-03-11 14:25:00-04:00,561.969970703125,562.1199951171875,561.77001953125,562.010009765625,562.010009765625,7714
2024-03-11 14:26:00-04:00,562.1400146484375,562.1749877929688,561.9400024414062,561.9400024414062,561.9400024414062,1488
2024-03-11 14:27:00-04:00,561.8262939453125,562.010009765625,561.8261108398438,561.9949951171875,561.9949951171875,5399
2024-03-11 14:28:00-04:00,561.8499755859375,562.0399780273438,561.6699829101562,562.0399780273438,562.0399780273438,9599
2024-03-11 14:29:00-04:00,561.9299926757812,561.97998046875,561.8300170898438,561.8300170898438,561.8300170898438,2041
2024-03-11 14:30:00-04:00,561.8499755859375,562.0650024414062,561.8300170898438,561.8699951171875,561.8699951171875,2954
2024-03-11 14:31:00-04:00,562.1300048828125,562.5599975585938,562.030029296875,562.3499755859375,562.3499755859375,4869
2024-03-11 14:32:00-04:00,562.2849731445312,562.2849731445312,561.8099975585938,561.9099731445312,561.9099731445312,3991
2024-03-11 14:33:00-04:00,561.780029296875,562.02001953125,561.77001953125,561.989990234375,561.989990234375,8509
2024-03-11 14:34:00-04:00,561.8699951171875,561.8699951171875,561.3900146484375,561.3900146484375,561.3900146484375,2901
2024-03-11 14:35:00-04:00,561.3599853515625,561.3599853515625,560.9349975585938,561.1400146484375,561.1400146484375,2352
2024-03-11 14:36:00-04:00,560.9199829101562,561.1599731445312,560.7999877929688,561.0050048828125,561.0050048828125,5362
2024-03-11 14:37:00-04:00,561.02001953125,561.27001953125,561.02001953125,561.1799926757812,561.1799926757812,5434
2024-03-11 14:38:00-04:00,560.9299926757812,561.030029296875,560.5399780273438,560.5399780273438,560.5399780273438,2769
2024-03-11 14:39:00-04:00,560.489990234375,560.5800170898438,560.14208984375,560.14208984375,560.14208984375,3089
2024-03-11 14:40:00-04:00,560.1500244140625,560.7100219726562,560.1500244140625,560.6300048828125,560.6300048828125,4126
2024-03-11 14:41:00-04:00,560.5068969726562,560.89501953125,560.5068969726562,560.6500244140625,560.6500244140625,3045
2024-03-11 14:42:00-04:00,560.5599975585938,560.7550048828125,560.5599975585938,560.6099853515625,560.6099853515625,2465
2024-03-11 14:43:00-04:00,560.5399780273438,560.760009765625,560.510009765625,560.760009765625,560.760009765625,4114
2024-03-11 14:44:00-04:00,560.739990234375,560.969970703125,560.489990234375,560.489990234375,560.489990234375,2087
2024-03-11 14:45:00-04:00,560.6099853515625,560.7999877929688,560.3699951171875,560.7999877929688,560.7999877929688,4567
2024-03-11 14:46:00-04:00,560.7000122070312,561.0885009765625,560.7000122070312,560.9550170898438,560.9550170898438,4407
2024-03-11 14:47:00-04:00,561.1799926757812,561.22998046875,561.1799926757812,561.22998046875,561.22998046875,1075
2024-03-11 14:48:00-04:00,561.280029296875,561.4400024414062,561.1500244140625,561.4000244140625,561.4000244140625,2663
2024-03-11 14:49:00-04:00,561.4199829101562,561.7349853515625,561.4199829101562,561.7349853515625,561.7349853515625,3329
2024-03-11 14:50:00-04:00,561.9000244140625,562.0999755859375,561.9000244140625,561.9600219726562,561.9600219726562,6292
2024-03-11 14:51:00-04:00,561.97998046875,562.0999755859375,561.739990234375,562.0999755859375,562.0999755859375,4052
2024-03-11 14:52:00-04:00,561.8400268554688,562.0,561.8200073242188,561.8200073242188,561.8200073242188,1918
2024-03-11 14:53:00-04:00,561.6900024414062,561.8200073242188,561.489990234375,561.489990234375,561.489990234375,1900
2024-03-11 14:54:00-04:00,561.510009765625,561.7999877929688,561.489990234375,561.7050170898438,561.7050170898438,6673
2024-03-11 14:55:00-04:00,561.8400268554688,561.8800048828125,561.5999755859375,561.5999755859375,561.5999755859375,1961
2024-03-11 14:56:00-04:00,561.489990234375,561.6900024414062,561.47998046875,561.655029296875,561.655029296875,1469
2024-03-11 14:57:00-04:00,561.489990234375,561.5499877929688,560.9600219726562,561.010009765625,561.010009765625,5504
2024-03-11 14:58:00-04:00,561.0800170898438,561.0800170898438,560.8599853515625,560.8599853515625,560.8599853515625,7439
2024-03-11 15:00:00-04:00,560.9500122070312,560.9500122070312,560.5147705078125,560.739990234375,560.739990234375,6297
2024-03-11 15:01:00-04:00,560.5999755859375,560.7000122070312,560.0800170898438,560.27001953125,560.27001953125,5873
2024-03-11 15:02:00-04:00,560.25,560.5800170898438,560.0800170898438,560.3900146484375,560.3900146484375,5508
2024-03-11 15:03:00-04:00,560.3524780273438,560.5800170898438,560.3524780273438,560.5800170898438,560.5800170898438,1291
2024-03-11 15:04:00-04:00,560.9000244140625,560.97998046875,560.780029296875,560.780029296875,560.780029296875,3541
2024-03-11 15:05:00-04:00,560.97998046875,560.97998046875,560.8599853515625,560.8599853515625,560.8599853515625,1498
2024-03-11 15:06:00-04:00,560.72998046875,560.72998046875,560.219970703125,560.3599853515625,560.3599853515625,3774
2024-03-11 15:07:00-04:00,560.4199829101562,560.4199829101562,560.1065063476562,560.1065063476562,560.1065063476562,2717
2024-03-11 15:08:00-04:00,560.030029296875,560.405029296875,560.030029296875,560.405029296875,560.405029296875,4876
2024-03-11 15:09:00-04:00,560.4299926757812,560.4299926757812,560.1799926757812,560.27001953125,560.27001953125,2643
2024-03-11 15:10:00-04:00,560.010009765625,560.2000122070312,559.7999877929688,560.010009765625,560.010009765625,8528
2024-03-11 15:11:00-04:00,560.0399780273438,560.1900024414062,559.9401245117188,560.1300048828125,560.1300048828125,3347
2024-03-11 15:12:00-04:00,560.1199951171875,560.1400146484375,560.1199951171875,560.1400146484375,560.1400146484375,11687
2024-03-11 15:13:00-04:00,560.1400146484375,560.3499755859375,559.880126953125,560.010009765625,560.010009765625,6043
2024-03-11 15:14:00-04:00,560.0,560.0,559.77001953125,559.77001953125,559.77001953125,16029
2024-03-11 15:15:00-04:00,559.72998046875,560.0900268554688,559.7249755859375,560.0850219726562,560.0850219726562,10169
2024-03-11 15:16:00-04:00,560.1099853515625,560.1799926757812,560.010009765625,560.1799926757812,560.1799926757812,1884
2024-03-11 15:17:00-04:00,560.1699829101562,560.3400268554688,560.1300048828125,560.3400268554688,560.3400268554688,7687
2024-03-11 15:18:00-04:00,560.364990234375,560.47998046875,560.3200073242188,560.375,560.375,1621
2024-03-11 15:19:00-04:00,560.3800048828125,560.3800048828125,559.8599853515625,560.0750122070312,560.0750122070312,16641
2024-03-11 15:20:00-04:00,560.0449829101562,560.4600219726562,560.0449829101562,560.3900146484375,560.3900146484375,2985
2024-03-11 15:21:00-04:00,560.6199951171875,560.864990234375,560.5700073242188,560.5800170898438,560.5800170898438,3858
2024-03-11 15:22:00-04:00,560.8099975585938,560.9400024414062,560.6699829101562,560.7100219726562,560.7100219726562,1993
2024-03-11 15:23:00-04:00,560.5700073242188,560.7000122070312,560.4400024414062,560.4400024414062,560.4400024414062,6163
2024-03-11 15:24:00-04:00,560.4500122070312,560.5700073242188,560.27001953125,560.3001098632812,560.3001098632812,2734
2024-03-11 15:25:00-04:00,560.5399780273438,560.5499877929688,560.1400146484375,560.217529296875,560.217529296875,5761
2024-03-11 15:26:00-04:00,560.5700073242188,560.5700073242188,560.3099975585938,560.3099975585938,560.3099975585938,5050
2024-03-11 15:27:00-04:00,560.3200073242188,560.4349975585938,560.0399780273438,560.114990234375,560.114990234375,3967
2024-03-11 15:28:00-04:00,560.155029296875,560.3400268554688,560.0700073242188,560.2449951171875,560.2449951171875,7954
2024-03-11 15:29:00-04:00,560.1400146484375,560.2550048828125,560.1400146484375,560.1799926757812,560.1799926757812,3827
2024-03-11 15:30:00-04:00,560.219970703125,560.8699951171875,560.219970703125,560.8699951171875,560.8699951171875,10355
2024-03-11 15:31:00-04:00,560.719970703125,560.8900146484375,560.47998046875,560.47998046875,560.47998046875,4693
2024-03-11 15:32:00-04:00,560.6099853515625,560.7949829101562,560.5001220703125,560.6900024414062,560.6900024414062,3476
2024-03-11 15:33:00-04:00,560.60498046875,560.6900024414062,560.47998046875,560.614990234375,560.614990234375,5779
2024-03-11 15:34:00-04:00,560.75,561.010009765625,560.697509765625,561.010009765625,561.010009765625,4710
2024-03-11 15:35:00-04:00,561.1090087890625,561.3300170898438,560.9500122070312,560.9500122070312,560.9500122070312,12662
2024-03-11 15:36:00-04:00,561.02001953125,561.0479736328125,560.2550048828125,560.2550048828125,560.2550048828125,8371
2024-03-11 15:37:00-04:00,560.2100219726562,560.2650146484375,560.0349731445312,560.2100219726562,560.2100219726562,3934
2024-03-11 15:38:00-04:00,560.094970703125,560.5800170898438,560.094970703125,560.385009765625,560.385009765625,7217
2024-03-11 15:39:00-04:00,560.385009765625,560.385009765625,559.77001953125,560.1099853515625,560.1099853515625,12305
2024-03-11 15:40:00-04:00,560.02001953125,560.6423950195312,560.02001953125,560.2349853515625,560.2349853515625,7015
2024-03-11 15:41:00-04:00,560.2349853515625,560.8200073242188,560.22998046875,560.8200073242188,560.8200073242188,8421
2024-03-11 15:42:00-04:00,560.760009765625,560.9299926757812,560.6199951171875,560.655029296875,560.655029296875,3461
2024-03-11 15:43:00-04:00,560.7999877929688,560.8800048828125,560.6400146484375,560.6400146484375,560.6400146484375,7793
2024-03-11 15:44:00-04:00,560.6900024414062,560.7150268554688,560.530029296875,560.530029296875,560.530029296875,3833
2024-03-11 15:45:00-04:00,560.5322265625,561.0700073242188,560.489990234375,560.7100219726562,560.7100219726562,10619
2024-03-11 15:46:00-04:00,560.6900024414062,560.8800048828125,560.4500122070312,560.4500122070312,560.4500122070312,4210
2024-03-11 15:47:00-04:00,560.5599975585938,560.5599975585938,559.8599853515625,559.989990234375,559.989990234375,11332
2024-03-11 15:48:00-04:00,559.9299926757812,560.4099731445312,559.9299926757812,560.3049926757812,560.3049926757812,15288
2024-03-11 15:49:00-04:00,560.1649780273438,560.4102172851562,560.10498046875,560.10498046875,560.10498046875,6225
2024-03-11 15:50:00-04:00,560.3300170898438,560.5900268554688,560.0900268554688,560.1900024414062,560.1900024414062,18977
2024-03-11 15:51:00-04:00,560.1849975585938,560.489990234375,560.1199951171875,560.1400146484375,560.1400146484375,11154
2024-03-11 15:52:00-04:00,560.2650146484375,560.6199951171875,560.0999755859375,560.4500122070312,560.4500122070312,18721
2024-03-11 15:53:00-04:00,560.5050048828125,560.8699951171875,560.2899780273438,560.4400024414062,560.4400024414062,26666
2024-03-11 15:54:00-04:00,560.5399780273438,560.8800048828125,559.9600219726562,560.52001953125,560.52001953125,24194
2024-03-11 15:55:00-04:00,560.75,560.760009765625,560.27001953125,560.5349731445312,560.5349731445312,14412
2024-03-11 15:56:00-04:00,560.4299926757812,560.510009765625,560.1400146484375,560.1799926757812,560.1799926757812,15936
2024-03-11 15:57:00-04:00,560.22998046875,560.6199951171875,560.22998046875,560.5499877929688,560.5499877929688,19321
2024-03-11 15:58:00-04:00,560.6599731445312,560.6599731445312,560.2650146484375,560.2650146484375,560.2650146484375,24819
2024-03-11 15:59:00-04:00,560.3099975585938,560.5850219726562,560.1300048828125,560.1599731445312,560.1599731445312,45145
2024-03-12 09:30:00-04:00,569.375,569.375,569.375,569.375,569.375,92610
2024-03-12 09:31:00-04:00,568.969970703125,569.3800048828125,568.6199951171875,569.043212890625,569.043212890625,12935
2024-03-12 09:32:00-04:00,569.5800170898438,570.6799926757812,569.5599975585938,569.9776000976562,569.9776000976562,15914
2024-03-12 09:33:00-04:00,570.0,571.969970703125,570.0,571.02001953125,571.02001953125,15838
2024-03-12 09:34:00-04:00,570.0,570.0,569.1900024414062,569.97998046875,569.97998046875,19901
2024-03-12 09:35:00-04:00,570.0,570.0,569.4500122070312,569.4500122070312,569.4500122070312,11507
2024-03-12 09:36:00-04:00,568.6099853515625,568.7249755859375,567.6199951171875,567.719970703125,567.719970703125,21171
2024-03-12 09:37:00-04:00,566.25,567.5999755859375,566.0399780273438,567.02001953125,567.02001953125,18799
2024-03-12 09:38:00-04:00,567.5,567.8499755859375,566.6400146484375,566.760009765625,566.760009765625,10958
2024-03-12 09:39:00-04:00,566.719970703125,566.719970703125,565.8800048828125,565.8800048828125,565.8800048828125,12986
2024-03-12 09:40:00-04:00,566.25,566.25,566.2100219726562,566.2100219726562,566.2100219726562,7105
2024-03-12 09:41:00-04:00,566.0,566.6981811523438,565.8599853515625,566.6981811523438,566.6981811523438,14879
2024-03-12 09:42:00-04:00,563.9099731445312,563.9099731445312,563.8859252929688,563.8859252929688,563.8859252929688,17279
2024-03-12 09:43:00-04:00,563.75,563.75,563.75,563.75,563.75,16478
2024-03-12 09:44:00-04:00,563.5,564.469970703125,563.27001953125,564.3499755859375,564.3499755859375,6147
2024-03-12 09:45:00-04:00,563.52001953125,564.739990234375,563.52001953125,564.2354736328125,564.2354736328125,21105
2024-03-12 09:46:00-04:00,563.9450073242188,564.9349975585938,562.989990234375,564.6900024414062,564.6900024414062,11737
2024-03-12 09:47:00-04:00,564.77001953125,564.989990234375,564.030029296875,564.327392578125,564.327392578125,6491
2024-03-12 09:48:00-04:00,564.0399780273438,564.344970703125,563.2000122070312,563.4299926757812,563.4299926757812,13061
2024-03-12 09:49:00-04:00,563.2000122070312,564.935791015625,562.5999755859375,564.7249755859375,564.7249755859375,18361
2024-03-12 09:50:00-04:00,564.739990234375,565.3300170898438,564.4296875,565.3150024414062,565.3150024414062,3659
2024-03-12 09:51:00-04:00,565.2650146484375,565.6799926757812,565.239990234375,565.6799926757812,565.6799926757812,3490
2024-03-12 09:52:00-04:00,565.5050048828125,566.1300048828125,565.0,565.7349853515625,565.7349853515625,20937
2024-03-12 09:53:00-04:00,565.8400268554688,566.6099853515625,565.719970703125,565.9600219726562,565.9600219726562,10807
2024-03-12 09:54:00-04:00,566.1599731445312,566.7100219726562,566.0,566.439697265625,566.439697265625,5080
2024-03-12 09:55:00-04:00,566.6900024414062,566.7100219726562,565.8499755859375,566.2100219726562,566.2100219726562,14540
2024-03-12 09:56:00-04:00,565.8400268554688,568.0900268554688,565.8400268554688,568.0900268554688,568.0900268554688,12019
2024-03-12 09:57:00-04:00,567.8499755859375,568.4400024414062,567.6900024414062,568.4199829101562,568.4199829101562,5644
2024-03-12 09:58:00-04:00,568.0549926757812,568.6699829101562,568.02001953125,568.5499877929688,568.5499877929688,7602
2024-03-12 09:59:00-04:00,568.6406860351562,569.9500122070312,568.5999755859375,569.9500122070312,569.9500122070312,16174
2024-03-12 10:00:00-04:00,569.5474853515625,569.8200073242188,569.0900268554688,569.3599853515625,569.3599853515625,6794
2024-03-12 10:01:00-04:00,569.239990234375,570.2999877929688,569.1199951171875,570.0999755859375,570.0999755859375,35969
2024-03-12 10:02:00-04:00,570.3400268554688,570.3400268554688,569.780029296875,569.780029296875,569.780029296875,5278
2024-03-12 10:03:00-04:00,569.8250122070312,570.0,569.5,569.6500244140625,569.6500244140625,8638
2024-03-12 10:04:00-04:00,569.780029296875,571.10498046875,569.72998046875,570.8800048828125,570.8800048828125,8137
2024-03-12 10:05:00-04:00,570.6599731445312,571.1799926757812,570.5150146484375,570.7999877929688,570.7999877929688,7911
2024-03-12 10:06:00-04:00,570.9650268554688,571.02001953125,570.3699951171875,570.9998779296875,570.9998779296875,8737
2024-03-12 10:07:00-04:00,570.6900024414062,570.9598999023438,569.72998046875,570.1400146484375,570.1400146484375,8568
2024-03-12 10:08:00-04:00,569.780029296875,569.780029296875,569.0999755859375,569.3200073242188,569.3200073242188,6675
2024-03-12 10:09:00-04:00,569.3699951171875,569.52001953125,568.4400024414062,568.4400024414062,568.4400024414062,5895
2024-03-12 10:10:00-04:00,568.97998046875,569.5050048828125,568.780029296875,569.5050048828125,569.5050048828125,4896
2024-03-12 10:11:00-04:00,569.7000122070312,569.7000122070312,569.1799926757812,569.219970703125,569.219970703125,1739
2024-03-12 10:12:00-04:00,569.3800048828125,569.6300048828125,569.1539916992188,569.1539916992188,569.1539916992188,4614
2024-03-12 10:13:00-04:00,569.0,569.530029296875,568.8049926757812,569.280029296875,569.280029296875,5137
2024-03-12 10:14:00-04:00,568.6473999023438,569.0346069335938,567.8200073242188,568.2598876953125,568.2598876953125,5307
2024-03-12 10:15:00-04:00,568.0399780273438,569.2899780273438,568.0399780273438,569.2899780273438,569.2899780273438,5461
2024-03-12 10:16:00-04:00,569.0999755859375,569.3699951171875,569.010009765625,569.010009765625,569.010009765625,3775
2024-03-12 10:17:00-04:00,569.5900268554688,569.5900268554688,569.0599975585938,569.2899780273438,569.2899780273438,6793
2024-03-12 10:18:00-04:00,569.57421875,569.8150024414062,569.0,569.8150024414062,569.8150024414062,8292
2024-03-12 10:19:00-04:00,570.0,570.8300170898438,569.8629150390625,570.52001953125,570.52001953125,5730
2024-03-12 10:20:00-04:00,570.5700073242188,570.8989868164062,570.469970703125,570.60498046875,570.60498046875,2879
2024-03-12 10:21:00-04:00,570.2999877929688,570.760009765625,570.2999877929688,570.719970703125,570.719970703125,4038
2024-03-12 10:22:00-04:00,570.6699829101562,571.4998779296875,570.2899780273438,571.1699829101562,571.1699829101562,11953
2024-03-12 10:23:00-04:00,571.027099609375,571.6538696289062,571.027099609375,571.6538696289062,571.6538696289062,5363
2024-03-12 10:24:00-04:00,571.2999877929688,571.75,571.219970703125,571.75,571.75,3194
2024-03-12 10:25:00-04:00,571.9000244140625,571.9000244140625,571.0399780273438,571.1300048828125,571.1300048828125,8300
2024-03-12 10:26:00-04:00,571.27001953125,571.5349731445312,571.25,571.5349731445312,571.5349731445312,4125
2024-03-12 10:27:00-04:00,571.3300170898438,571.4500122070312,570.530029296875,570.530029296875,570.530029296875,4917
2024-03-12 10:28:00-04:00,570.8419799804688,571.8699951171875,570.8419799804688,571.02001953125,571.02001953125,10337
2024-03-12 10:29:00-04:00,570.8897094726562,571.2999877929688,570.8897094726562,571.239990234375,571.239990234375,1717
2024-03-12 10:30:00-04:00,571.3800048828125,572.0,571.3800048828125,571.7150268554688,571.7150268554688,3651
2024-03-12 10:31:00-04:00,571.7349853515625,572.6036987304688,571.7349853515625,572.510009765625,572.510009765625,14677
2024-03-12 10:32:00-04:00,572.3200073242188,572.4000244140625,572.030029296875,572.2000122070312,572.2000122070312,2876
2024-03-12 10:33:00-04:00,571.9299926757812,572.0,571.530029296875,571.5599975585938,571.5599975585938,3120
2024-03-12 10:34:00-04:00,571.239990234375,571.5800170898438,571.0999755859375,571.5800170898438,571.5800170898438,4419
2024-03-12 10:35:00-04:00,571.7849731445312,571.7849731445312,571.3200073242188,571.469970703125,571.469970703125,3952
2024-03-12 10:36:00-04:00,571.6400146484375,572.02001953125,571.5,571.875,571.875,5534
2024-03-12 10:37:00-04:00,571.9000244140625,572.27001953125,571.9000244140625,572.19921875,572.19921875,1830
2024-03-12 10:38:00-04:00,572.3300170898438,572.719970703125,572.3300170898438,572.5449829101562,572.5449829101562,3710
2024-03-12 10:39:00-04:00,572.5449829101562,572.5449829101562,571.5499877929688,571.5499877929688,571.5499877929688,5303
2024-03-12 10:40:00-04:00,571.2999877929688,571.8099975585938,571.2999877929688,571.6900024414062,571.6900024414062,4156
2024-03-12 10:41:00-04:00,571.6900024414062,571.75,570.739990234375,570.9949951171875,570.9949951171875,7901
2024-03-12 10:42:00-04:00,570.9600219726562,570.9600219726562,570.2949829101562,570.2949829101562,570.2949829101562,2130
2024-03-12 10:43:00-04:00,570.260009765625,570.52001953125,570.260009765625,570.2999877929688,570.2999877929688,2111
2024-03-12 10:44:00-04:00,570.1799926757812,570.72998046875,570.055419921875,570.72998046875,570.72998046875,4879
2024-03-12 10:45:00-04:00,570.72998046875,571.463623046875,570.530029296875,571.0,571.0,8778
2024-03-12 10:46:00-04:00,571.2374877929688,571.2374877929688,570.75,571.1900024414062,571.1900024414062,3734
2024-03-12 10:47:00-04:00,571.3099975585938,571.7899780273438,571.2999877929688,571.780029296875,571.780029296875,8740
2024-03-12 10:48:00-04:00,571.97998046875,572.0499877929688,571.7999877929688,572.0449829101562,572.0449829101562,4028
2024-03-12 10:49:00-04:00,572.0449829101562,572.1699829101562,571.719970703125,572.0798950195312,572.0798950195312,3610
2024-03-12 10:50:00-04:00,571.8300170898438,571.8300170898438,570.9149780273438,570.9149780273438,570.9149780273438,5420
2024-03-12 10:51:00-04:00,571.0650024414062,571.5599975585938,571.0,571.0,571.0,10637
2024-03-12 10:52:00-04:00,571.4099731445312,571.8699951171875,571.1500244140625,571.8699951171875,571.8699951171875,4566
2024-03-12 10:53:00-04:00,571.9550170898438,572.27001953125,571.9400024414062,572.2249755859375,572.2249755859375,2395
2024-03-12 10:54:00-04:00,572.3599853515625,572.6300048828125,572.130126953125,572.4299926757812,572.4299926757812,4933
2024-03-12 10:55:00-04:00,572.4299926757812,572.4998779296875,572.0800170898438,572.0800170898438,572.0800170898438,4758
2024-03-12 10:56:00-04:00,572.2703247070312,572.2703247070312,571.5499877929688,571.8099975585938,571.8099975585938,7378
2024-03-12 10:57:00-04:00,571.5700073242188,571.905029296875,571.5700073242188,571.7000122070312,571.7000122070312,4132
2024-03-12 10:58:00-04:00,571.8599243164062,571.8599243164062,571.280029296875,571.5098876953125,571.5098876953125,2751
2024-03-12 10:59:00-04:00,571.39501953125,571.8599853515625,571.280029296875,571.8599853515625,571.8599853515625,5636
2024-03-12 11:00:00-04:00,572.0499877929688,572.2899169921875,571.6900024414062,571.8400268554688,571.8400268554688,4090
2024-03-12 11:01:00-04:00,571.8067016601562,572.0,571.52001953125,571.7100219726562,571.7100219726562,4421
2024-03-12 11:02:00-04:00,571.7504272460938,572.1900024414062,571.5900268554688,572.1900024414062,572.1900024414062,4468
2024-03-12 11:03:00-04:00,572.1500244140625,572.4199829101562,571.9099731445312,571.9099731445312,571.9099731445312,3888
2024-03-12 11:04:00-04:00,571.72998046875,571.760009765625,571.5,571.5499877929688,571.5499877929688,2824
2024-03-12 11:05:00-04:00,571.35009765625,571.6799926757812,571.280029296875,571.5700073242188,571.5700073242188,4050
2024-03-12 11:06:00-04:00,571.6300048828125,572.0599975585938,571.4400024414062,571.8800048828125,571.8800048828125,2888
2024-03-12 11:07:00-04:00,571.9199829101562,572.1099853515625,571.75,572.0,572.0,5093
2024-03-12 11:08:00-04:00,571.9099731445312,572.094970703125,571.8731079101562,572.0,572.0,3245
2024-03-12 11:09:00-04:00,572.0,572.3099975585938,571.6314086914062,571.6314086914062,571.6314086914062,7170
2024-03-12 11:10:00-04:00,571.7899780273438,572.0850219726562,571.6199951171875,571.6199951171875,571.6199951171875,1851
2024-03-12 11:11:00-04:00,571.8699951171875,572.1599731445312,571.8699951171875,572.010498046875,572.010498046875,2695
2024-03-12 11:12:00-04:00,572.2401123046875,572.2401123046875,571.96630859375,572.0599975585938,572.0599975585938,2303
2024-03-12 11:13:00-04:00,572.0700073242188,572.1799926757812,571.8599853515625,572.0433959960938,572.0433959960938,3521
2024-03-12 11:14:00-04:00,572.0599975585938,572.5650024414062,571.9566040039062,572.5650024414062,572.5650024414062,6351
2024-03-12 11:15:00-04:00,572.530029296875,572.8099975585938,572.530029296875,572.6699829101562,572.6699829101562,8316
2024-03-12 11:16:00-04:00,572.6099853515625,572.75,572.510009765625,572.6300048828125,572.6300048828125,6414
2024-03-12 11:17:00-04:00,572.64501953125,572.64501953125,572.5,572.530029296875,572.530029296875,1844
2024-03-12 11:18:00-04:00,572.530029296875,572.7235107421875,572.3400268554688,572.3900146484375,572.3900146484375,4739
2024-03-12 11:19:00-04:00,572.5698852539062,572.5698852539062,572.1300048828125,572.3524780273438,572.3524780273438,3447
2024-03-12 11:20:00-04:00,572.344970703125,572.6099853515625,572.1900024414062,572.2949829101562,572.2949829101562,7918
2024-03-12 11:21:00-04:00,572.2949829101562,572.4730224609375,572.0399780273438,572.0399780273438,572.0399780273438,3125
2024-03-12 11:22:00-04:00,572.2349853515625,572.469970703125,572.2349853515625,572.4099731445312,572.4099731445312,2182
2024-03-12 11:23:00-04:00,572.4199829101562,572.9000244140625,572.4099731445312,572.9000244140625,572.9000244140625,8323
2024-03-12 11:24:00-04:00,572.7650146484375,572.7650146484375,572.5800170898438,572.5800170898438,572.5800170898438,3053
2024-03-12 11:25:00-04:00,572.8298950195312,572.8298950195312,572.3499755859375,572.6199951171875,572.6199951171875,4906
2024-03-12 11:26:00-04:00,572.780029296875,573.198974609375,572.739990234375,572.969970703125,572.969970703125,10292
2024-03-12 11:27:00-04:00,573.010009765625,573.10498046875,573.0,573.0,573.0,4267
2024-03-12 11:28:00-04:00,573.0599975585938,573.2299194335938,572.7999877929688,572.7999877929688,572.7999877929688,5952
2024-03-12 11:29:00-04:00,572.760009765625,572.7999877929688,572.6900024414062,572.7750244140625,572.7750244140625,3368
2024-03-12 11:30:00-04:00,572.9299926757812,572.97998046875,572.1771240234375,572.2949829101562,572.2949829101562,7603
2024-03-12 11:31:00-04:00,572.2949829101562,572.5,572.090087890625,572.5,572.5,3982
2024-03-12 11:32:00-04:00,572.4099731445312,572.634521484375,572.3175048828125,572.634521484375,572.634521484375,1944
2024-03-12 11:33:00-04:00,572.5250244140625,572.8200073242188,572.3438110351562,572.655029296875,572.655029296875,6713
2024-03-12 11:34:00-04:00,572.8400268554688,573.0,572.614990234375,572.9849853515625,572.9849853515625,3878
2024-03-12 11:35:00-04:00,572.8599853515625,573.0549926757812,572.3599853515625,572.3599853515625,572.3599853515625,10663
2024-03-12 11:36:00-04:00,572.489990234375,572.614990234375,572.2938232421875,572.5999755859375,572.5999755859375,4055
2024-03-12 11:37:00-04:00,572.5999755859375,572.7166137695312,572.5999755859375,572.7166137695312,572.7166137695312,957
2024-03-12 11:38:00-04:00,572.5900268554688,573.0150146484375,572.510009765625,573.0150146484375,573.0150146484375,5752
2024-03-12 11:39:00-04:00,572.9749755859375,573.125,572.8775024414062,572.942626953125,572.942626953125,2233
2024-03-12 11:40:00-04:00,572.7899780273438,572.9375,572.22998046875,572.344970703125,572.344970703125,7090
2024-03-12 11:41:00-04:00,572.3800048828125,572.4600219726562,572.1699829101562,572.3200073242188,572.3200073242188,4246
2024-03-12 11:42:00-04:00,572.3099975585938,572.3499755859375,571.9400024414062,571.9500122070312,571.9500122070312,8230
2024-03-12 11:43:00-04:00,571.9500122070312,572.1174926757812,571.85498046875,571.9550170898438,571.9550170898438,6102
2024-03-12 11:44:00-04:00,572.1300048828125,572.239990234375,571.6099853515625,571.6099853515625,571.6099853515625,6242
2024-03-12 11:45:00-04:00,571.27001953125,571.3300170898438,570.7899780273438,571.0401000976562,571.0401000976562,7080
2024-03-12 11:46:00-04:00,571.2702026367188,571.2702026367188,570.7000122070312,570.9099731445312,570.9099731445312,5778
2024-03-12 11:47:00-04:00,571.0900268554688,571.8200073242188,571.0900268554688,571.8200073242188,571.8200073242188,3481
2024-03-12 11:48:00-04:00,571.6799926757812,571.6799926757812,571.6799926757812,571.6799926757812,571.6799926757812,824
2024-03-12 11:49:00-04:00,571.97998046875,572.4400024414062,571.97998046875,572.4400024414062,572.4400024414062,5820
2024-03-12 11:50:00-04:00,572.6199951171875,572.7949829101562,572.5399780273438,572.7949829101562,572.7949829101562,2622
2024-03-12 11:51:00-04:00,572.6500244140625,572.8300170898438,572.6099853515625,572.6099853515625,572.6099853515625,4785
2024-03-12 11:52:00-04:00,572.635009765625,572.6699829101562,572.2100219726562,572.2100219726562,572.2100219726562,3185
2024-03-12 11:53:00-04:00,572.1900024414062,572.739990234375,572.1500244140625,572.6500244140625,572.6500244140625,4572
2024-03-12 11:54:00-04:00,572.6500244140625,572.989990234375,572.6500244140625,572.8599853515625,572.8599853515625,4744
2024-03-12 11:55:00-04:00,572.97998046875,572.97998046875,572.4600219726562,572.4600219726562,572.4600219726562,6223
2024-03-12 11:56:00-04:00,572.3800048828125,572.4600219726562,572.1400146484375,572.2899780273438,572.2899780273438,4254
2024-03-12 11:57:00-04:00,572.2100219726562,572.2100219726562,572.080078125,572.080078125,572.080078125,6038
2024-03-12 11:58:00-04:00,572.219970703125,572.219970703125,571.8400268554688,571.9650268554688,571.9650268554688,5509
2024-03-12 11:59:00-04:00,571.97998046875,572.1099853515625,571.6500244140625,571.7000122070312,571.7000122070312,5154
2024-03-12 12:00:00-04:00,571.8599853515625,572.0999755859375,571.5599975585938,571.5599975585938,571.5599975585938,6696
2024-03-12 12:01:00-04:00,571.3900146484375,571.6300048828125,571.3900146484375,571.5549926757812,571.5549926757812,2978
2024-03-12 12:02:00-04:00,571.3200073242188,571.52001953125,570.9000244140625,570.9000244140625,570.9000244140625,4669
2024-03-12 12:03:00-04:00,570.989990234375,570.989990234375,570.989990234375,570.989990234375,570.989990234375,1234
2024-03-12 12:04:00-04:00,570.9199829101562,571.1799926757812,570.9000244140625,571.1400146484375,571.1400146484375,5413
2024-03-12 12:05:00-04:00,570.9099731445312,571.25,570.860107421875,570.9500122070312,570.9500122070312,4175
2024-03-12 12:06:00-04:00,571.1199951171875,571.1300048828125,570.7999877929688,571.0800170898438,571.0800170898438,10229
2024-03-12 12:07:00-04:00,571.0599975585938,571.1500244140625,570.9183959960938,570.9183959960938,570.9183959960938,2645
2024-03-12 12:08:00-04:00,571.25,571.5,571.239990234375,571.3250122070312,571.3250122070312,3983
2024-03-12 12:09:00-04:00,571.1599731445312,571.4400024414062,571.0,571.3699951171875,571.3699951171875,16495
2024-03-12 12:10:00-04:00,571.219970703125,572.1099853515625,571.219970703125,571.760009765625,571.760009765625,3758
2024-03-12 12:11:00-04:00,571.6099853515625,572.02001953125,571.6099853515625,571.7050170898438,571.7050170898438,2056
2024-03-12 12:12:00-04:00,571.7050170898438,572.0700073242188,571.7050170898438,571.967529296875,571.967529296875,2653
2024-03-12 12:13:00-04:00,572.1599731445312,572.27001953125,572.1599731445312,572.2000122070312,572.2000122070312,1955
2024-03-12 12:14:00-04:00,572.47998046875,572.47998046875,572.2899780273438,572.2949829101562,572.2949829101562,1208
2024-03-12 12:15:00-04:00,572.2949829101562,572.3635864257812,571.8800048828125,571.8800048828125,571.8800048828125,4311
2024-03-12 12:16:00-04:00,571.77001953125,571.8350219726562,571.4500122070312,571.4500122070312,571.4500122070312,5038
2024-03-12 12:17:00-04:00,571.4849853515625,571.6300048828125,571.4400024414062,571.4500122070312,571.4500122070312,4106
2024-03-12 12:18:00-04:00,571.3499755859375,571.72998046875,571.1599731445312,571.260009765625,571.260009765625,4670
2024-03-12 12:19:00-04:00,571.3900146484375,571.8800048828125,571.2999877929688,571.2999877929688,571.2999877929688,3332
2024-03-12 12:20:00-04:00,571.280029296875,571.3200073242188,571.0,571.1699829101562,571.1699829101562,12466
2024-03-12 12:21:00-04:00,570.9213256835938,571.1599731445312,570.9213256835938,571.0706787109375,571.0706787109375,2923
2024-03-12 12:22:00-04:00,571.1799926757812,571.260009765625,570.7999877929688,570.7999877929688,570.7999877929688,6050
2024-03-12 12:23:00-04:00,570.5349731445312,571.0599975585938,570.5349731445312,570.8599853515625,570.8599853515625,4081
2024-03-12 12:24:00-04:00,570.8200073242188,570.9255981445312,570.8200073242188,570.8599853515625,570.8599853515625,1223
2024-03-12 12:25:00-04:00,571.030029296875,571.0700073242188,570.6699829101562,571.0700073242188,571.0700073242188,3608
2024-03-12 12:26:00-04:00,570.8245239257812,570.9849853515625,570.7949829101562,570.844970703125,570.844970703125,4424
2024-03-12 12:27:00-04:00,570.844970703125,571.0499267578125,570.719970703125,571.02001953125,571.02001953125,2487
2024-03-12 12:28:00-04:00,571.14990234375,571.14990234375,570.72998046875,571.0399780273438,571.0399780273438,3869
2024-03-12 12:29:00-04:00,571.0,571.1199951171875,570.9400024414062,571.119873046875,571.119873046875,1038
2024-03-12 12:30:00-04:00,570.9500122070312,571.1099853515625,570.8300170898438,570.9500122070312,570.9500122070312,3283
2024-03-12 12:31:00-04:00,570.9500122070312,570.9500122070312,570.6799926757812,570.8699951171875,570.8699951171875,17701
2024-03-12 12:32:00-04:00,570.885009765625,571.0700073242188,570.7100219726562,571.0700073242188,571.0700073242188,3821
2024-03-12 12:33:00-04:00,570.9000244140625,571.02001953125,570.719970703125,570.7849731445312,570.7849731445312,10786
2024-03-12 12:34:00-04:00,570.7849731445312,571.27001953125,570.77001953125,571.27001953125,571.27001953125,3766
2024-03-12 12:35:00-04:00,571.3900146484375,571.469970703125,571.1699829101562,571.2999877929688,571.2999877929688,4312
2024-03-12 12:36:00-04:00,571.4498901367188,571.4498901367188,570.6300048828125,570.780029296875,570.780029296875,6345
2024-03-12 12:37:00-04:00,570.6699829101562,570.719970703125,570.1500244140625,570.719970703125,570.719970703125,14012
2024-03-12 12:38:00-04:00,570.5750122070312,570.77001953125,570.27001953125,570.6900024414062,570.6900024414062,6150
2024-03-12 12:39:00-04:00,570.7150268554688,570.7150268554688,570.3983764648438,570.5499877929688,570.5499877929688,970
2024-03-12 12:40:00-04:00,570.72998046875,570.8800048828125,570.719970703125,570.8200073242188,570.8200073242188,7308
2024-03-12 12:41:00-04:00,570.5900268554688,571.1099853515625,570.5054931640625,571.1099853515625,571.1099853515625,4349
2024-03-12 12:42:00-04:00,570.9749755859375,571.280029296875,570.8355712890625,571.280029296875,571.280029296875,3512
2024-03-12 12:43:00-04:00,571.260009765625,571.364990234375,571.260009765625,571.3350219726562,571.3350219726562,5107
2024-03-12 12:44:00-04:00,571.3350219726562,571.989990234375,571.3350219726562,571.8350219726562,571.8350219726562,2396
2024-03-12 12:45:00-04:00,571.8400268554688,571.8400268554688,570.75,571.1494140625,571.1494140625,15856
2024-03-12 12:46:00-04:00,571.219970703125,571.5999755859375,571.125,571.1900024414062,571.1900024414062,2201
2024-03-12 12:47:00-04:00,571.239990234375,571.5700073242188,571.0850219726562,571.239990234375,571.239990234375,3714
2024-03-12 12:48:00-04:00,571.5150146484375,571.5150146484375,571.0900268554688,571.1699829101562,571.1699829101562,2920
2024-03-12 12:49:00-04:00,571.219970703125,571.4400024414062,571.219970703125,571.4000244140625,571.4000244140625,1810
2024-03-12 12:50:00-04:00,571.1500244140625,571.2550048828125,571.0399780273438,571.0399780273438,571.0399780273438,1498
2024-03-12 12:51:00-04:00,571.6500244140625,571.719970703125,571.469970703125,571.60498046875,571.60498046875,2462
2024-03-12 12:52:00-04:00,571.5700073242188,571.5700073242188,571.3300170898438,571.4199829101562,571.4199829101562,4513
2024-03-12 12:53:00-04:00,571.8300170898438,571.9400024414062,571.4401245117188,571.6950073242188,571.6950073242188,1225
2024-03-12 12:54:00-04:00,571.9199829101562,571.9199829101562,571.7100219726562,571.77001953125,571.77001953125,2307
2024-03-12 12:55:00-04:00,571.8800048828125,572.114990234375,571.780029296875,572.114990234375,572.114990234375,3302
2024-03-12 12:56:00-04:00,571.7899780273438,571.8200073242188,571.4199829101562,571.52001953125,571.52001953125,5745
2024-03-12 12:57:00-04:00,571.510009765625,571.8350830078125,571.3001098632812,571.8350830078125,571.8350830078125,1670
2024-03-12 12:58:00-04:00,571.4099731445312,571.5700073242188,571.2899780273438,571.5700073242188,571.5700073242188,3298
2024-03-12 12:59:00-04:00,571.875,572.0999755859375,571.72998046875,572.0999755859375,572.0999755859375,1498
2024-03-12 13:00:00-04:00,572.0366821289062,572.0366821289062,571.719970703125,572.030029296875,572.030029296875,2567
2024-03-12 13:01:00-04:00,572.239990234375,572.239990234375,571.7000122070312,571.7050170898438,571.7050170898438,6821
2024-03-12 13:02:00-04:00,571.7050170898438,571.7050170898438,571.3200073242188,571.3200073242188,571.3200073242188,6294
2024-03-12 13:03:00-04:00,571.25,571.6599731445312,571.2000122070312,571.39501953125,571.39501953125,7596
2024-03-12 13:04:00-04:00,571.4199829101562,571.4199829101562,571.39501953125,571.39501953125,571.39501953125,717
2024-03-12 13:05:00-04:00,571.5800170898438,571.5900268554688,571.0999755859375,571.0999755859375,571.0999755859375,3558
2024-03-12 13:06:00-04:00,571.0,571.114990234375,570.780029296875,571.0,571.0,2771
2024-03-12 13:07:00-04:00,570.9149780273438,571.1900024414062,570.760009765625,570.9299926757812,570.9299926757812,15259
2024-03-12 13:08:00-04:00,570.9299926757812,571.2349853515625,570.8200073242188,570.969970703125,570.969970703125,7807
2024-03-12 13:09:00-04:00,571.219970703125,571.3350219726562,571.0701293945312,571.3350219726562,571.3350219726562,2213
2024-03-12 13:10:00-04:00,571.280029296875,571.3817138671875,570.9400024414062,570.9400024414062,570.9400024414062,3111
2024-03-12 13:11:00-04:00,571.239990234375,571.389892578125,571.155029296875,571.1599731445312,571.1599731445312,1087
2024-03-12 13:12:00-04:00,571.1599731445312,571.3900146484375,570.9400024414062,570.97998046875,570.97998046875,3323
2024-03-12 13:13:00-04:00,571.14501953125,571.3900146484375,570.9500122070312,571.3300170898438,571.3300170898438,3018
2024-03-12 13:14:00-04:00,571.239990234375,571.2750244140625,571.239990234375,571.2750244140625,571.2750244140625,1939
2024-03-12 13:15:00-04:00,571.25,571.4299926757812,571.25,571.27001953125,571.27001953125,1994
2024-03-12 13:16:00-04:00,571.469970703125,571.75,571.27001953125,571.75,571.75,4088
2024-03-12 13:17:00-04:00,571.7999877929688,571.7999877929688,571.5252075195312,571.5252075195312,571.5252075195312,2783
2024-03-12 13:18:00-04:00,571.6599731445312,571.8599853515625,571.6599731445312,571.739990234375,571.739990234375,1898
2024-03-12 13:19:00-04:00,571.8300170898438,572.0850219726562,571.739990234375,572.030029296875,572.030029296875,3509
2024-03-12 13:20:00-04:00,572.260009765625,572.3599853515625,572.1300048828125,572.3599853515625,572.3599853515625,2371
2024-03-12 13:21:00-04:00,572.3800048828125,572.7349853515625,572.3049926757812,572.7349853515625,572.7349853515625,3074
2024-03-12 13:22:00-04:00,572.739990234375,572.739990234375,572.1500244140625,572.1500244140625,572.1500244140625,4086
2024-03-12 13:23:00-04:00,572.1099853515625,572.3900146484375,572.1099853515625,572.3900146484375,572.3900146484375,1607
2024-03-12 13:24:00-04:00,572.5900268554688,572.77001953125,572.5900268554688,572.739990234375,572.739990234375,1734
2024-03-12 13:25:00-04:00,572.8800048828125,572.8800048828125,572.780029296875,572.8300170898438,572.8300170898438,1491
2024-03-12 13:26:00-04:00,572.6599731445312,572.8200073242188,572.510009765625,572.510009765625,572.510009765625,3289
2024-03-12 13:27:00-04:00,572.5800170898438,572.5800170898438,572.5800170898438,572.5800170898438,572.5800170898438,668
2024-03-12 13:28:00-04:00,572.6607055664062,572.6607055664062,572.3800048828125,572.3900146484375,572.3900146484375,2178
2024-03-12 13:29:00-04:00,572.3200073242188,572.4299926757812,572.1799926757812,572.4000244140625,572.4000244140625,4215
2024-03-12 13:30:00-04:00,572.1356201171875,572.4199829101562,572.1099853515625,572.3300170898438,572.3300170898438,3172
2024-03-12 13:31:00-04:00,572.5999755859375,572.9699096679688,572.5999755859375,572.77001953125,572.77001953125,1420
2024-03-12 13:32:00-04:00,572.760009765625,572.9600219726562,572.760009765625,572.9600219726562,572.9600219726562,918
2024-03-12 13:33:00-04:00,572.8200073242188,573.010009765625,572.6107177734375,573.010009765625,573.010009765625,3628
2024-03-12 13:34:00-04:00,573.030029296875,573.030029296875,572.8300170898438,572.97998046875,572.97998046875,3239
2024-03-12 13:35:00-04:00,573.0399780273438,573.280029296875,573.0399780273438,573.1599731445312,573.1599731445312,2596
2024-03-12 13:36:00-04:00,573.2000122070312,573.2000122070312,573.0050048828125,573.0999755859375,573.0999755859375,2815
2024-03-12 13:37:00-04:00,573.0999755859375,573.27001953125,573.0999755859375,573.2050170898438,573.2050170898438,2894
2024-03-12 13:38:00-04:00,573.1300048828125,573.27001953125,573.1199951171875,573.27001953125,573.27001953125,2815
2024-03-12 13:39:00-04:00,573.135009765625,573.2799072265625,572.989990234375,573.0650024414062,573.0650024414062,3478
2024-03-12 13:40:00-04:00,572.97998046875,573.1900024414062,572.8400268554688,573.1900024414062,573.1900024414062,5006
2024-03-12 13:41:00-04:00,573.3099975585938,573.3699951171875,573.1900024414062,573.3699951171875,573.3699951171875,2746
2024-03-12 13:42:00-04:00,573.3624877929688,573.614990234375,573.3250122070312,573.5599975585938,573.5599975585938,2041
2024-03-12 13:43:00-04:00,573.6199951171875,573.9099731445312,573.6199951171875,573.9000244140625,573.9000244140625,3351
2024-03-12 13:44:00-04:00,573.8099975585938,573.9500122070312,573.7899780273438,573.9500122070312,573.9500122070312,4065
2024-03-12 13:45:00-04:00,574.0,574.2839965820312,573.8099975585938,573.8099975585938,573.8099975585938,8537
2024-03-12 13:46:00-04:00,573.844970703125,573.9099731445312,573.6699829101562,573.9099731445312,573.9099731445312,4485
2024-03-12 13:47:00-04:00,573.8699951171875,574.1900024414062,573.7739868164062,574.11669921875,574.11669921875,5108
2024-03-12 13:48:00-04:00,574.1799926757812,574.4199829101562,574.1143188476562,574.3699951171875,574.3699951171875,2748
2024-03-12 13:49:00-04:00,574.3400268554688,574.469970703125,574.2000122070312,574.3150024414062,574.3150024414062,4177
2024-03-12 13:50:00-04:00,574.3150024414062,574.3150024414062,574.0700073242188,574.0700073242188,574.0700073242188,3455
2024-03-12 13:51:00-04:00,574.22998046875,574.239990234375,573.8800048828125,574.0700073242188,574.0700073242188,7582
2024-03-12 13:52:00-04:00,574.14501953125,574.166015625,574.0399780273438,574.125,574.125,1581
2024-03-12 13:53:00-04:00,574.125,574.125,573.760009765625,573.7949829101562,573.7949829101562,3698
2024-03-12 13:54:00-04:00,573.8200073242188,573.8200073242188,573.5599975585938,573.5599975585938,573.5599975585938,3854
2024-03-12 13:55:00-04:00,573.869873046875,573.869873046875,573.5549926757812,573.8499755859375,573.8499755859375,4395
2024-03-12 13:56:00-04:00,573.728271484375,573.728271484375,573.728271484375,573.728271484375,573.728271484375,345
2024-03-12 13:57:00-04:00,573.7750244140625,574.0900268554688,573.7750244140625,574.0250244140625,574.0250244140625,5314
2024-03-12 13:58:00-04:00,574.02001953125,574.02001953125,573.97998046875,573.97998046875,573.97998046875,3088
2024-03-12 13:59:00-04:00,573.77001953125,574.0,573.75,574.0,574.0,2378
2024-03-12 14:00:00-04:00,573.842529296875,574.0,573.8350219726562,574.0,574.0,4275
2024-03-12 14:01:00-04:00,574.0,574.1400146484375,573.7675170898438,574.1400146484375,574.1400146484375,2751
2024-03-12 14:02:00-04:00,573.9777221679688,574.0,573.760009765625,573.97998046875,573.97998046875,4491
2024-03-12 14:03:00-04:00,573.989990234375,574.6699829101562,573.9749755859375,574.6699829101562,574.6699829101562,17480
2024-03-12 14:04:00-04:00,574.6749877929688,575.239990234375,574.2781982421875,574.35498046875,574.35498046875,17705
2024-03-12 14:05:00-04:00,574.35498046875,574.5549926757812,574.2100219726562,574.530029296875,574.530029296875,7554
2024-03-12 14:06:00-04:00,574.3499755859375,574.52001953125,574.219970703125,574.3300170898438,574.3300170898438,2374
2024-03-12 14:07:00-04:00,574.4949951171875,574.5999755859375,574.2000122070312,574.2160034179688,574.2160034179688,6667
2024-03-12 14:08:00-04:00,574.35888671875,574.5,574.260009765625,574.5,574.5,1080
2024-03-12 14:09:00-04:00,574.5,574.6300048828125,574.1900024414062,574.2249755859375,574.2249755859375,4539
2024-03-12 14:10:00-04:00,574.2750244140625,574.5,574.2750244140625,574.5,574.5,1255
2024-03-12 14:11:00-04:00,574.3599853515625,574.64501953125,574.219970703125,574.5521850585938,574.5521850585938,8810
2024-03-12 14:12:00-04:00,574.5,574.7698974609375,574.219970703125,574.6038208007812,574.6038208007812,10418
2024-03-12 14:13:00-04:00,574.239990234375,574.3350219726562,573.9299926757812,573.9299926757812,573.9299926757812,2825
2024-03-12 14:14:00-04:00,573.905029296875,573.905029296875,573.5399780273438,573.6599731445312,573.6599731445312,4809
2024-03-12 14:15:00-04:00,573.385009765625,573.4349975585938,573.228515625,573.27001953125,573.27001953125,3539
2024-03-12 14:16:00-04:00,573.5800170898438,573.9000244140625,573.5650024414062,573.8699951171875,573.8699951171875,3410
2024-03-12 14:17:00-04:00,573.7249755859375,574.1900024414062,573.7249755859375,574.0,574.0,2001
2024-03-12 14:18:00-04:00,574.4310302734375,574.4310302734375,574.0800170898438,574.2349853515625,574.2349853515625,4486
2024-03-12 14:19:00-04:00,574.010009765625,574.3389282226562,573.9199829101562,574.3389282226562,574.3389282226562,5207
2024-03-12 14:20:00-04:00,574.094970703125,574.4349975585938,574.0900268554688,574.41748046875,574.41748046875,8081
2024-03-12 14:21:00-04:00,574.260009765625,574.6400146484375,574.260009765625,574.5499267578125,574.5499267578125,3949
2024-03-12 14:22:00-04:00,574.3499755859375,574.760009765625,574.3499755859375,574.5900268554688,574.5900268554688,10092
2024-03-12 14:23:00-04:00,574.5900268554688,574.625,574.22998046875,574.4500122070312,574.4500122070312,10746
2024-03-12 14:24:00-04:00,574.4199829101562,575.0,574.2999877929688,574.9949951171875,574.9949951171875,12515
2024-03-12 14:25:00-04:00,574.9199829101562,575.0999755859375,574.739990234375,575.0999755859375,575.0999755859375,8265
2024-03-12 14:26:00-04:00,575.1799926757812,575.52001953125,575.1799926757812,575.4478759765625,575.4478759765625,3170
2024-03-12 14:27:00-04:00,575.5098876953125,575.6400146484375,575.3350219726562,575.6400146484375,575.6400146484375,4288
2024-03-12 14:28:00-04:00,575.510009765625,575.635009765625,575.510009765625,575.5820922851562,575.5820922851562,1625
2024-03-12 14:30:00-04:00,576.0650024414062,576.4000244140625,575.8441772460938,576.2614135742188,576.2614135742188,16325
2024-03-12 14:31:00-04:00,576.2999877929688,576.4000244140625,575.969970703125,576.02001953125,576.02001953125,7615
2024-03-12 14:32:00-04:00,576.014404296875,576.7899780273438,575.75,576.7899780273438,576.7899780273438,4242
2024-03-12 14:33:00-04:00,576.5700073242188,576.77001953125,576.0700073242188,576.22998046875,576.22998046875,5481
2024-03-12 14:34:00-04:00,576.22998046875,576.2849731445312,575.9099731445312,576.2100219726562,576.2100219726562,3923
2024-03-12 14:35:00-04:00,576.2100219726562,576.5399780273438,576.1300048828125,576.2000122070312,576.2000122070312,6137
2024-03-12 14:36:00-04:00,576.1649780273438,576.3200073242188,576.02001953125,576.1699829101562,576.1699829101562,2694
2024-03-12 14:37:00-04:00,576.1699829101562,576.3099975585938,575.8701171875,576.0,576.0,23069
2024-03-12 14:38:00-04:00,576.0,576.2000122070312,575.8099975585938,575.969970703125,575.969970703125,9171
2024-03-12 14:39:00-04:00,575.9749755859375,576.280029296875,575.85888671875,576.280029296875,576.280029296875,5685
2024-03-12 14:40:00-04:00,576.2999877929688,576.8800048828125,576.2999877929688,576.75,576.75,2337
2024-03-12 14:41:00-04:00,576.6884765625,576.8499755859375,575.6199951171875,575.8300170898438,575.8300170898438,13626
2024-03-12 14:42:00-04:00,575.9749755859375,576.0250244140625,575.9749755859375,576.0250244140625,576.0250244140625,1433
2024-03-12 14:43:00-04:00,576.25,576.25,575.8499755859375,576.1597900390625,576.1597900390625,6535
2024-03-12 14:44:00-04:00,575.9600219726562,576.3200073242188,575.9500122070312,575.989990234375,575.989990234375,4588
2024-03-12 14:45:00-04:00,576.0499877929688,576.5700073242188,576.0499877929688,576.47998046875,576.47998046875,12363
2024-03-12 14:46:00-04:00,576.35498046875,576.6400146484375,575.6824951171875,575.6824951171875,575.6824951171875,7028
2024-03-12 14:47:00-04:00,575.6849975585938,576.2999877929688,575.6849975585938,576.22998046875,576.22998046875,5089
2024-03-12 14:48:00-04:00,576.3350219726562,576.7716064453125,576.3350219726562,576.6799926757812,576.6799926757812,3468
2024-03-12 14:49:00-04:00,576.760009765625,576.77001953125,576.614990234375,576.7642822265625,576.7642822265625,2458
2024-03-12 14:50:00-04:00,576.7899780273438,577.1699829101562,576.6500244140625,576.9299926757812,576.9299926757812,14396
2024-03-12 14:51:00-04:00,576.9650268554688,577.3024291992188,576.9650268554688,577.2150268554688,577.2150268554688,7742
2024-03-12 14:52:00-04:00,577.3499755859375,577.530029296875,577.2891235351562,577.3400268554688,577.3400268554688,5785
2024-03-12 14:53:00-04:00,577.3200073242188,577.64501953125,577.3200073242188,577.5399780273438,577.5399780273438,12368
2024-03-12 14:54:00-04:00,577.5189819335938,577.5999755859375,577.0599975585938,577.239990234375,577.239990234375,11244
2024-03-12 14:55:00-04:00,577.0900268554688,577.239990234375,576.8599853515625,576.989990234375,576.989990234375,5725
2024-03-12 14:56:00-04:00,577.1500244140625,577.1500244140625,576.9299926757812,577.0800170898438,577.0800170898438,3938
2024-03-12 14:57:00-04:00,576.885498046875,577.2349853515625,576.885498046875,577.0549926757812,577.0549926757812,4010
2024-03-12 14:58:00-04:00,577.1199951171875,577.2750244140625,576.969970703125,577.1799926757812,577.1799926757812,9422
2024-03-12 14:59:00-04:00,577.1500244140625,577.1799926757812,576.7949829101562,577.0499877929688,577.0499877929688,9815
2024-03-12 15:00:00-04:00,577.0,577.1817016601562,576.22998046875,576.22998046875,576.22998046875,9394
2024-03-12 15:01:00-04:00,576.4099731445312,576.4099731445312,575.9299926757812,575.9299926757812,575.9299926757812,7640
2024-03-12 15:02:00-04:00,575.880126953125,576.1699829101562,575.75,576.0850219726562,576.0850219726562,6681
2024-03-12 15:03:00-04:00,576.0900268554688,576.3699951171875,576.0900268554688,576.260009765625,576.260009765625,5808
2024-03-12 15:04:00-04:00,576.3699951171875,576.4500122070312,576.2249755859375,576.3656005859375,576.3656005859375,1694
2024-03-12 15:05:00-04:00,576.2750244140625,576.4199829101562,576.0599975585938,576.2999877929688,576.2999877929688,6476
2024-03-12 15:06:00-04:00,576.2999877929688,576.4199829101562,576.260009765625,576.2650146484375,576.2650146484375,4429
2024-03-12 15:07:00-04:00,576.260009765625,576.52001953125,576.0999755859375,576.2557983398438,576.2557983398438,25269
2024-03-12 15:08:00-04:00,576.405029296875,576.5667114257812,576.030029296875,576.1699829101562,576.1699829101562,8358
2024-03-12 15:09:00-04:00,576.3300170898438,576.5,576.14501953125,576.4600219726562,576.4600219726562,4042
2024-03-12 15:10:00-04:00,576.4400024414062,576.5784912109375,576.2999877929688,576.5700073242188,576.5700073242188,5135
2024-03-12 15:11:00-04:00,576.60498046875,576.6599731445312,576.4600219726562,576.4785766601562,576.4785766601562,9245
2024-03-12 15:12:00-04:00,576.5750122070312,576.75,576.4299926757812,576.4299926757812,576.4299926757812,4794
2024-03-12 15:13:00-04:00,576.3699951171875,576.75,576.3599853515625,576.6300048828125,576.6300048828125,5614
2024-03-12 15:14:00-04:00,576.6400146484375,576.9199829101562,576.530029296875,576.5499877929688,576.5499877929688,7427
2024-03-12 15:15:00-04:00,576.5,576.510009765625,576.3900146484375,576.4000244140625,576.4000244140625,4775
2024-03-12 15:16:00-04:00,576.4000244140625,576.52001953125,576.2999877929688,576.4199829101562,576.4199829101562,3893
2024-03-12 15:17:00-04:00,576.52001953125,576.52001953125,576.030029296875,576.135009765625,576.135009765625,10582
2024-03-12 15:18:00-04:00,576.0900268554688,576.114990234375,575.8599853515625,575.9650268554688,575.9650268554688,4167
2024-03-12 15:19:00-04:00,576.0700073242188,576.5499877929688,576.0700073242188,576.5399780273438,576.5399780273438,5510
2024-03-12 15:20:00-04:00,576.8135986328125,577.1400146484375,576.6500244140625,577.02001953125,577.02001953125,10880
2024-03-12 15:21:00-04:00,577.02001953125,577.2150268554688,576.8400268554688,577.135009765625,577.135009765625,9990
2024-03-12 15:22:00-04:00,577.2150268554688,577.405029296875,577.1099853515625,577.385009765625,577.385009765625,6472
2024-03-12 15:23:00-04:00,577.3400268554688,577.47998046875,577.239990234375,577.3699951171875,577.3699951171875,6957
2024-03-12 15:24:00-04:00,577.5800170898438,577.6229858398438,577.4251708984375,577.510009765625,577.510009765625,5422
2024-03-12 15:25:00-04:00,577.54638671875,577.5900268554688,577.3800048828125,577.5900268554688,577.5900268554688,2613
2024-03-12 15:26:00-04:00,577.5999755859375,577.8200073242188,577.5599975585938,577.8200073242188,577.8200073242188,5631
2024-03-12 15:27:00-04:00,577.8300170898438,577.9799194335938,577.52001953125,577.6749877929688,577.6749877929688,9355
2024-03-12 15:28:00-04:00,577.6749877929688,577.7449951171875,577.510009765625,577.7449951171875,577.7449951171875,4185
2024-03-12 15:29:00-04:00,577.6300048828125,577.9348754882812,577.6099853515625,577.8250122070312,577.8250122070312,7247
2024-03-12 15:30:00-04:00,577.8250122070312,578.0,577.8250122070312,578.0,578.0,3116
2024-03-12 15:31:00-04:00,577.9774780273438,578.2999877929688,577.89501953125,578.094970703125,578.094970703125,7799
2024-03-12 15:32:00-04:00,578.094970703125,578.2899169921875,577.9301147460938,577.9301147460938,577.9301147460938,9184
2024-03-12 15:33:00-04:00,577.9400024414062,578.1950073242188,577.8900146484375,578.0599975585938,578.0599975585938,10390
2024-03-12 15:34:00-04:00,578.0599975585938,578.2899169921875,577.9000244140625,578.2000122070312,578.2000122070312,3581
2024-03-12 15:35:00-04:00,578.0599975585938,578.1859130859375,577.8200073242188,577.97998046875,577.97998046875,9017
2024-03-12 15:36:00-04:00,578.0150146484375,578.260009765625,577.6500244140625,577.9500122070312,577.9500122070312,23400
2024-03-12 15:37:00-04:00,577.9500122070312,578.3900146484375,577.9450073242188,578.3200073242188,578.3200073242188,5696
2024-03-12 15:38:00-04:00,578.405029296875,578.9500122070312,578.405029296875,578.8300170898438,578.8300170898438,6497
2024-03-12 15:39:00-04:00,578.8300170898438,578.8856811523438,578.6699829101562,578.85498046875,578.85498046875,7994
2024-03-12 15:40:00-04:00,578.8427124023438,578.8427124023438,578.5,578.5599975585938,578.5599975585938,5428
2024-03-12 15:41:00-04:00,578.6900024414062,578.97998046875,578.6099853515625,578.9627075195312,578.9627075195312,8378
2024-03-12 15:42:00-04:00,578.969970703125,578.969970703125,578.510009765625,578.5349731445312,578.5349731445312,8459
2024-03-12 15:43:00-04:00,578.5750122070312,578.7100219726562,578.2899780273438,578.2899780273438,578.2899780273438,5227
2024-03-12 15:44:00-04:00,578.3599853515625,578.5,578.1199951171875,578.239990234375,578.239990234375,12657
2024-03-12 15:45:00-04:00,578.1099853515625,578.22998046875,577.8300170898438,578.2050170898438,578.2050170898438,22188
2024-03-12 15:46:00-04:00,578.1400146484375,578.2449951171875,577.989990234375,578.2449951171875,578.2449951171875,8462
2024-03-12 15:47:00-04:00,578.2188110351562,578.2899780273438,578.0574951171875,578.1500244140625,578.1500244140625,5064
2024-03-12 15:48:00-04:00,578.1400146484375,578.3499755859375,577.8300170898438,577.9749755859375,577.9749755859375,22828
2024-03-12 15:49:00-04:00,577.9749755859375,578.1400146484375,577.9500122070312,577.97998046875,577.97998046875,11801
2024-03-12 15:50:00-04:00,577.9500122070312,578.239990234375,577.8099975585938,578.2025146484375,578.2025146484375,44587
2024-03-12 15:51:00-04:00,578.2349853515625,579.1099853515625,578.2249755859375,579.1099853515625,579.1099853515625,37368
2024-03-12 15:52:00-04:00,579.0250244140625,579.1400146484375,578.2999877929688,578.4299926757812,578.4299926757812,20677
2024-03-12 15:53:00-04:00,578.2999877929688,578.8499755859375,578.2999877929688,578.8499755859375,578.8499755859375,14360
2024-03-12 15:54:00-04:00,578.72998046875,579.2999877929688,578.1699829101562,578.1699829101562,578.1699829101562,51469
2024-03-12 15:55:00-04:00,578.7999877929688,579.4099731445312,578.6900024414062,579.3800048828125,579.3800048828125,31031
2024-03-12 15:56:00-04:00,579.4249877929688,579.7899780273438,579.219970703125,579.489990234375,579.489990234375,39283
2024-03-12 15:57:00-04:00,579.5399780273438,579.5999755859375,579.030029296875,579.1300048828125,579.1300048828125,23266
2024-03-12 15:58:00-04:00,579.1300048828125,579.4400024414062,579.0,579.3800048828125,579.3800048828125,43602
2024-03-12 15:59:00-04:00,579.5012817382812,579.5399780273438,579.0,579.1300048828125,579.1300048828125,84240
2024-03-13 09:30:00-04:00,580.125,580.7999877929688,580.125,580.7999877929688,580.7999877929688,124755
2024-03-13 09:31:00-04:00,580.0,581.25,578.8900146484375,581.25,581.25,17228
2024-03-13 09:32:00-04:00,581.0,582.97998046875,580.4495849609375,580.4495849609375,580.4495849609375,17961
2024-03-13 09:33:00-04:00,582.2999877929688,583.4299926757812,581.5006103515625,583.4299926757812,583.4299926757812,11930
2024-03-13 09:34:00-04:00,582.0,582.0,581.9500122070312,581.9500122070312,581.9500122070312,17877
2024-03-13 09:35:00-04:00,583.0,583.0,582.6400146484375,582.6400146484375,582.6400146484375,19962
2024-03-13 09:36:00-04:00,582.25,583.3200073242188,581.760009765625,581.8599853515625,581.8599853515625,21182
2024-03-13 09:37:00-04:00,582.3599853515625,583.0250244140625,582.2899780273438,583.02001953125,583.02001953125,10951
2024-03-13 09:38:00-04:00,582.6300048828125,583.4067993164062,582.6300048828125,583.3585205078125,583.3585205078125,8337
2024-03-13 09:39:00-04:00,584.0,584.5,584.0,584.5,584.5,15414
2024-03-13 09:40:00-04:00,583.5,583.8925170898438,582.8687133789062,583.375,583.375,14239
2024-03-13 09:41:00-04:00,583.0,583.9000244140625,583.0,583.9000244140625,583.9000244140625,7256
2024-03-13 09:42:00-04:00,584.5349731445312,584.6400146484375,583.5,583.989990234375,583.989990234375,11921
2024-03-13 09:43:00-04:00,583.4400024414062,583.8200073242188,583.4400024414062,583.8200073242188,583.8200073242188,7833
2024-03-13 09:44:00-04:00,584.469970703125,584.8900146484375,584.469970703125,584.7650146484375,584.7650146484375,12061
2024-03-13 09:45:00-04:00,583.4099731445312,584.9600219726562,583.4099731445312,583.969970703125,583.969970703125,15841
2024-03-13 09:46:00-04:00,583.7999877929688,583.8300170898438,582.89501953125,583.1400146484375,583.1400146484375,9040
2024-03-13 09:47:00-04:00,582.9149780273438,583.9299926757812,582.9099731445312,583.5050048828125,583.5050048828125,3738
2024-03-13 09:48:00-04:00,583.6799926757812,583.6799926757812,582.02001953125,582.4249877929688,582.4249877929688,7393
2024-03-13 09:49:00-04:00,582.2750244140625,582.5,581.647216796875,582.1099853515625,582.1099853515625,9993
2024-03-13 09:50:00-04:00,582.5999755859375,583.22998046875,582.4000244140625,582.5599975585938,582.5599975585938,6941
2024-03-13 09:51:00-04:00,582.5499877929688,582.5499877929688,581.5499877929688,582.0499877929688,582.0499877929688,11992
2024-03-13 09:52:00-04:00,582.02001953125,582.75,582.02001953125,582.2100219726562,582.2100219726562,12332
2024-03-13 09:53:00-04:00,582.25,582.25,581.5,581.8800048828125,581.8800048828125,12022
2024-03-13 09:54:00-04:00,581.8099975585938,581.989990234375,580.9349975585938,581.1500244140625,581.1500244140625,11148
2024-03-13 09:55:00-04:00,580.969970703125,581.7000122070312,580.969970703125,581.3485717773438,581.3485717773438,6250
2024-03-13 09:56:00-04:00,581.3400268554688,581.375,580.3800048828125,580.3900146484375,580.3900146484375,18037
2024-03-13 09:57:00-04:00,580.6500244140625,581.25,580.6400146484375,581.25,581.25,8158
2024-03-13 09:58:00-04:00,580.9931030273438,581.5499877929688,580.9931030273438,581.375,581.375,4048
2024-03-13 09:59:00-04:00,581.969970703125,581.97998046875,581.3200073242188,581.8800048828125,581.8800048828125,8908
2024-03-13 10:00:00-04:00,581.8300170898438,582.1199951171875,581.4600219726562,581.7160034179688,581.7160034179688,3975
2024-03-13 10:01:00-04:00,581.5701293945312,581.7319946289062,580.280029296875,580.6666870117188,580.6666870117188,38778
2024-03-13 10:02:00-04:00,580.6500244140625,580.6749877929688,579.7999877929688,579.7999877929688,579.7999877929688,18055
2024-03-13 10:03:00-04:00,579.7000122070312,579.864990234375,579.0,579.2750244140625,579.2750244140625,14368
2024-03-13 10:04:00-04:00,579.2100219726562,579.2100219726562,578.4000244140625,578.885009765625,578.885009765625,15353
2024-03-13 10:05:00-04:00,579.0399780273438,579.3800048828125,578.8599853515625,579.1900024414062,579.1900024414062,10128
2024-03-13 10:06:00-04:00,579.260009765625,580.0,579.0499877929688,580.0,580.0,13833
2024-03-13 10:07:00-04:00,580.260009765625,580.3049926757812,580.0,580.1799926757812,580.1799926757812,4656
2024-03-13 10:08:00-04:00,580.0,580.52001953125,579.9100952148438,580.1243896484375,580.1243896484375,11327
2024-03-13 10:09:00-04:00,580.2150268554688,580.6849975585938,579.9299926757812,579.9299926757812,579.9299926757812,8950
2024-03-13 10:10:00-04:00,580.14501953125,580.1599731445312,579.6300048828125,580.1599731445312,580.1599731445312,7795
2024-03-13 10:11:00-04:00,580.030029296875,581.739990234375,580.030029296875,581.739990234375,581.739990234375,9406
2024-03-13 10:12:00-04:00,581.8200073242188,582.260009765625,581.5,582.260009765625,582.260009765625,9379
2024-03-13 10:13:00-04:00,582.02001953125,582.3200073242188,581.77001953125,582.1849975585938,582.1849975585938,7443
2024-03-13 10:14:00-04:00,582.1567993164062,582.1950073242188,581.0900268554688,581.3499755859375,581.3499755859375,9917
2024-03-13 10:15:00-04:00,581.2000122070312,581.8298950195312,581.1799926757812,581.2277221679688,581.2277221679688,6509
2024-03-13 10:16:00-04:00,581.6300048828125,581.75,580.9299926757812,581.0150146484375,581.0150146484375,9834
2024-03-13 10:17:00-04:00,581.0,581.6699829101562,580.9400024414062,581.510009765625,581.510009765625,5571
2024-03-13 10:18:00-04:00,581.7100219726562,582.0700073242188,581.5700073242188,581.8800048828125,581.8800048828125,6399
2024-03-13 10:19:00-04:00,581.6968994140625,582.3699951171875,581.5599975585938,582.3699951171875,582.3699951171875,5960
2024-03-13 10:20:00-04:00,582.22998046875,582.719970703125,582.22998046875,582.3099975585938,582.3099975585938,5083
2024-03-13 10:21:00-04:00,582.5999755859375,582.6099853515625,582.1243896484375,582.2000122070312,582.2000122070312,7891
2024-03-13 10:22:00-04:00,582.2899780273438,582.3922729492188,581.9000244140625,581.9000244140625,581.9000244140625,8994
2024-03-13 10:23:00-04:00,581.8699951171875,581.8699951171875,581.27001953125,581.655029296875,581.655029296875,11048
2024-03-13 10:24:00-04:00,581.77001953125,582.3599853515625,581.77001953125,582.1699829101562,582.1699829101562,6661
2024-03-13 10:25:00-04:00,582.344970703125,582.344970703125,581.9299926757812,581.9400024414062,581.9400024414062,7563
2024-03-13 10:26:00-04:00,582.1199951171875,582.47998046875,582.010009765625,582.010009765625,582.010009765625,6211
2024-03-13 10:27:00-04:00,581.9450073242188,582.094970703125,581.1400146484375,581.2100219726562,581.2100219726562,20012
2024-03-13 10:28:00-04:00,581.25,581.6649780273438,581.25,581.614990234375,581.614990234375,3654
2024-03-13 10:29:00-04:00,581.9166870117188,582.2139892578125,581.9166870117188,582.0150146484375,582.0150146484375,7845
2024-03-13 10:30:00-04:00,581.989990234375,582.5900268554688,581.989990234375,582.4849853515625,582.4849853515625,3406
2024-03-13 10:31:00-04:00,582.47998046875,582.8049926757812,582.3400268554688,582.8049926757812,582.8049926757812,8970
2024-03-13 10:32:00-04:00,582.7999877929688,583.1599731445312,582.7999877929688,582.8701171875,582.8701171875,3300
2024-03-13 10:33:00-04:00,582.9287109375,584.0,582.9287109375,583.6737060546875,583.6737060546875,6974
2024-03-13 10:34:00-04:00,583.885009765625,584.1400146484375,583.7000122070312,583.7999877929688,583.7999877929688,8414
2024-03-13 10:35:00-04:00,583.8800048828125,584.0499877929688,583.47998046875,583.6099853515625,583.6099853515625,10889
2024-03-13 10:36:00-04:00,583.5599975585938,584.1300048828125,583.4000244140625,584.0850219726562,584.0850219726562,6880
2024-03-13 10:37:00-04:00,584.280029296875,584.409912109375,583.72998046875,584.0399780273438,584.0399780273438,8622
2024-03-13 10:38:00-04:00,584.3300170898438,584.47998046875,583.6199951171875,583.7999877929688,583.7999877929688,9860
2024-03-13 10:39:00-04:00,583.8350219726562,583.8900146484375,583.5599975585938,583.7550048828125,583.7550048828125,7368
2024-03-13 10:40:00-04:00,583.8499755859375,583.9099731445312,583.5,583.7999877929688,583.7999877929688,8130
2024-03-13 10:41:00-04:00,584.010009765625,584.2899780273438,583.9500122070312,584.0700073242188,584.0700073242188,6213
2024-03-13 10:42:00-04:00,583.8800048828125,584.3499755859375,583.7999877929688,584.2849731445312,584.2849731445312,7575
2024-03-13 10:43:00-04:00,584.260009765625,584.5399780273438,584.0999755859375,584.5150146484375,584.5150146484375,9676
2024-03-13 10:44:00-04:00,584.4949951171875,584.6300048828125,583.719970703125,583.719970703125,583.719970703125,18277
2024-03-13 10:45:00-04:00,583.530029296875,583.5499877929688,582.3200073242188,583.2249755859375,583.2249755859375,10285
2024-03-13 10:46:00-04:00,583.22998046875,583.5150146484375,583.22998046875,583.5150146484375,583.5150146484375,2107
2024-03-13 10:47:00-04:00,583.6099853515625,583.964599609375,582.9199829101562,583.8699951171875,583.8699951171875,13536
2024-03-13 10:48:00-04:00,583.97998046875,584.5700073242188,583.530029296875,583.6300048828125,583.6300048828125,17964
2024-03-13 10:49:00-04:00,583.8599853515625,584.6649780273438,583.8599853515625,584.4821166992188,584.4821166992188,11096
2024-03-13 10:50:00-04:00,584.75,584.969970703125,584.5166015625,584.969970703125,584.969970703125,10245
2024-03-13 10:51:00-04:00,584.7949829101562,585.3499755859375,584.5399780273438,584.5900268554688,584.5900268554688,29869
2024-03-13 10:52:00-04:00,584.5850219726562,584.8200073242188,584.1599731445312,584.4400024414062,584.4400024414062,16691
2024-03-13 10:53:00-04:00,584.6799926757812,584.7000122070312,583.5999755859375,583.875,583.875,22664
2024-03-13 10:54:00-04:00,583.989990234375,584.02001953125,583.1749877929688,583.2449951171875,583.2449951171875,14964
2024-03-13 10:55:00-04:00,583.22998046875,583.2449951171875,582.239990234375,582.6799926757812,582.6799926757812,11331
2024-03-13 10:56:00-04:00,582.7000122070312,583.030029296875,582.4600219726562,582.4600219726562,582.4600219726562,6995
2024-03-13 10:57:00-04:00,582.760009765625,583.1099853515625,582.5800170898438,582.9450073242188,582.9450073242188,3936
2024-03-13 10:58:00-04:00,582.9400024414062,583.3200073242188,582.75,583.1300048828125,583.1300048828125,5047
2024-03-13 10:59:00-04:00,583.0900268554688,583.1400146484375,582.4201049804688,582.6900024414062,582.6900024414062,18329
2024-03-13 11:00:00-04:00,582.635009765625,583.4400024414062,582.635009765625,583.4400024414062,583.4400024414062,4557
2024-03-13 11:01:00-04:00,583.3900146484375,583.4099731445312,582.530029296875,582.7050170898438,582.7050170898438,11298
2024-03-13 11:02:00-04:00,582.7100219726562,583.280029296875,582.6599731445312,583.0050048828125,583.0050048828125,5822
2024-03-13 11:03:00-04:00,582.8699951171875,583.0,582.6599731445312,582.7449951171875,582.7449951171875,3531
2024-03-13 11:04:00-04:00,582.6699829101562,583.0,582.5700073242188,582.875,582.875,5100
2024-03-13 11:05:00-04:00,583.0800170898438,583.22998046875,582.219970703125,582.22998046875,582.22998046875,14160
2024-03-13 11:06:00-04:00,582.260009765625,582.5800170898438,582.0900268554688,582.35498046875,582.35498046875,7461
2024-03-13 11:07:00-04:00,582.3599853515625,582.47998046875,582.219970703125,582.219970703125,582.219970703125,8207
2024-03-13 11:08:00-04:00,582.3300170898438,582.5499267578125,582.22998046875,582.2999877929688,582.2999877929688,3561
2024-03-13 11:09:00-04:00,582.3619995117188,583.219970703125,582.3619995117188,583.2050170898438,583.2050170898438,6864
2024-03-13 11:10:00-04:00,582.9400024414062,583.030029296875,582.8099975585938,582.9949951171875,582.9949951171875,2668
2024-03-13 11:11:00-04:00,583.0662841796875,583.260009765625,583.0662841796875,583.2000122070312,583.2000122070312,2497
2024-03-13 11:12:00-04:00,583.1950073242188,583.2000122070312,582.6510009765625,582.6510009765625,582.6510009765625,7837
2024-03-13 11:13:00-04:00,583.0399780273438,583.0399780273438,582.6099853515625,582.6699829101562,582.6699829101562,3335
2024-03-13 11:14:00-04:00,582.6649780273438,582.6649780273438,582.0700073242188,582.2650146484375,582.2650146484375,4880
2024-03-13 11:15:00-04:00,582.0700073242188,582.260009765625,581.510009765625,581.7249755859375,581.7249755859375,8055
2024-03-13 11:16:00-04:00,581.4600219726562,581.6699829101562,581.3931274414062,581.5,581.5,5056
2024-03-13 11:17:00-04:00,581.7999877929688,582.0499877929688,581.7999877929688,582.010009765625,582.010009765625,6128
2024-03-13 11:18:00-04:00,582.3880004882812,582.3880004882812,582.3200073242188,582.3200073242188,582.3200073242188,1237
2024-03-13 11:19:00-04:00,582.260009765625,582.4149780273438,582.0900268554688,582.2150268554688,582.2150268554688,5786
2024-03-13 11:20:00-04:00,582.389892578125,582.77001953125,582.0499877929688,582.77001953125,582.77001953125,8596
2024-03-13 11:21:00-04:00,582.7349853515625,582.943115234375,582.4400024414062,582.4400024414062,582.4400024414062,4860
2024-03-13 11:22:00-04:00,582.7254028320312,582.7254028320312,582.1699829101562,582.219970703125,582.219970703125,3051
2024-03-13 11:23:00-04:00,582.25,582.25,581.7301025390625,581.9099731445312,581.9099731445312,3251
2024-03-13 11:24:00-04:00,581.75,582.1799926757812,581.5900268554688,581.5900268554688,581.5900268554688,5182
2024-03-13 11:25:00-04:00,581.7449951171875,581.989990234375,581.5999755859375,581.7949829101562,581.7949829101562,5978
2024-03-13 11:26:00-04:00,581.7999877929688,582.030029296875,581.5399780273438,581.7514038085938,581.7514038085938,4531
2024-03-13 11:27:00-04:00,581.4600219726562,581.8400268554688,581.4500122070312,581.4500122070312,581.4500122070312,4528
2024-03-13 11:28:00-04:00,581.4000244140625,581.4249877929688,580.6900024414062,580.9600219726562,580.9600219726562,4051
2024-03-13 11:29:00-04:00,580.5,580.6699829101562,580.3900146484375,580.6699829101562,580.6699829101562,2709
2024-03-13 11:30:00-04:00,580.5800170898438,580.8499755859375,580.5399780273438,580.72998046875,580.72998046875,4156
2024-03-13 11:31:00-04:00,580.9500122070312,581.2899169921875,580.8099975585938,581.2061157226562,581.2061157226562,5642
2024-03-13 11:32:00-04:00,581.0900268554688,581.4400024414062,581.0900268554688,581.22998046875,581.22998046875,2236
2024-03-13 11:33:00-04:00,581.0999755859375,581.1950073242188,580.2000122070312,580.2000122070312,580.2000122070312,5027
2024-03-13 11:34:00-04:00,580.2999877929688,580.2999877929688,579.8800048828125,579.8900146484375,579.8900146484375,4709
2024-03-13 11:35:00-04:00,580.280029296875,580.52001953125,580.0390014648438,580.4249877929688,580.4249877929688,7187
2024-03-13 11:36:00-04:00,580.5399780273438,580.5499877929688,580.2650146484375,580.52001953125,580.52001953125,4750
2024-03-13 11:37:00-04:00,580.52001953125,580.5549926757812,580.1099853515625,580.1300048828125,580.1300048828125,3898
2024-03-13 11:38:00-04:00,580.3699951171875,580.3699951171875,579.989990234375,580.010009765625,580.010009765625,3701
2024-03-13 11:39:00-04:00,580.2498779296875,580.2498779296875,579.5999755859375,579.5999755859375,579.5999755859375,3974
2024-03-13 11:40:00-04:00,579.5,579.5900268554688,579.4500122070312,579.5750122070312,579.5750122070312,4815
2024-03-13 11:41:00-04:00,579.5399780273438,579.5399780273438,578.5,578.719970703125,578.719970703125,9472
2024-03-13 11:42:00-04:00,578.655029296875,578.860107421875,578.2911987304688,578.2911987304688,578.2911987304688,5532
2024-03-13 11:43:00-04:00,578.3900146484375,578.3900146484375,577.6699829101562,578.0399780273438,578.0399780273438,8610
2024-03-13 11:44:00-04:00,577.989990234375,578.2000122070312,577.6287841796875,577.6287841796875,577.6287841796875,6704
2024-03-13 11:45:00-04:00,577.8300170898438,577.8499755859375,577.3699951171875,577.54248046875,577.54248046875,8142
2024-03-13 11:46:00-04:00,577.4000244140625,577.7000122070312,577.3101196289062,577.5900268554688,577.5900268554688,10311
2024-03-13 11:47:00-04:00,577.7409057617188,577.9400024414062,577.1799926757812,577.9400024414062,577.9400024414062,6812
2024-03-13 11:48:00-04:00,577.8453979492188,578.0999755859375,577.8453979492188,578.0999755859375,578.0999755859375,2111
2024-03-13 11:49:00-04:00,578.0599975585938,578.6300048828125,578.0,578.6300048828125,578.6300048828125,3887
2024-03-13 11:50:00-04:00,578.6799926757812,579.1099853515625,578.5399780273438,579.0,579.0,9985
2024-03-13 11:51:00-04:00,578.9000244140625,579.1199951171875,578.780029296875,579.1199951171875,579.1199951171875,4971
2024-03-13 11:52:00-04:00,578.9061889648438,579.1699829101562,578.9061889648438,579.1699829101562,579.1699829101562,4068
2024-03-13 11:53:00-04:00,579.5,579.6500244140625,579.2200927734375,579.5349731445312,579.5349731445312,9339
2024-03-13 11:54:00-04:00,579.3800048828125,579.7899780273438,579.2501220703125,579.5255737304688,579.5255737304688,4034
2024-03-13 11:55:00-04:00,579.8200073242188,580.6500244140625,579.8200073242188,580.64501953125,580.64501953125,4407
2024-03-13 11:56:00-04:00,580.6300048828125,580.6300048828125,580.0499877929688,580.3900146484375,580.3900146484375,5530
2024-03-13 11:57:00-04:00,580.22998046875,580.52001953125,580.030029296875,580.4099731445312,580.4099731445312,4647
2024-03-13 11:58:00-04:00,580.3900146484375,580.719970703125,580.3200073242188,580.4650268554688,580.4650268554688,9216
2024-03-13 11:59:00-04:00,580.5399780273438,580.9000244140625,580.5,580.72998046875,580.72998046875,7410
2024-03-13 12:00:00-04:00,580.72998046875,580.9500122070312,580.469970703125,580.5549926757812,580.5549926757812,5825
2024-03-13 12:01:00-04:00,580.5449829101562,580.5599975585938,580.260009765625,580.4500122070312,580.4500122070312,3429
2024-03-13 12:02:00-04:00,580.5,580.5800170898438,580.3699951171875,580.4600219726562,580.4600219726562,6814
2024-03-13 12:03:00-04:00,580.22998046875,580.4650268554688,580.0562744140625,580.3900146484375,580.3900146484375,4222
2024-03-13 12:04:00-04:00,580.5399780273438,580.5399780273438,580.0050048828125,580.1719970703125,580.1719970703125,6687
2024-03-13 12:05:00-04:00,580.2100219726562,580.5999755859375,579.9000244140625,580.4010009765625,580.4010009765625,9521
2024-03-13 12:06:00-04:00,580.7849731445312,581.1400146484375,580.6300048828125,581.1400146484375,581.1400146484375,6327
2024-03-13 12:07:00-04:00,581.0499877929688,581.6500244140625,581.0499877929688,581.6500244140625,581.6500244140625,3330
2024-03-13 12:08:00-04:00,581.4099731445312,581.47998046875,580.8900146484375,581.0150146484375,581.0150146484375,5168
2024-03-13 12:09:00-04:00,580.9749755859375,580.9749755859375,580.760009765625,580.8150024414062,580.8150024414062,1489
2024-03-13 12:10:00-04:00,580.9677734375,580.9677734375,580.6004028320312,580.80908203125,580.80908203125,5634
2024-03-13 12:11:00-04:00,580.8099975585938,581.22998046875,580.8099975585938,581.22998046875,581.22998046875,2887
2024-03-13 12:12:00-04:00,581.5,581.9077758789062,581.2200927734375,581.6900024414062,581.6900024414062,8486
2024-03-13 12:13:00-04:00,581.5399780273438,581.5399780273438,581.22998046875,581.2750244140625,581.2750244140625,2766
2024-03-13 12:14:00-04:00,581.4600219726562,581.5999755859375,581.3099975585938,581.3699951171875,581.3699951171875,5244
2024-03-13 12:15:00-04:00,581.3499755859375,581.6599731445312,581.2899780273438,581.2899780273438,581.2899780273438,1792
2024-03-13 12:16:00-04:00,581.3800048828125,581.5147094726562,581.25,581.4199829101562,581.4199829101562,2139
2024-03-13 12:17:00-04:00,581.219970703125,581.4600219726562,580.75,581.1500244140625,581.1500244140625,5486
2024-03-13 12:18:00-04:00,580.7849731445312,580.7849731445312,580.1500244140625,580.4149780273438,580.4149780273438,3366
2024-03-13 12:19:00-04:00,580.22998046875,580.4249877929688,579.9901123046875,579.9901123046875,579.9901123046875,3939
2024-03-13 12:20:00-04:00,580.3099975585938,580.469970703125,580.2899780273438,580.2899780273438,580.2899780273438,3960
2024-03-13 12:21:00-04:00,580.510009765625,580.510009765625,580.3599853515625,580.385009765625,580.385009765625,1586
2024-03-13 12:22:00-04:00,580.385009765625,581.2047119140625,580.385009765625,581.0399780273438,581.0399780273438,3937
2024-03-13 12:23:00-04:00,581.10498046875,581.10498046875,580.7999877929688,580.8499755859375,580.8499755859375,1496
2024-03-13 12:24:00-04:00,580.8499755859375,580.8878173828125,580.469970703125,580.655029296875,580.655029296875,4500
2024-03-13 12:25:00-04:00,580.8099975585938,581.5700073242188,580.8099975585938,581.4998779296875,581.4998779296875,109131
2024-03-13 12:26:00-04:00,581.22998046875,581.22998046875,580.9099731445312,581.22998046875,581.22998046875,2892
2024-03-13 12:27:00-04:00,580.6699829101562,581.010009765625,580.6699829101562,581.010009765625,581.010009765625,3201
2024-03-13 12:28:00-04:00,581.1799926757812,581.1799926757812,580.52001953125,580.52001953125,580.52001953125,3086
2024-03-13 12:29:00-04:00,580.9202880859375,580.9202880859375,580.9193115234375,580.9193115234375,580.9193115234375,693
2024-03-13 12:30:00-04:00,580.760009765625,581.0,580.5910034179688,580.5910034179688,580.5910034179688,4657
2024-03-13 12:31:00-04:00,580.5499877929688,580.5499877929688,580.25,580.3049926757812,580.3049926757812,1849
2024-03-13 12:32:00-04:00,580.110107421875,580.3350219726562,580.110107421875,580.3350219726562,580.3350219726562,1180
2024-03-13 12:33:00-04:00,580.1400146484375,580.2150268554688,580.1400146484375,580.2150268554688,580.2150268554688,1776
2024-03-13 12:34:00-04:00,580.4199829101562,580.6699829101562,580.1199951171875,580.6699829101562,580.6699829101562,7469
2024-03-13 12:35:00-04:00,580.6400146484375,580.9091796875,580.6400146484375,580.7249755859375,580.7249755859375,2500
2024-03-13 12:36:00-04:00,580.7100219726562,580.7100219726562,580.489990234375,580.489990234375,580.489990234375,2593
2024-03-13 12:37:00-04:00,580.3800048828125,580.5050048828125,580.3300170898438,580.3300170898438,580.3300170898438,4747
2024-03-13 12:38:00-04:00,580.4550170898438,580.739990234375,580.4550170898438,580.625,580.625,1683
2024-03-13 12:39:00-04:00,580.6500244140625,580.8900146484375,580.5800170898438,580.5800170898438,580.5800170898438,2936
2024-03-13 12:40:00-04:00,580.5900268554688,580.5900268554688,580.4500122070312,580.5700073242188,580.5700073242188,1917
2024-03-13 12:41:00-04:00,580.7999877929688,580.8699951171875,580.760009765625,580.8699951171875,580.8699951171875,1600
2024-03-13 12:42:00-04:00,580.9199829101562,581.0,580.6900024414062,580.6900024414062,580.6900024414062,4799
2024-03-13 12:43:00-04:00,580.719970703125,581.2650146484375,580.719970703125,581.2550048828125,581.2550048828125,4747
2024-03-13 12:44:00-04:00,581.0599975585938,581.280029296875,581.0599975585938,581.280029296875,581.280029296875,3543
2024-03-13 12:45:00-04:00,581.52001953125,581.52001953125,581.1599731445312,581.4600219726562,581.4600219726562,3676
2024-03-13 12:46:00-04:00,581.1699829101562,581.4600219726562,581.1500244140625,581.1500244140625,581.1500244140625,3058
2024-03-13 12:47:00-04:00,581.3200073242188,581.4000244140625,581.1400146484375,581.3463134765625,581.3463134765625,1554
2024-03-13 12:48:00-04:00,581.4000244140625,581.5399780273438,581.2999877929688,581.2999877929688,581.2999877929688,2697
2024-03-13 12:49:00-04:00,581.5,581.6099853515625,581.427490234375,581.489990234375,581.489990234375,2394
2024-03-13 12:50:00-04:00,581.489990234375,582.0399169921875,581.489990234375,581.7949829101562,581.7949829101562,7323
2024-03-13 12:51:00-04:00,581.6414794921875,581.7750244140625,581.3400268554688,581.3400268554688,581.3400268554688,4289
2024-03-13 12:52:00-04:00,581.2930297851562,581.2930297851562,581.1500244140625,581.155029296875,581.155029296875,2499
2024-03-13 12:53:00-04:00,581.155029296875,581.25,581.155029296875,581.1799926757812,581.1799926757812,1863
2024-03-13 12:54:00-04:00,581.155029296875,581.239990234375,581.094970703125,581.094970703125,581.094970703125,1602
2024-03-13 12:55:00-04:00,581.219970703125,581.219970703125,581.02001953125,581.1199951171875,581.1199951171875,3775
2024-03-13 12:56:00-04:00,581.0399780273438,581.0900268554688,580.9099731445312,581.0900268554688,581.0900268554688,3080
2024-03-13 12:57:00-04:00,581.1199951171875,581.1199951171875,580.9600219726562,581.0574951171875,581.0574951171875,1888
2024-03-13 12:58:00-04:00,581.0250244140625,581.0250244140625,581.0150146484375,581.0150146484375,581.0150146484375,692
2024-03-13 12:59:00-04:00,581.1500244140625,581.1500244140625,580.8599853515625,580.8599853515625,580.8599853515625,2360
2024-03-13 13:00:00-04:00,580.9299926757812,581.2224731445312,580.9299926757812,581.1950073242188,581.1950073242188,1840
2024-03-13 13:01:00-04:00,581.7000122070312,581.7000122070312,581.7000122070312,581.7000122070312,581.7000122070312,11719
2024-03-13 13:02:00-04:00,581.27001953125,581.4802856445312,581.1367797851562,581.4802856445312,581.4802856445312,3951
2024-03-13 13:03:00-04:00,581.3400268554688,581.6950073242188,581.1799926757812,581.6950073242188,581.6950073242188,2874
2024-03-13 13:04:00-04:00,581.4400024414062,581.5999755859375,581.4400024414062,581.5999755859375,581.5999755859375,1787
2024-03-13 13:05:00-04:00,581.5900268554688,581.6300048828125,581.469970703125,581.5050048828125,581.5050048828125,2274
2024-03-13 13:06:00-04:00,581.5050048828125,581.7100219726562,581.5,581.5700073242188,581.5700073242188,2961
2024-03-13 13:07:00-04:00,581.4749755859375,581.639892578125,581.4600219726562,581.4949951171875,581.4949951171875,1942
2024-03-13 13:08:00-04:00,581.6400146484375,581.8623046875,581.5399780273438,581.5399780273438,581.5399780273438,3842
2024-03-13 13:09:00-04:00,582.0900268554688,582.0900268554688,581.5999755859375,581.6950073242188,581.6950073242188,2110
2024-03-13 13:10:00-04:00,581.7050170898438,581.9000244140625,581.6099853515625,581.9000244140625,581.9000244140625,2111
2024-03-13 13:11:00-04:00,581.7000122070312,581.7650146484375,581.6505737304688,581.6505737304688,581.6505737304688,712
2024-03-13 13:12:00-04:00,581.8551025390625,581.8551025390625,581.2750244140625,581.4299926757812,581.4299926757812,3992
2024-03-13 13:13:00-04:00,581.469970703125,581.5,580.969970703125,580.969970703125,580.969970703125,3635
2024-03-13 13:14:00-04:00,581.0206909179688,581.0206909179688,581.0,581.0,581.0,2307
2024-03-13 13:15:00-04:00,580.9400024414062,580.9400024414062,580.9400024414062,580.9400024414062,580.9400024414062,422
2024-03-13 13:16:00-04:00,580.8900146484375,580.8900146484375,580.3099975585938,580.3140258789062,580.3140258789062,8870
2024-03-13 13:17:00-04:00,580.3499755859375,580.4799194335938,579.7100219726562,579.7100219726562,579.7100219726562,5556
2024-03-13 13:18:00-04:00,579.7000122070312,579.897705078125,579.4500122070312,579.7949829101562,579.7949829101562,5329
2024-03-13 13:19:00-04:00,579.8499755859375,579.9199829101562,579.6500244140625,579.6500244140625,579.6500244140625,3796
2024-03-13 13:20:00-04:00,579.719970703125,579.8599853515625,579.510009765625,579.510009765625,579.510009765625,7661
2024-03-13 13:21:00-04:00,579.5349731445312,579.5499877929688,579.4199829101562,579.4199829101562,579.4199829101562,1420
2024-03-13 13:22:00-04:00,579.530029296875,579.5700073242188,579.3599853515625,579.5549926757812,579.5549926757812,1298
2024-03-13 13:23:00-04:00,579.530029296875,579.6804809570312,579.5,579.6804809570312,579.6804809570312,1787
2024-03-13 13:24:00-04:00,579.47998046875,579.5900268554688,579.2000122070312,579.260009765625,579.260009765625,6230
2024-03-13 13:25:00-04:00,579.4000244140625,579.530029296875,579.219970703125,579.2501220703125,579.2501220703125,8602
2024-03-13 13:26:00-04:00,579.405029296875,579.405029296875,579.25,579.3699951171875,579.3699951171875,2628
2024-03-13 13:27:00-04:00,579.219970703125,579.5700073242188,579.1199951171875,579.3599853515625,579.3599853515625,6079
2024-03-13 13:28:00-04:00,579.7100219726562,579.7100219726562,579.4400024414062,579.5449829101562,579.5449829101562,7342
2024-03-13 13:29:00-04:00,579.532470703125,579.7396240234375,579.5,579.5,579.5,1169
2024-03-13 13:30:00-04:00,579.7899780273438,580.969970703125,579.75,580.969970703125,580.969970703125,5404
2024-03-13 13:31:00-04:00,580.8400268554688,580.8400268554688,580.0999755859375,580.1699829101562,580.1699829101562,6101
2024-03-13 13:32:00-04:00,580.260009765625,580.4400024414062,580.260009765625,580.4400024414062,580.4400024414062,929
2024-03-13 13:33:00-04:00,580.0700073242188,580.2169189453125,579.780029296875,580.0266723632812,580.0266723632812,2359
2024-03-13 13:34:00-04:00,580.0,580.0,579.6799926757812,579.7999877929688,579.7999877929688,2948
2024-03-13 13:35:00-04:00,580.02001953125,580.0900268554688,579.7999877929688,580.0900268554688,580.0900268554688,2467
2024-03-13 13:36:00-04:00,579.97998046875,580.2147216796875,579.6699829101562,580.02001953125,580.02001953125,3698
2024-03-13 13:37:00-04:00,580.252685546875,580.3350219726562,579.864501953125,580.3350219726562,580.3350219726562,1686
2024-03-13 13:38:00-04:00,580.2000122070312,580.3250122070312,580.1199951171875,580.1849975585938,580.1849975585938,2348
2024-03-13 13:39:00-04:00,580.1799926757812,580.2750244140625,579.8200073242188,579.8502807617188,579.8502807617188,2389
2024-03-13 13:40:00-04:00,579.8200073242188,580.2899780273438,579.5499877929688,580.2349853515625,580.2349853515625,2684
2024-03-13 13:41:00-04:00,580.2249755859375,580.2249755859375,580.2150268554688,580.2150268554688,580.2150268554688,842
2024-03-13 13:42:00-04:00,579.989990234375,579.989990234375,579.9349975585938,579.9349975585938,579.9349975585938,1453
2024-03-13 13:43:00-04:00,580.02001953125,580.02001953125,579.5499877929688,579.5499877929688,579.5499877929688,1648
2024-03-13 13:44:00-04:00,579.6199951171875,579.6199951171875,579.3800048828125,579.447509765625,579.447509765625,7054
2024-03-13 13:45:00-04:00,579.4500122070312,579.8098754882812,579.4500122070312,579.7650146484375,579.7650146484375,3152
2024-03-13 13:46:00-04:00,579.72998046875,579.7449951171875,579.6962280273438,579.7449951171875,579.7449951171875,1215
2024-03-13 13:47:00-04:00,579.5999755859375,580.0650024414062,579.5999755859375,580.0650024414062,580.0650024414062,2311
2024-03-13 13:48:00-04:00,580.2000122070312,580.2000122070312,580.14501953125,580.14501953125,580.14501953125,718
2024-03-13 13:49:00-04:00,579.969970703125,580.239990234375,579.9099731445312,580.0192260742188,580.0192260742188,4658
2024-03-13 13:50:00-04:00,579.9949951171875,580.3599853515625,579.8499755859375,580.2899780273438,580.2899780273438,3582
2024-03-13 13:51:00-04:00,580.3350219726562,580.719970703125,580.25,580.719970703125,580.719970703125,2945
2024-03-13 13:52:00-04:00,580.719970703125,580.719970703125,580.219970703125,580.510009765625,580.510009765625,5529
2024-03-13 13:53:00-04:00,580.4249877929688,580.6500244140625,580.1900024414062,580.3350219726562,580.3350219726562,6134
2024-03-13 13:54:00-04:00,580.5599975585938,580.6300048828125,580.5599975585938,580.6300048828125,580.6300048828125,1518
2024-03-13 13:55:00-04:00,580.5700073242188,580.634521484375,580.27001953125,580.27001953125,580.27001953125,2460
2024-03-13 13:56:00-04:00,580.5067138671875,580.530029296875,580.010009765625,580.0217895507812,580.0217895507812,3967
2024-03-13 13:57:00-04:00,580.2999877929688,580.4299926757812,580.2999877929688,580.344970703125,580.344970703125,2728
2024-03-13 13:58:00-04:00,580.5700073242188,580.5999755859375,580.5560913085938,580.5999755859375,580.5999755859375,696
2024-03-13 13:59:00-04:00,580.5900268554688,580.5900268554688,580.3759765625,580.3759765625,580.3759765625,2444
2024-03-13 14:00:00-04:00,580.3040771484375,580.489990234375,580.1799926757812,580.489990234375,580.489990234375,2709
2024-03-13 14:01:00-04:00,580.4000244140625,580.6699829101562,580.3350219726562,580.6699829101562,580.6699829101562,3570
2024-03-13 14:02:00-04:00,580.719970703125,580.780029296875,580.719970703125,580.72802734375,580.72802734375,1439
2024-03-13 14:03:00-04:00,580.510009765625,580.5499877929688,580.510009765625,580.5499877929688,580.5499877929688,473
2024-03-13 14:04:00-04:00,580.5499877929688,580.5499877929688,580.260009765625,580.280029296875,580.280029296875,4279
2024-03-13 14:05:00-04:00,580.4749755859375,580.530029296875,580.239990234375,580.530029296875,580.530029296875,2557
2024-03-13 14:06:00-04:00,580.39501953125,580.75,580.39501953125,580.75,580.75,4392
2024-03-13 14:07:00-04:00,580.8203125,580.8203125,580.52001953125,580.52001953125,580.52001953125,1732
2024-03-13 14:08:00-04:00,580.75,581.280029296875,580.75,580.969970703125,580.969970703125,6289
2024-03-13 14:09:00-04:00,580.8099975585938,581.0,580.75,580.760009765625,580.760009765625,3108
2024-03-13 14:10:00-04:00,580.969970703125,580.969970703125,580.6500244140625,580.6510009765625,580.6510009765625,3263
2024-03-13 14:11:00-04:00,580.7999877929688,580.9199829101562,580.7999877929688,580.9199829101562,580.9199829101562,1272
2024-03-13 14:12:00-04:00,581.0,581.2000122070312,580.93408203125,580.93408203125,580.93408203125,2083
2024-03-13 14:13:00-04:00,581.2899780273438,581.72998046875,581.2000122070312,581.72998046875,581.72998046875,4079
2024-03-13 14:14:00-04:00,581.8200073242188,581.9400024414062,580.8150024414062,580.8150024414062,580.8150024414062,9226
2024-03-13 14:15:00-04:00,580.8200073242188,580.9600219726562,579.8499755859375,580.25,580.25,16928
2024-03-13 14:16:00-04:00,580.3200073242188,580.4099731445312,579.5800170898438,580.010009765625,580.010009765625,16989
2024-03-13 14:17:00-04:00,579.8900146484375,580.3599853515625,579.7899780273438,580.3400268554688,580.3400268554688,6515
2024-03-13 14:18:00-04:00,580.2100219726562,580.2100219726562,579.7901000976562,580.0700073242188,580.0700073242188,4894
2024-03-13 14:19:00-04:00,580.1685180664062,580.5900268554688,580.1685180664062,580.3699951171875,580.3699951171875,2835
2024-03-13 14:20:00-04:00,580.3200073242188,580.5167236328125,580.1199951171875,580.2100219726562,580.2100219726562,2837
2024-03-13 14:21:00-04:00,580.1799926757812,580.4600219726562,580.0499877929688,580.2100219726562,580.2100219726562,5149
2024-03-13 14:22:00-04:00,580.2050170898438,580.2050170898438,579.9069213867188,579.9069213867188,579.9069213867188,2514
2024-03-13 14:23:00-04:00,579.9849853515625,580.2999877929688,579.9849853515625,580.2999877929688,580.2999877929688,1396
2024-03-13 14:24:00-04:00,580.2999877929688,580.4799194335938,580.1300048828125,580.4799194335938,580.4799194335938,6769
2024-03-13 14:25:00-04:00,580.3599853515625,581.02001953125,580.3599853515625,581.02001953125,581.02001953125,3766
2024-03-13 14:26:00-04:00,581.0599975585938,581.0599975585938,580.6400146484375,580.7650146484375,580.7650146484375,3462
2024-03-13 14:27:00-04:00,580.75,581.6699829101562,580.75,581.6085815429688,581.6085815429688,7790
2024-03-13 14:28:00-04:00,581.3599853515625,581.5050048828125,581.25,581.25,581.25,2784
2024-03-13 14:29:00-04:00,581.1799926757812,581.5198974609375,581.1300048828125,581.5198974609375,581.5198974609375,3087
2024-03-13 14:30:00-04:00,581.2899780273438,581.2899780273438,581.0800170898438,581.155029296875,581.155029296875,6805
2024-03-13 14:31:00-04:00,581.25,581.5700073242188,581.0750122070312,581.0750122070312,581.0750122070312,7625
2024-03-13 14:32:00-04:00,581.010009765625,581.2999877929688,581.010009765625,581.2999877929688,581.2999877929688,1382
2024-03-13 14:33:00-04:00,581.260009765625,581.2650146484375,581.0985717773438,581.1599731445312,581.1599731445312,2083
2024-03-13 14:34:00-04:00,581.0700073242188,581.1400146484375,580.9600219726562,581.1400146484375,581.1400146484375,2213
2024-03-13 14:35:00-04:00,580.9849853515625,581.1199951171875,580.719970703125,580.719970703125,580.719970703125,4256
2024-03-13 14:36:00-04:00,580.9299926757812,581.0900268554688,580.7000122070312,580.989990234375,580.989990234375,4712
2024-03-13 14:37:00-04:00,581.030029296875,581.030029296875,581.030029296875,581.030029296875,581.030029296875,653
2024-03-13 14:38:00-04:00,581.0499877929688,581.1500244140625,581.02001953125,581.1500244140625,581.1500244140625,1018
2024-03-13 14:39:00-04:00,581.0900268554688,581.3300170898438,580.9400024414062,581.2999877929688,581.2999877929688,4430
2024-03-13 14:40:00-04:00,581.1699829101562,581.3800048828125,581.0800170898438,581.3599853515625,581.3599853515625,4046
2024-03-13 14:41:00-04:00,581.375,581.5999755859375,581.3699951171875,581.5999755859375,581.5999755859375,2984
2024-03-13 14:42:00-04:00,581.4650268554688,581.4650268554688,581.1199951171875,581.1199951171875,581.1199951171875,3410
2024-03-13 14:43:00-04:00,581.14501953125,581.5700073242188,581.14501953125,581.5700073242188,581.5700073242188,3043
2024-03-13 14:44:00-04:00,581.1599731445312,581.1599731445312,580.655029296875,580.6950073242188,580.6950073242188,4354
2024-03-13 14:45:00-04:00,580.7050170898438,580.7050170898438,580.5700073242188,580.5700073242188,580.5700073242188,1751
2024-03-13 14:46:00-04:00,580.5599975585938,580.6099853515625,580.280029296875,580.280029296875,580.280029296875,3248
2024-03-13 14:47:00-04:00,580.4349975585938,580.4349975585938,580.4000244140625,580.4000244140625,580.4000244140625,699
2024-03-13 14:48:00-04:00,580.6500244140625,580.6500244140625,580.3099975585938,580.3851928710938,580.3851928710938,1489
2024-03-13 14:49:00-04:00,580.280029296875,580.5700073242188,580.280029296875,580.5700073242188,580.5700073242188,4320
2024-03-13 14:50:00-04:00,580.5,580.5709228515625,580.5,580.5709228515625,580.5709228515625,692
2024-03-13 14:51:00-04:00,580.489990234375,580.489990234375,580.0599975585938,580.2650146484375,580.2650146484375,5821
2024-03-13 14:52:00-04:00,580.4400024414062,580.6749877929688,580.3400268554688,580.52001953125,580.52001953125,5503
2024-03-13 14:53:00-04:00,580.5499877929688,580.739990234375,580.288818359375,580.4249877929688,580.4249877929688,2677
2024-03-13 14:54:00-04:00,580.1699829101562,580.2949829101562,579.77001953125,579.8200073242188,579.8200073242188,3693
2024-03-13 14:55:00-04:00,579.885009765625,579.969970703125,579.85498046875,579.85498046875,579.85498046875,1447
2024-03-13 14:56:00-04:00,579.7000122070312,579.760009765625,579.7000122070312,579.760009765625,579.760009765625,2360
2024-03-13 14:57:00-04:00,579.6099853515625,579.6099853515625,579.3406982421875,579.4000244140625,579.4000244140625,2947
2024-03-13 14:58:00-04:00,579.4149780273438,579.4149780273438,579.1799926757812,579.2781982421875,579.2781982421875,2291
2024-03-13 14:59:00-04:00,579.1599731445312,579.1859741210938,578.8300170898438,578.8300170898438,578.8300170898438,3197
2024-03-13 15:00:00-04:00,578.9000244140625,579.2100219726562,578.8350219726562,579.1900024414062,579.1900024414062,8221
2024-03-13 15:01:00-04:00,579.2449951171875,579.2999877929688,578.9400024414062,578.9400024414062,578.9400024414062,5417
2024-03-13 15:02:00-04:00,578.875,579.0150146484375,578.47998046875,578.47998046875,578.47998046875,6359
2024-03-13 15:03:00-04:00,578.5650024414062,578.6699829101562,578.4199829101562,578.47998046875,578.47998046875,2854
2024-03-13 15:04:00-04:00,578.5,578.5,578.3350219726562,578.3350219726562,578.3350219726562,2763
2024-03-13 15:05:00-04:00,578.3800048828125,578.3800048828125,578.2449951171875,578.260009765625,578.260009765625,4851
2024-03-13 15:06:00-04:00,578.280029296875,578.52001953125,578.1599731445312,578.1599731445312,578.1599731445312,2590
2024-03-13 15:07:00-04:00,578.1599731445312,578.3900146484375,578.0700073242188,578.3800048828125,578.3800048828125,4603
2024-03-13 15:08:00-04:00,578.2899780273438,578.2899780273438,578.0,578.1749877929688,578.1749877929688,2629
2024-03-13 15:09:00-04:00,578.010009765625,578.1099853515625,577.8800048828125,578.1099853515625,578.1099853515625,12576
2024-03-13 15:10:00-04:00,578.02001953125,578.260009765625,577.9949951171875,578.1799926757812,578.1799926757812,4052
2024-03-13 15:11:00-04:00,578.030029296875,578.030029296875,577.3400268554688,577.3400268554688,577.3400268554688,3881
2024-03-13 15:12:00-04:00,577.2000122070312,577.5900268554688,577.2000122070312,577.5900268554688,577.5900268554688,3168
2024-03-13 15:13:00-04:00,577.47998046875,577.47998046875,577.239990234375,577.4099731445312,577.4099731445312,2715
2024-03-13 15:14:00-04:00,577.4760131835938,577.4760131835938,577.2000122070312,577.2000122070312,577.2000122070312,3812
2024-03-13 15:15:00-04:00,577.1699829101562,577.3309936523438,577.114990234375,577.27001953125,577.27001953125,5411
2024-03-13 15:16:00-04:00,577.4199829101562,577.4400024414062,577.3150024414062,577.3300170898438,577.3300170898438,1442
2024-03-13 15:17:00-04:00,577.3099975585938,577.4500122070312,577.25,577.4099731445312,577.4099731445312,5237
2024-03-13 15:18:00-04:00,577.469970703125,577.469970703125,577.22998046875,577.2949829101562,577.2949829101562,3263
2024-03-13 15:19:00-04:00,577.4498901367188,577.4498901367188,577.0700073242188,577.0900268554688,577.0900268554688,3928
2024-03-13 15:20:00-04:00,577.030029296875,577.030029296875,576.77001953125,576.777099609375,576.777099609375,9041
2024-03-13 15:21:00-04:00,576.77001953125,576.77001953125,576.6300048828125,576.6900024414062,576.6900024414062,2378
2024-03-13 15:22:00-04:00,576.5700073242188,576.6699829101562,576.469970703125,576.469970703125,576.469970703125,3412
2024-03-13 15:23:00-04:00,576.3400268554688,576.3400268554688,576.1099853515625,576.1400146484375,576.1400146484375,4730
2024-03-13 15:24:00-04:00,576.1799926757812,576.1799926757812,575.6900024414062,575.969970703125,575.969970703125,14118
2024-03-13 15:25:00-04:00,575.9000244140625,576.2000122070312,575.7700805664062,576.1649780273438,576.1649780273438,7108
2024-03-13 15:26:00-04:00,576.2000122070312,576.7849731445312,576.2000122070312,576.5700073242188,576.5700073242188,7137
2024-03-13 15:27:00-04:00,576.4650268554688,576.5399780273438,575.27001953125,575.35498046875,575.35498046875,13006
2024-03-13 15:28:00-04:00,575.0,575.0,574.1199951171875,574.2899780273438,574.2899780273438,12755
2024-03-13 15:29:00-04:00,574.1038818359375,574.75,573.8090209960938,574.75,574.75,12285
2024-03-13 15:30:00-04:00,574.97998046875,575.7155151367188,574.6699829101562,575.2999877929688,575.2999877929688,9691
2024-03-13 15:31:00-04:00,575.469970703125,575.469970703125,574.8499755859375,575.030029296875,575.030029296875,6660
2024-03-13 15:32:00-04:00,575.0,575.125,574.4760131835938,574.52001953125,574.52001953125,8061
2024-03-13 15:33:00-04:00,574.4500122070312,574.8499755859375,574.27001953125,574.7999877929688,574.7999877929688,8646
2024-03-13 15:34:00-04:00,574.7999877929688,574.8499755859375,574.5800170898438,574.6578979492188,574.6578979492188,8658
2024-03-13 15:35:00-04:00,574.8200073242188,574.989990234375,574.5800170898438,574.6599731445312,574.6599731445312,6197
2024-03-13 15:36:00-04:00,574.5399780273438,574.7457885742188,574.469970703125,574.469970703125,574.469970703125,8388
2024-03-13 15:37:00-04:00,574.5599975585938,574.780029296875,574.1724243164062,574.4400024414062,574.4400024414062,7066
2024-03-13 15:38:00-04:00,574.3900146484375,574.4099731445312,574.0700073242188,574.0700073242188,574.0700073242188,4473
2024-03-13 15:39:00-04:00,574.0999755859375,574.3900146484375,574.0750122070312,574.1099853515625,574.1099853515625,6748
2024-03-13 15:40:00-04:00,574.1300048828125,574.8499755859375,574.1199951171875,574.7949829101562,574.7949829101562,14993
2024-03-13 15:41:00-04:00,574.5999755859375,574.8156127929688,574.3900146484375,574.8099975585938,574.8099975585938,6244
2024-03-13 15:42:00-04:00,574.9500122070312,575.3200073242188,574.719970703125,575.2849731445312,575.2849731445312,8771
2024-03-13 15:43:00-04:00,575.1799926757812,575.52001953125,574.969970703125,575.52001953125,575.52001953125,8876
2024-03-13 15:44:00-04:00,575.719970703125,575.97998046875,575.52001953125,575.7100219726562,575.7100219726562,10429
2024-03-13 15:45:00-04:00,575.6900024414062,575.7899780273438,575.219970703125,575.260009765625,575.260009765625,6418
2024-03-13 15:46:00-04:00,575.4500122070312,575.8585815429688,575.217529296875,575.739990234375,575.739990234375,12074
2024-03-13 15:47:00-04:00,575.6199951171875,575.7100219726562,575.3250122070312,575.5150146484375,575.5150146484375,10600
2024-03-13 15:48:00-04:00,575.4600219726562,575.9149780273438,575.3800048828125,575.8150024414062,575.8150024414062,8367
2024-03-13 15:49:00-04:00,575.77001953125,575.9411010742188,575.3300170898438,575.6799926757812,575.6799926757812,13423
2024-03-13 15:50:00-04:00,575.3200073242188,575.8200073242188,575.1699829101562,575.72998046875,575.72998046875,11567
2024-03-13 15:51:00-04:00,575.9099731445312,576.1400146484375,575.4400024414062,576.1400146484375,576.1400146484375,16232
2024-03-13 15:52:00-04:00,576.2100219726562,576.2100219726562,575.377197265625,575.5900268554688,575.5900268554688,10999
2024-03-13 15:53:00-04:00,575.530029296875,575.8300170898438,575.4400024414062,575.594970703125,575.594970703125,16393
2024-03-13 15:54:00-04:00,575.52001953125,576.0900268554688,575.260009765625,575.342529296875,575.342529296875,31442
2024-03-13 15:55:00-04:00,575.22998046875,575.2324829101562,573.9949951171875,574.094970703125,574.094970703125,41621
2024-03-13 15:56:00-04:00,573.9500122070312,574.239990234375,573.8195190429688,573.875,573.875,27059
2024-03-13 15:57:00-04:00,573.989990234375,574.239990234375,573.75,573.7999877929688,573.7999877929688,31545
2024-03-13 15:58:00-04:00,573.9000244140625,573.989990234375,573.5999755859375,573.7999877929688,573.7999877929688,39149
2024-03-13 15:59:00-04:00,573.8099975585938,573.969970703125,573.4099731445312,573.5700073242188,573.5700073242188,89348
2024-03-14 09:30:00-04:00,578.0,579.3300170898438,576.6900024414062,577.6799926757812,577.6799926757812,118424
2024-03-14 09:31:00-04:00,577.260009765625,579.469970703125,577.260009765625,578.39501953125,578.39501953125,0
2024-03-14 09:32:00-04:00,578.2625122070312,578.9199829101562,576.0,576.47998046875,576.47998046875,9322
2024-03-14 09:33:00-04:00,576.3400268554688,576.719970703125,575.5,576.5599975585938,576.5599975585938,54018
2024-03-14 09:34:00-04:00,576.2899780273438,578.39501953125,576.02001953125,578.39501953125,578.39501953125,0
2024-03-14 09:35:00-04:00,578.1699829101562,579.5399780273438,577.7899780273438,578.8350219726562,578.8350219726562,6125
2024-03-14 09:36:00-04:00,578.9199829101562,579.1649780273438,577.510009765625,578.7821044921875,578.7821044921875,9129
2024-03-14 09:37:00-04:00,579.1599731445312,579.1599731445312,576.75,577.0264282226562,577.0264282226562,15931
2024-03-14 09:38:00-04:00,577.0650024414062,578.489990234375,576.3400268554688,576.9149780273438,576.9149780273438,14195
2024-03-14 09:39:00-04:00,577.0718994140625,577.4849853515625,576.5720825195312,576.7999877929688,576.7999877929688,7570
2024-03-14 09:40:00-04:00,577.22998046875,577.469970703125,576.3699951171875,577.4500122070312,577.4500122070312,5720
2024-03-14 09:41:00-04:00,577.5449829101562,577.5750122070312,576.0,576.0,576.0,4230
2024-03-14 09:42:00-04:00,576.280029296875,576.480224609375,575.0900268554688,575.1199951171875,575.1199951171875,3736
2024-03-14 09:43:00-04:00,575.9400024414062,576.2949829101562,575.9400024414062,576.1099853515625,576.1099853515625,2564
2024-03-14 09:44:00-04:00,576.14501953125,576.4500122070312,575.5900268554688,575.9628295898438,575.9628295898438,5459
2024-03-14 09:45:00-04:00,575.9500122070312,575.989990234375,574.5,574.5,574.5,5001
2024-03-14 09:46:00-04:00,574.5900268554688,574.72998046875,573.5499877929688,574.6599731445312,574.6599731445312,9225
2024-03-14 09:47:00-04:00,573.72998046875,574.1950073242188,573.47998046875,573.47998046875,573.47998046875,3400
2024-03-14 09:48:00-04:00,573.7927856445312,573.7927856445312,572.1500244140625,572.1500244140625,572.1500244140625,4835
2024-03-14 09:49:00-04:00,572.0,573.4564819335938,571.3900146484375,572.1799926757812,572.1799926757812,8045
2024-03-14 09:50:00-04:00,572.010009765625,572.1781005859375,570.9000244140625,571.0399780273438,571.0399780273438,9163
2024-03-14 09:51:00-04:00,571.280029296875,571.510009765625,570.6300048828125,571.0,571.0,7166
2024-03-14 09:52:00-04:00,570.844970703125,571.1599731445312,569.6900024414062,569.9949951171875,569.9949951171875,10985
2024-03-14 09:53:00-04:00,570.1300048828125,570.1300048828125,569.1900024414062,569.1900024414062,569.1900024414062,7957
2024-03-14 09:54:00-04:00,569.705322265625,570.030029296875,569.1599731445312,570.030029296875,570.030029296875,12177
2024-03-14 09:55:00-04:00,570.030029296875,570.8900146484375,569.9949951171875,570.8499755859375,570.8499755859375,5411
2024-03-14 09:56:00-04:00,570.9099731445312,571.530029296875,570.6220092773438,571.530029296875,571.530029296875,5220
2024-03-14 09:57:00-04:00,571.8049926757812,572.3400268554688,571.25,572.0599975585938,572.0599975585938,12253
2024-03-14 09:58:00-04:00,572.4299926757812,572.4600219726562,571.531005859375,572.219970703125,572.219970703125,8470
2024-03-14 09:59:00-04:00,572.1900024414062,572.5850219726562,571.81201171875,572.1799926757812,572.1799926757812,8661
2024-03-14 10:00:00-04:00,572.0399780273438,572.1199951171875,570.9400024414062,571.6199951171875,571.6199951171875,7188
2024-03-14 10:01:00-04:00,571.10498046875,571.739990234375,570.5744018554688,571.58251953125,571.58251953125,7282
2024-03-14 10:02:00-04:00,571.2000122070312,571.530029296875,570.489990234375,571.2899780273438,571.2899780273438,19588
2024-03-14 10:03:00-04:00,570.8903198242188,571.9000244140625,570.1599731445312,571.6599731445312,571.6599731445312,23168
2024-03-14 10:04:00-04:00,571.5399780273438,572.27001953125,571.22998046875,571.6649169921875,571.6649169921875,3324
2024-03-14 10:05:00-04:00,571.4650268554688,572.489990234375,571.1431884765625,572.1552124023438,572.1552124023438,6254
2024-03-14 10:06:00-04:00,571.9503173828125,572.5291137695312,571.6799926757812,572.1950073242188,572.1950073242188,4749
2024-03-14 10:07:00-04:00,572.510009765625,573.4130249023438,572.4099731445312,573.0159912109375,573.0159912109375,3524
2024-03-14 10:08:00-04:00,573.0900268554688,573.3200073242188,572.0269165039062,572.0269165039062,572.0269165039062,3430
2024-03-14 10:09:00-04:00,571.5900268554688,572.2000122070312,571.5900268554688,571.7000122070312,571.7000122070312,3302
2024-03-14 10:10:00-04:00,571.625,571.8699951171875,571.3800048828125,571.7750244140625,571.7750244140625,3520
2024-03-14 10:11:00-04:00,571.5,573.3499755859375,571.5,573.3499755859375,573.3499755859375,3963
2024-03-14 10:12:00-04:00,573.4119262695312,573.5999755859375,573.3099975585938,573.5999755859375,573.5999755859375,1727
2024-03-14 10:13:00-04:00,573.5999755859375,574.1641845703125,573.1701049804688,574.1641845703125,574.1641845703125,7924
2024-03-14 10:14:00-04:00,574.469970703125,574.489990234375,573.8400268554688,574.2559814453125,574.2559814453125,3192
2024-03-14 10:15:00-04:00,574.2050170898438,574.4249267578125,573.6907958984375,573.7301025390625,573.7301025390625,2602
2024-03-14 10:16:00-04:00,573.7050170898438,574.2899780273438,572.9500122070312,572.9500122070312,572.9500122070312,3940
2024-03-14 10:17:00-04:00,572.9749755859375,573.219970703125,572.22998046875,573.219970703125,573.219970703125,5899
2024-03-14 10:18:00-04:00,572.72998046875,573.0599975585938,572.6300048828125,573.0599975585938,573.0599975585938,2434
2024-03-14 10:19:00-04:00,573.1099853515625,573.3200073242188,572.8400268554688,572.8400268554688,572.8400268554688,2665
2024-03-14 10:20:00-04:00,572.75,572.9450073242188,572.2379150390625,572.2379150390625,572.2379150390625,2384
2024-03-14 10:21:00-04:00,572.739990234375,573.0499877929688,572.260009765625,572.260009765625,572.260009765625,2404
2024-03-14 10:22:00-04:00,572.25,572.60498046875,571.3200073242188,571.3200073242188,571.3200073242188,3336
2024-03-14 10:23:00-04:00,571.4600219726562,572.219970703125,571.0,571.9249877929688,571.9249877929688,7800
2024-03-14 10:24:00-04:00,572.0936889648438,572.760009765625,571.6199951171875,572.760009765625,572.760009765625,4404
2024-03-14 10:25:00-04:00,572.8599853515625,573.1400146484375,572.5700073242188,572.9849853515625,572.9849853515625,1247
2024-03-14 10:26:00-04:00,572.97998046875,573.4400024414062,572.780029296875,573.4400024414062,573.4400024414062,6046
2024-03-14 10:27:00-04:00,573.2349853515625,573.4600219726562,572.1500244140625,572.3400268554688,572.3400268554688,5913
2024-03-14 10:28:00-04:00,572.5,573.0700073242188,572.2999877929688,573.0050048828125,573.0050048828125,7015
2024-03-14 10:29:00-04:00,572.9199829101562,573.1900024414062,572.6629028320312,573.1900024414062,573.1900024414062,3235
2024-03-14 10:30:00-04:00,573.52001953125,574.4199829101562,573.52001953125,574.4199829101562,574.4199829101562,2455
2024-03-14 10:31:00-04:00,574.52001953125,575.1500244140625,574.1099853515625,575.1370239257812,575.1370239257812,2759
2024-03-14 10:32:00-04:00,575.0750122070312,575.1699829101562,574.0,574.0,574.0,4466
2024-03-14 10:33:00-04:00,573.7639770507812,574.8350830078125,573.7100830078125,574.8350830078125,574.8350830078125,3920
2024-03-14 10:34:00-04:00,574.844970703125,574.8499755859375,574.5750122070312,574.739990234375,574.739990234375,3863
2024-03-14 10:35:00-04:00,575.0499877929688,575.2880859375,574.780029296875,575.0050048828125,575.0050048828125,9657
2024-03-14 10:36:00-04:00,574.780029296875,574.780029296875,574.0999755859375,574.1500244140625,574.1500244140625,8126
2024-03-14 10:37:00-04:00,574.4299926757812,574.6015014648438,574.0850219726562,574.489990234375,574.489990234375,3817
2024-03-14 10:38:00-04:00,574.510009765625,574.6699829101562,573.5900268554688,573.9199829101562,573.9199829101562,8787
2024-03-14 10:39:00-04:00,573.9450073242188,574.0399780273438,573.5,573.85498046875,573.85498046875,11306
2024-03-14 10:40:00-04:00,573.6500244140625,573.6500244140625,573.52001953125,573.625,573.625,1147
2024-03-14 10:41:00-04:00,573.6699829101562,573.72998046875,572.37158203125,572.760009765625,572.760009765625,4457
2024-03-14 10:42:00-04:00,572.8825073242188,573.3200073242188,572.7100219726562,572.77001953125,572.77001953125,5944
2024-03-14 10:43:00-04:00,572.1900024414062,572.6400146484375,572.0983276367188,572.2999877929688,572.2999877929688,3631
2024-03-14 10:44:00-04:00,572.4199829101562,572.739990234375,572.3300170898438,572.3800048828125,572.3800048828125,4387
2024-03-14 10:45:00-04:00,572.3150024414062,573.1500244140625,572.25,572.9199829101562,572.9199829101562,4085
2024-03-14 10:46:00-04:00,572.9550170898438,573.1699829101562,572.6300048828125,572.6500244140625,572.6500244140625,3122
2024-03-14 10:47:00-04:00,572.5050048828125,573.1199951171875,572.5050048828125,573.1199951171875,573.1199951171875,2760
2024-03-14 10:48:00-04:00,573.0,573.0,573.0,573.0,573.0,1061
2024-03-14 10:49:00-04:00,572.6400146484375,572.6699829101562,572.280029296875,572.4000244140625,572.4000244140625,2538
2024-03-14 10:50:00-04:00,572.7750244140625,573.52001953125,572.7750244140625,573.0700073242188,573.0700073242188,1538
2024-03-14 10:51:00-04:00,573.5,574.0399780273438,573.5,573.9000244140625,573.9000244140625,1453
2024-03-14 10:52:00-04:00,573.989990234375,573.9949951171875,572.489990234375,572.489990234375,572.489990234375,4371
2024-03-14 10:53:00-04:00,572.5133056640625,573.0657958984375,572.4249877929688,572.8699951171875,572.8699951171875,4323
2024-03-14 10:54:00-04:00,572.9140014648438,573.3800048828125,572.9140014648438,573.0750122070312,573.0750122070312,5390
2024-03-14 10:55:00-04:00,573.2899780273438,573.6300048828125,573.2000122070312,573.2000122070312,573.2000122070312,2619
2024-03-14 10:56:00-04:00,573.2349853515625,573.7796020507812,573.2349853515625,573.6099853515625,573.6099853515625,1609
2024-03-14 10:57:00-04:00,573.6900024414062,573.7000122070312,573.2000122070312,573.4099731445312,573.4099731445312,1588
2024-03-14 10:58:00-04:00,573.0850219726562,573.3499755859375,572.719970703125,573.0050048828125,573.0050048828125,8511
2024-03-14 10:59:00-04:00,573.0700073242188,573.27001953125,572.75,572.75,572.75,1790
2024-03-14 11:00:00-04:00,573.2000122070312,574.0,573.2000122070312,574.0,574.0,4106
2024-03-14 11:01:00-04:00,574.0,574.4199829101562,574.0,574.4199829101562,574.4199829101562,5551
2024-03-14 11:02:00-04:00,574.22998046875,574.8200073242188,574.22998046875,574.655029296875,574.655029296875,2330
2024-03-14 11:03:00-04:00,574.6273193359375,574.9296875,574.6273193359375,574.6749877929688,574.6749877929688,2305
2024-03-14 11:04:00-04:00,574.6749877929688,574.739990234375,574.35498046875,574.4149780273438,574.4149780273438,4263
2024-03-14 11:05:00-04:00,574.2501220703125,574.719970703125,574.2501220703125,574.5255737304688,574.5255737304688,6675
2024-03-14 11:06:00-04:00,574.5650024414062,574.5650024414062,573.739990234375,573.739990234375,573.739990234375,4018
2024-03-14 11:07:00-04:00,573.7750244140625,573.844970703125,573.5650024414062,573.5650024414062,573.5650024414062,2796
2024-03-14 11:08:00-04:00,573.780029296875,574.0999755859375,573.780029296875,574.0449829101562,574.0449829101562,2551
2024-03-14 11:09:00-04:00,574.0499877929688,574.0850219726562,574.0499877929688,574.0850219726562,574.0850219726562,1186
2024-03-14 11:10:00-04:00,574.0700073242188,575.030029296875,574.0499877929688,575.030029296875,575.030029296875,6515
2024-03-14 11:11:00-04:00,574.8300170898438,574.8699951171875,574.4600219726562,574.8400268554688,574.8400268554688,4618
2024-03-14 11:12:00-04:00,574.8099975585938,575.2100219726562,574.8099975585938,575.1900024414062,575.1900024414062,2486
2024-03-14 11:13:00-04:00,575.239990234375,575.3099975585938,575.0,575.125,575.125,3219
2024-03-14 11:14:00-04:00,574.760009765625,574.9149780273438,574.219970703125,574.219970703125,574.219970703125,4244
2024-03-14 11:15:00-04:00,574.219970703125,574.7656860351562,574.010009765625,574.47998046875,574.47998046875,5590
2024-03-14 11:16:00-04:00,574.5999755859375,574.719970703125,573.905029296875,574.3499755859375,574.3499755859375,5479
2024-03-14 11:17:00-04:00,574.1199951171875,574.1599731445312,573.7100830078125,573.7100830078125,573.7100830078125,2861
2024-03-14 11:18:00-04:00,574.0,574.4000244140625,574.0,574.2100219726562,574.2100219726562,3070
2024-03-14 11:19:00-04:00,574.5800170898438,574.5800170898438,573.6799926757812,573.6799926757812,573.6799926757812,4783
2024-03-14 11:20:00-04:00,573.705322265625,573.8400268554688,572.9299926757812,573.1787719726562,573.1787719726562,12435
2024-03-14 11:21:00-04:00,573.0650024414062,573.1400146484375,572.72998046875,573.0499877929688,573.0499877929688,2378
2024-03-14 11:22:00-04:00,572.7650146484375,573.1300048828125,572.7506103515625,572.9149780273438,572.9149780273438,4756
2024-03-14 11:23:00-04:00,572.719970703125,572.719970703125,571.756103515625,571.8699951171875,571.8699951171875,4987
2024-03-14 11:24:00-04:00,571.7750244140625,572.52001953125,571.7750244140625,572.1900024414062,572.1900024414062,5918
2024-03-14 11:25:00-04:00,572.2100219726562,572.6400146484375,572.2100219726562,572.4500122070312,572.4500122070312,5115
2024-03-14 11:26:00-04:00,572.75,572.75,572.22998046875,572.4199829101562,572.4199829101562,3001
2024-03-14 11:27:00-04:00,572.4349975585938,572.4349975585938,571.8300170898438,572.1400146484375,572.1400146484375,6806
2024-03-14 11:28:00-04:00,572.1199951171875,572.2449951171875,571.8228149414062,571.8228149414062,571.8228149414062,2282
2024-03-14 11:29:00-04:00,572.02001953125,572.5599975585938,572.02001953125,572.5599975585938,572.5599975585938,3827
2024-03-14 11:30:00-04:00,572.5599975585938,572.5999755859375,572.3300170898438,572.5999755859375,572.5999755859375,3038
2024-03-14 11:31:00-04:00,572.6300048828125,572.6300048828125,572.4099731445312,572.4099731445312,572.4099731445312,1576
2024-03-14 11:32:00-04:00,572.4450073242188,572.9400024414062,572.1900024414062,572.9000244140625,572.9000244140625,4531
2024-03-14 11:33:00-04:00,572.9500122070312,573.0900268554688,572.9149780273438,573.0800170898438,573.0800170898438,987
2024-03-14 11:34:00-04:00,573.1599731445312,573.25,572.719970703125,573.25,573.25,4248
2024-03-14 11:35:00-04:00,573.4600219726562,573.530029296875,572.9299926757812,573.52001953125,573.52001953125,4379
2024-03-14 11:36:00-04:00,573.5900268554688,573.780029296875,573.25,573.60498046875,573.60498046875,9363
2024-03-14 11:37:00-04:00,573.6300048828125,574.6799926757812,573.6199951171875,574.6799926757812,574.6799926757812,5780
2024-03-14 11:38:00-04:00,574.5499877929688,574.739990234375,574.27001953125,574.7150268554688,574.7150268554688,5517
2024-03-14 11:39:00-04:00,574.8699951171875,575.0800170898438,574.6859741210938,575.0549926757812,575.0549926757812,3304
2024-03-14 11:41:00-04:00,574.6699829101562,574.7899780273438,574.6699829101562,574.7899780273438,574.7899780273438,6942
2024-03-14 11:42:00-04:00,574.64501953125,574.64501953125,573.74560546875,573.74560546875,573.74560546875,5754
2024-03-14 11:43:00-04:00,573.9600219726562,574.1998901367188,573.75,574.0,574.0,3418
2024-03-14 11:44:00-04:00,573.8499755859375,574.1300048828125,573.125,573.2000122070312,573.2000122070312,7921
2024-03-14 11:45:00-04:00,573.2050170898438,573.4199829101562,572.9849853515625,573.3200073242188,573.3200073242188,5309
2024-03-14 11:46:00-04:00,573.4600219726562,573.52001953125,573.1599731445312,573.197509765625,573.197509765625,4240
2024-03-14 11:47:00-04:00,573.1950073242188,573.989990234375,573.1849975585938,573.905029296875,573.905029296875,2451
2024-03-14 11:48:00-04:00,573.9099731445312,574.0800170898438,573.25,573.4450073242188,573.4450073242188,3220
2024-03-14 11:49:00-04:00,573.5050048828125,573.7598876953125,573.010009765625,573.22998046875,573.22998046875,3296
2024-03-14 11:50:00-04:00,573.260009765625,573.3200073242188,572.9600219726562,573.260009765625,573.260009765625,4527
2024-03-14 11:51:00-04:00,573.375,573.375,573.3150024414062,573.3150024414062,573.3150024414062,3190
2024-03-14 11:52:00-04:00,573.3150024414062,573.4600219726562,572.969970703125,573.4600219726562,573.4600219726562,3723
2024-03-14 11:53:00-04:00,573.25,573.3900146484375,572.969970703125,573.0150146484375,573.0150146484375,3333
2024-03-14 11:54:00-04:00,573.2000122070312,573.2000122070312,573.0999755859375,573.0999755859375,573.0999755859375,1417
2024-03-14 11:55:00-04:00,573.0549926757812,573.3300170898438,573.0549926757812,573.3200073242188,573.3200073242188,1965
2024-03-14 11:56:00-04:00,573.3200073242188,573.3200073242188,573.3150024414062,573.3150024414062,573.3150024414062,940
2024-03-14 11:57:00-04:00,573.3400268554688,573.8300170898438,573.0599975585938,573.7000122070312,573.7000122070312,3522
2024-03-14 11:58:00-04:00,573.909912109375,573.909912109375,573.489990234375,573.5750122070312,573.5750122070312,3102
2024-03-14 11:59:00-04:00,573.5750122070312,574.125,573.5750122070312,573.885009765625,573.885009765625,3822
2024-03-14 12:00:00-04:00,574.02001953125,574.02001953125,573.5,573.7000122070312,573.7000122070312,2817
2024-03-14 12:01:00-04:00,573.635009765625,574.0599975585938,573.635009765625,574.0499877929688,574.0499877929688,3613
2024-03-14 12:02:00-04:00,573.7100219726562,573.8200073242188,573.530029296875,573.8200073242188,573.8200073242188,1613
2024-03-14 12:03:00-04:00,573.6400146484375,573.6400146484375,573.3599853515625,573.4149780273438,573.4149780273438,3108
2024-03-14 12:04:00-04:00,573.4099731445312,573.6099243164062,573.3099975585938,573.4099731445312,573.4099731445312,3661
2024-03-14 12:05:00-04:00,573.6400146484375,573.6500244140625,572.6500244140625,572.6500244140625,572.6500244140625,4761
2024-03-14 12:06:00-04:00,572.5599975585938,572.5599975585938,572.0599975585938,572.22998046875,572.22998046875,3272
2024-03-14 12:07:00-04:00,572.1900024414062,572.4099731445312,571.77001953125,572.0399780273438,572.0399780273438,4265
2024-03-14 12:08:00-04:00,572.1300048828125,572.27001953125,571.8101196289062,572.0399780273438,572.0399780273438,6377
2024-03-14 12:09:00-04:00,572.0050048828125,572.1799926757812,571.75,571.8599853515625,571.8599853515625,5524
2024-03-14 12:10:00-04:00,571.8099975585938,572.0599975585938,571.6400146484375,571.969970703125,571.969970703125,5600
2024-03-14 12:11:00-04:00,572.0250244140625,572.0250244140625,571.739990234375,571.739990234375,571.739990234375,2380
2024-03-14 12:12:00-04:00,571.7999877929688,571.7999877929688,571.25,571.3300170898438,571.3300170898438,3077
2024-03-14 12:13:00-04:00,571.3400268554688,571.4000244140625,571.3400268554688,571.344970703125,571.344970703125,1122
2024-03-14 12:14:00-04:00,571.1799926757812,571.4500122070312,571.1400146484375,571.4500122070312,571.4500122070312,4032
2024-03-14 12:15:00-04:00,571.1099853515625,571.1950073242188,571.0,571.0,571.0,3510
2024-03-14 12:16:00-04:00,571.155029296875,571.1599731445312,571.1300048828125,571.1599731445312,571.1599731445312,1091
2024-03-14 12:17:00-04:00,571.1599731445312,571.22998046875,571.0,571.0150146484375,571.0150146484375,2881
2024-03-14 12:18:00-04:00,571.02001953125,571.2000122070312,570.8599853515625,571.0,571.0,2303
2024-03-14 12:19:00-04:00,571.1395874023438,571.1395874023438,570.6599731445312,570.7000122070312,570.7000122070312,2808
2024-03-14 12:20:00-04:00,570.7449951171875,570.7449951171875,570.5,570.6500244140625,570.6500244140625,2416
2024-03-14 12:21:00-04:00,570.6500244140625,571.0399780273438,570.6199951171875,570.8646850585938,570.8646850585938,6049
2024-03-14 12:22:00-04:00,571.0250244140625,571.0800170898438,571.0250244140625,571.0650024414062,571.0650024414062,1779
2024-03-14 12:23:00-04:00,571.0650024414062,571.9199829101562,571.0650024414062,571.7449951171875,571.7449951171875,3461
2024-03-14 12:24:00-04:00,571.8250122070312,572.0549926757812,571.780029296875,571.780029296875,571.780029296875,6287
2024-03-14 12:25:00-04:00,571.9682006835938,571.9682006835938,571.8800048828125,571.8800048828125,571.8800048828125,1832
2024-03-14 12:26:00-04:00,571.8760986328125,571.885009765625,571.8760986328125,571.885009765625,571.885009765625,2371
2024-03-14 12:27:00-04:00,572.1900024414062,572.27001953125,572.030029296875,572.0900268554688,572.0900268554688,2157
2024-03-14 12:28:00-04:00,572.2257080078125,572.2257080078125,571.9099731445312,571.9199829101562,571.9199829101562,2309
2024-03-14 12:29:00-04:00,571.9099731445312,572.3099975585938,571.9000244140625,572.0599975585938,572.0599975585938,2687
2024-03-14 12:30:00-04:00,572.0999755859375,572.25,571.8099975585938,571.9000244140625,571.9000244140625,3909
2024-03-14 12:31:00-04:00,571.75,572.0700073242188,571.6900024414062,572.010009765625,572.010009765625,5008
2024-03-14 12:32:00-04:00,571.8099975585938,572.219970703125,571.5900268554688,572.219970703125,572.219970703125,6027
2024-03-14 12:33:00-04:00,572.0900268554688,572.4099731445312,572.0449829101562,572.39501953125,572.39501953125,4717
2024-03-14 12:34:00-04:00,572.5,572.5449829101562,572.219970703125,572.344970703125,572.344970703125,8563
2024-03-14 12:35:00-04:00,572.0900268554688,572.4000244140625,571.969970703125,572.4000244140625,572.4000244140625,3105
2024-03-14 12:36:00-04:00,572.5800170898438,572.8433227539062,572.4299926757812,572.760009765625,572.760009765625,8190
2024-03-14 12:37:00-04:00,572.8499755859375,573.0552978515625,572.510009765625,572.510009765625,572.510009765625,4326
2024-03-14 12:38:00-04:00,572.5999755859375,572.7000122070312,571.9254760742188,571.9254760742188,571.9254760742188,5926
2024-03-14 12:39:00-04:00,571.969970703125,572.1799926757812,571.8200073242188,572.0050048828125,572.0050048828125,6019
2024-03-14 12:40:00-04:00,572.0050048828125,572.3400268554688,571.9949951171875,572.1849975585938,572.1849975585938,2333
2024-03-14 12:41:00-04:00,572.239990234375,572.760009765625,572.239990234375,572.3350219726562,572.3350219726562,5097
2024-03-14 12:42:00-04:00,572.260009765625,572.4000244140625,572.010009765625,572.010009765625,572.010009765625,3650
2024-03-14 12:43:00-04:00,572.1599731445312,572.1834716796875,571.52001953125,571.5250244140625,571.5250244140625,4545
2024-03-14 12:44:00-04:00,571.7050170898438,571.7050170898438,571.4600219726562,571.6799926757812,571.6799926757812,4075
2024-03-14 12:45:00-04:00,571.64501953125,571.9550170898438,571.5599975585938,571.5999755859375,571.5999755859375,5650
2024-03-14 12:46:00-04:00,571.8300170898438,571.8300170898438,570.969970703125,570.969970703125,570.969970703125,4948
2024-03-14 12:47:00-04:00,570.8599853515625,570.8599853515625,570.1400146484375,570.5299072265625,570.5299072265625,5498
2024-03-14 12:48:00-04:00,570.3049926757812,570.5197143554688,570.10498046875,570.3400268554688,570.3400268554688,2926
2024-03-14 12:49:00-04:00,570.3400268554688,570.3400268554688,570.1599731445312,570.1599731445312,570.1599731445312,1764
2024-03-14 12:50:00-04:00,570.1600952148438,570.760009765625,570.1400146484375,570.2349853515625,570.2349853515625,8020
2024-03-14 12:51:00-04:00,570.260009765625,570.5,570.2000122070312,570.5,570.5,3642
2024-03-14 12:52:00-04:00,570.5050048828125,570.510009765625,570.5050048828125,570.510009765625,570.510009765625,645
2024-03-14 12:53:00-04:00,570.510009765625,570.8900146484375,570.510009765625,570.6199951171875,570.6199951171875,3072
2024-03-14 12:54:00-04:00,570.489990234375,570.489990234375,570.2000732421875,570.4299926757812,570.4299926757812,2353
2024-03-14 12:55:00-04:00,570.5050048828125,570.5050048828125,570.0999755859375,570.0999755859375,570.0999755859375,2375
2024-03-14 12:56:00-04:00,570.239990234375,570.4400024414062,570.0349731445312,570.0349731445312,570.0349731445312,11354
2024-03-14 12:57:00-04:00,570.27001953125,570.3200073242188,569.280029296875,569.3350219726562,569.3350219726562,20776
2024-03-14 12:58:00-04:00,569.3400268554688,569.760009765625,569.0599975585938,569.5599975585938,569.5599975585938,25681
2024-03-14 12:59:00-04:00,569.739990234375,569.8900146484375,569.4349975585938,569.6500244140625,569.6500244140625,4854
2024-03-14 13:00:00-04:00,569.5999755859375,569.8200073242188,569.4500122070312,569.5900268554688,569.5900268554688,4808
2024-03-14 13:01:00-04:00,569.4500122070312,569.6799926757812,569.2849731445312,569.3201293945312,569.3201293945312,2998
2024-03-14 13:02:00-04:00,569.3200073242188,570.0,569.2849731445312,569.9544067382812,569.9544067382812,6429
2024-03-14 13:03:00-04:00,569.7899780273438,570.0900268554688,569.7899780273438,570.0,570.0,2879
2024-03-14 13:04:00-04:00,570.0,570.4099731445312,569.875,570.0599975585938,570.0599975585938,6213
2024-03-14 13:05:00-04:00,570.0999755859375,570.4650268554688,570.0650024414062,570.4650268554688,570.4650268554688,2874
2024-03-14 13:06:00-04:00,570.4600219726562,570.669921875,570.4099731445312,570.4949951171875,570.4949951171875,4461
2024-03-14 13:07:00-04:00,570.6016845703125,570.6284790039062,570.1799926757812,570.2050170898438,570.2050170898438,3455
2024-03-14 13:08:00-04:00,570.375,570.375,569.8499755859375,570.1500244140625,570.1500244140625,4793
2024-03-14 13:09:00-04:00,570.2100219726562,570.2100219726562,569.8099975585938,569.8099975585938,569.8099975585938,3836
2024-03-14 13:10:00-04:00,569.52001953125,569.969970703125,569.280029296875,569.280029296875,569.280029296875,5486
2024-03-14 13:11:00-04:00,569.3400268554688,569.375,568.760009765625,569.2999877929688,569.2999877929688,5631
2024-03-14 13:12:00-04:00,569.4500122070312,569.5399780273438,569.3099975585938,569.5399780273438,569.5399780273438,2510
2024-03-14 13:13:00-04:00,569.5499877929688,570.1749877929688,569.5499877929688,569.9099731445312,569.9099731445312,650670
2024-03-14 13:14:00-04:00,569.9099731445312,570.010009765625,569.7050170898438,569.7899780273438,569.7899780273438,0
2024-03-14 13:15:00-04:00,569.9390869140625,569.9390869140625,569.4299926757812,569.6599731445312,569.6599731445312,5615
2024-03-14 13:16:00-04:00,569.4000854492188,569.7783203125,569.4000854492188,569.625,569.625,3121
2024-03-14 13:17:00-04:00,569.4199829101562,569.8200073242188,569.030029296875,569.0499877929688,569.0499877929688,4904
2024-03-14 13:18:00-04:00,569.030029296875,569.4099731445312,569.030029296875,569.4099731445312,569.4099731445312,6079
2024-03-14 13:19:00-04:00,569.469970703125,569.625,569.3800048828125,569.4249877929688,569.4249877929688,3802
2024-03-14 13:20:00-04:00,569.4149780273438,569.6099853515625,569.02001953125,569.219970703125,569.219970703125,10130
2024-03-14 13:21:00-04:00,569.3400268554688,569.4298706054688,569.0800170898438,569.280029296875,569.280029296875,7839
2024-03-14 13:22:00-04:00,569.2000122070312,569.5999755859375,569.2000122070312,569.5999755859375,569.5999755859375,3703
2024-03-14 13:23:00-04:00,569.5,569.7100219726562,569.5,569.64501953125,569.64501953125,2895
2024-03-14 13:24:00-04:00,569.6199951171875,569.760009765625,569.5399780273438,569.6400146484375,569.6400146484375,8751
2024-03-14 13:25:00-04:00,569.6599731445312,571.1300048828125,569.6599731445312,571.1300048828125,571.1300048828125,9973
2024-03-14 13:26:00-04:00,570.9849853515625,571.3599243164062,570.9849853515625,571.1849975585938,571.1849975585938,3560
2024-03-14 13:27:00-04:00,571.3300170898438,571.5499877929688,571.1900024414062,571.469970703125,571.469970703125,2865
2024-03-14 13:28:00-04:00,571.5599975585938,571.719970703125,571.177490234375,571.3903198242188,571.3903198242188,5100
2024-03-14 13:29:00-04:00,571.2550048828125,571.5349731445312,571.1799926757812,571.1799926757812,571.1799926757812,4994
2024-03-14 13:30:00-04:00,571.3300170898438,571.4385986328125,571.0999755859375,571.4000244140625,571.4000244140625,3837
2024-03-14 13:31:00-04:00,571.1749877929688,571.4199829101562,571.0399780273438,571.1500244140625,571.1500244140625,4824
2024-03-14 13:32:00-04:00,571.0700073242188,571.4500122070312,570.969970703125,571.4500122070312,571.4500122070312,2746
2024-03-14 13:33:00-04:00,571.2899780273438,571.6699829101562,571.2899780273438,571.4249877929688,571.4249877929688,2565
2024-03-14 13:34:00-04:00,571.77001953125,572.1900024414062,571.614990234375,571.9660034179688,571.9660034179688,3950
2024-03-14 13:35:00-04:00,572.181884765625,572.2540283203125,572.0399780273438,572.2540283203125,572.2540283203125,2832
2024-03-14 13:36:00-04:00,571.9000244140625,571.9000244140625,571.3499755859375,571.3699951171875,571.3699951171875,4687
2024-03-14 13:37:00-04:00,571.3099975585938,571.77001953125,571.3099975585938,571.77001953125,571.77001953125,2127
2024-03-14 13:38:00-04:00,571.72998046875,571.72998046875,571.3900756835938,571.5449829101562,571.5449829101562,2433
2024-03-14 13:39:00-04:00,571.3099975585938,571.3300170898438,570.9600219726562,570.9600219726562,570.9600219726562,3266
2024-03-14 13:40:00-04:00,570.9199829101562,570.97998046875,570.5599975585938,570.9365234375,570.9365234375,3088
2024-03-14 13:41:00-04:00,570.7849731445312,570.7849731445312,570.510009765625,570.5900268554688,570.5900268554688,1785
2024-03-14 13:42:00-04:00,570.6799926757812,570.7100219726562,570.4199829101562,570.594970703125,570.594970703125,2871
2024-03-14 13:43:00-04:00,570.7009887695312,570.780029296875,570.25,570.780029296875,570.780029296875,3418
2024-03-14 13:44:00-04:00,570.5599975585938,571.0,570.5599975585938,571.0,571.0,3847
2024-03-14 13:45:00-04:00,570.760009765625,570.7899780273438,570.4099731445312,570.4199829101562,570.4199829101562,4495
2024-03-14 13:46:00-04:00,570.5,570.8499755859375,570.27001953125,570.8499755859375,570.8499755859375,3754
2024-03-14 13:47:00-04:00,570.6199951171875,571.030029296875,570.6199951171875,571.030029296875,571.030029296875,2594
2024-03-14 13:48:00-04:00,571.1300048828125,571.280029296875,571.1300048828125,571.1749877929688,571.1749877929688,1054
2024-03-14 13:49:00-04:00,571.3699951171875,571.530029296875,571.1300048828125,571.530029296875,571.530029296875,2470
2024-03-14 13:50:00-04:00,571.4000854492188,571.7100219726562,571.4000854492188,571.7100219726562,571.7100219726562,1717
2024-03-14 13:51:00-04:00,571.7100219726562,571.75,571.4000244140625,571.5050048828125,571.5050048828125,2575
2024-03-14 13:52:00-04:00,571.4749755859375,571.4749755859375,571.4650268554688,571.4650268554688,571.4650268554688,741
2024-03-14 13:53:00-04:00,571.4000244140625,571.489990234375,571.2000122070312,571.2000122070312,571.2000122070312,4398
2024-03-14 13:54:00-04:00,571.344970703125,571.510009765625,571.344970703125,571.469970703125,571.469970703125,2965
2024-03-14 13:55:00-04:00,571.469970703125,571.7899780273438,571.3400268554688,571.7899780273438,571.7899780273438,4801
2024-03-14 13:56:00-04:00,571.6749877929688,572.25,571.6749877929688,572.2218017578125,572.2218017578125,1863
2024-03-14 13:57:00-04:00,572.2249755859375,572.3900146484375,572.1599731445312,572.3300170898438,572.3300170898438,3177
2024-03-14 13:58:00-04:00,572.4500122070312,572.4500122070312,572.030029296875,572.1199951171875,572.1199951171875,4704
2024-03-14 13:59:00-04:00,572.2075805664062,572.2199096679688,571.7100219726562,571.9249877929688,571.9249877929688,7205
2024-03-14 14:00:00-04:00,572.1799926757812,572.530029296875,572.1799926757812,572.3599853515625,572.3599853515625,4106
2024-03-14 14:01:00-04:00,572.3599853515625,572.719970703125,572.1199951171875,572.614990234375,572.614990234375,6373
2024-03-14 14:02:00-04:00,572.8099975585938,573.3099975585938,572.8099975585938,573.3099975585938,573.3099975585938,3675
2024-03-14 14:03:00-04:00,573.4099731445312,573.7598876953125,572.8699951171875,573.0050048828125,573.0050048828125,8095
2024-03-14 14:04:00-04:00,573.1400146484375,573.2999267578125,572.9099731445312,573.2999267578125,573.2999267578125,2820
2024-03-14 14:05:00-04:00,573.1400146484375,573.2999267578125,572.219970703125,572.3300170898438,572.3300170898438,6750
2024-03-14 14:06:00-04:00,572.2650146484375,572.3049926757812,571.610107421875,571.760009765625,571.760009765625,8399
2024-03-14 14:07:00-04:00,571.760009765625,572.2949829101562,571.75,572.2949829101562,572.2949829101562,4936
2024-03-14 14:08:00-04:00,572.2999877929688,572.2999877929688,571.9000244140625,572.0549926757812,572.0549926757812,2961
2024-03-14 14:09:00-04:00,571.9500122070312,572.9400024414062,571.9100952148438,572.52001953125,572.52001953125,6274
2024-03-14 14:10:00-04:00,572.8599853515625,572.8599853515625,572.4299926757812,572.4299926757812,572.4299926757812,3819
2024-03-14 14:11:00-04:00,572.4400024414062,572.9199829101562,572.3300170898438,572.9199829101562,572.9199829101562,4931
2024-03-14 14:12:00-04:00,572.7999877929688,573.239990234375,572.6199951171875,572.8300170898438,572.8300170898438,5508
2024-03-14 14:13:00-04:00,572.8300170898438,573.0123901367188,572.594970703125,572.6580200195312,572.6580200195312,3621
2024-03-14 14:14:00-04:00,572.7000122070312,572.9099731445312,572.7000122070312,572.7449951171875,572.7449951171875,2211
2024-03-14 14:15:00-04:00,572.9000244140625,573.0599975585938,572.7999877929688,572.7999877929688,572.7999877929688,2179
2024-03-14 14:16:00-04:00,572.7999877929688,572.7999877929688,572.3300170898438,572.3300170898438,572.3300170898438,3363
2024-03-14 14:17:00-04:00,572.4508056640625,572.4508056640625,572.201904296875,572.2100219726562,572.2100219726562,3603
2024-03-14 14:18:00-04:00,572.2150268554688,572.3499755859375,572.135009765625,572.336181640625,572.336181640625,2127
2024-03-14 14:19:00-04:00,572.2899780273438,572.469970703125,572.1400146484375,572.3699951171875,572.3699951171875,4304
2024-03-14 14:20:00-04:00,572.510009765625,572.5899047851562,572.0499877929688,572.0499877929688,572.0499877929688,5791
2024-03-14 14:21:00-04:00,572.0499877929688,572.2899780273438,571.77001953125,572.2899780273438,572.2899780273438,5665
2024-03-14 14:22:00-04:00,572.4199829101562,572.489990234375,572.4199829101562,572.489990234375,572.489990234375,1077
2024-03-14 14:23:00-04:00,572.4500122070312,572.5,571.8350219726562,571.8375244140625,571.8375244140625,3870
2024-03-14 14:24:00-04:00,571.8400268554688,571.8400268554688,571.6400146484375,571.8200073242188,571.8200073242188,2353
2024-03-14 14:25:00-04:00,571.8200073242188,572.0,571.7000122070312,571.780029296875,571.780029296875,11985
2024-03-14 14:26:00-04:00,571.7899780273438,572.7999877929688,571.6900024414062,572.7999877929688,572.7999877929688,4315
2024-03-14 14:27:00-04:00,572.5601196289062,573.1300048828125,572.4600219726562,572.6099853515625,572.6099853515625,10760
2024-03-14 14:28:00-04:00,572.5599975585938,573.159912109375,572.5599975585938,573.159912109375,573.159912109375,4873
2024-03-14 14:29:00-04:00,572.9650268554688,573.7042846679688,572.77001953125,573.4439086914062,573.4439086914062,6513
2024-03-14 14:30:00-04:00,573.4500122070312,573.47998046875,572.9500122070312,573.1500244140625,573.1500244140625,11175
2024-03-14 14:31:00-04:00,573.3900146484375,573.9000244140625,573.3900146484375,573.52001953125,573.52001953125,5923
2024-03-14 14:32:00-04:00,573.4600219726562,573.79638671875,573.4349975585938,573.79638671875,573.79638671875,3166
2024-03-14 14:33:00-04:00,573.6300048828125,574.3599853515625,573.5700073242188,574.2899780273438,574.2899780273438,9742
2024-03-14 14:34:00-04:00,574.3599853515625,574.739990234375,574.3599853515625,574.739990234375,574.739990234375,3617
2024-03-14 14:35:00-04:00,574.8200073242188,574.8200073242188,573.77001953125,574.0999755859375,574.0999755859375,11816
2024-03-14 14:36:00-04:00,574.1749877929688,574.469970703125,574.1099853515625,574.2999877929688,574.2999877929688,10444
2024-03-14 14:37:00-04:00,574.2999877929688,574.3342895507812,574.0599975585938,574.2445068359375,574.2445068359375,6628
2024-03-14 14:38:00-04:00,574.0399780273438,574.39501953125,574.0399780273438,574.3900146484375,574.3900146484375,4902
2024-03-14 14:39:00-04:00,574.1699829101562,574.22998046875,573.6699829101562,573.6699829101562,573.6699829101562,9005
2024-03-14 14:40:00-04:00,573.6699829101562,573.6699829101562,573.219970703125,573.219970703125,573.219970703125,5283
2024-03-14 14:41:00-04:00,573.2150268554688,573.5650024414062,572.6099853515625,572.72998046875,572.72998046875,8082
2024-03-14 14:42:00-04:00,572.5999755859375,572.9149780273438,572.2800903320312,572.9149780273438,572.9149780273438,6341
2024-03-14 14:43:00-04:00,573.1497192382812,573.9299926757812,573.1497192382812,573.47998046875,573.47998046875,3160
2024-03-14 14:44:00-04:00,573.6799926757812,573.969970703125,573.6799926757812,573.969970703125,573.969970703125,2113
2024-03-14 14:45:00-04:00,574.1900024414062,574.3200073242188,573.9299926757812,574.1749877929688,574.1749877929688,3228
2024-03-14 14:46:00-04:00,574.0250244140625,574.5198974609375,573.9000244140625,573.9600219726562,573.9600219726562,4798
2024-03-14 14:47:00-04:00,573.9099731445312,573.9600219726562,573.75,573.8400268554688,573.8400268554688,3787
2024-03-14 14:48:00-04:00,573.97998046875,574.1300048828125,573.97998046875,573.9949951171875,573.9949951171875,3311
2024-03-14 14:49:00-04:00,574.0549926757812,574.0549926757812,573.0,573.2050170898438,573.2050170898438,7836
2024-03-14 14:50:00-04:00,572.9249877929688,573.4199829101562,572.8062744140625,573.1719970703125,573.1719970703125,5587
2024-03-14 14:51:00-04:00,573.0399780273438,573.1400146484375,572.3300170898438,572.3300170898438,572.3300170898438,3234
2024-03-14 14:52:00-04:00,572.47998046875,572.5499877929688,571.7999877929688,571.7999877929688,571.7999877929688,3169
2024-03-14 14:53:00-04:00,571.8140869140625,572.3200073242188,571.8140869140625,572.3200073242188,572.3200073242188,3827
2024-03-14 14:54:00-04:00,572.3599853515625,572.3599853515625,572.02001953125,572.2100219726562,572.2100219726562,2188
2024-03-14 14:55:00-04:00,572.030029296875,572.2498779296875,571.7924194335938,572.1099853515625,572.1099853515625,6605
2024-03-14 14:56:00-04:00,572.02001953125,572.0399780273438,571.989990234375,572.0150146484375,572.0150146484375,1657
2024-03-14 14:57:00-04:00,571.9400024414062,572.3400268554688,571.885009765625,571.885009765625,571.885009765625,4667
2024-03-14 14:58:00-04:00,572.0,572.0,571.4099731445312,571.6475219726562,571.6475219726562,4797
2024-03-14 14:59:00-04:00,571.7650146484375,571.7650146484375,571.4400024414062,571.4400024414062,571.4400024414062,1941
2024-03-14 15:00:00-04:00,571.6199951171875,571.6199951171875,570.5499877929688,570.6199951171875,570.6199951171875,7327
2024-03-14 15:01:00-04:00,570.923095703125,570.923095703125,570.375,570.375,570.375,4377
2024-03-14 15:02:00-04:00,570.3900146484375,571.0,570.3900146484375,570.8773193359375,570.8773193359375,3615
2024-03-14 15:03:00-04:00,570.9400024414062,570.9400024414062,570.3049926757812,570.6400146484375,570.6400146484375,3679
2024-03-14 15:04:00-04:00,570.3800048828125,570.6699829101562,570.3800048828125,570.5399780273438,570.5399780273438,5914
2024-03-14 15:05:00-04:00,570.5399780273438,570.8499145507812,570.22998046875,570.4849853515625,570.4849853515625,4580
2024-03-14 15:06:00-04:00,570.2999877929688,570.8800048828125,570.2999877929688,570.6500244140625,570.6500244140625,6962
2024-03-14 15:07:00-04:00,570.7899780273438,571.3599243164062,570.5399780273438,571.3599243164062,571.3599243164062,5738
2024-03-14 15:08:00-04:00,571.3599243164062,571.3599243164062,570.5399780273438,570.5399780273438,570.5399780273438,7211
2024-03-14 15:09:00-04:00,570.380126953125,571.0,569.9849853515625,571.0,571.0,10206
2024-03-14 15:10:00-04:00,570.3499755859375,570.47998046875,570.02001953125,570.02001953125,570.02001953125,5107
2024-03-14 15:11:00-04:00,570.02001953125,570.5599975585938,569.8800048828125,570.364990234375,570.364990234375,10718
2024-03-14 15:12:00-04:00,570.1749877929688,571.0,570.1749877929688,570.8800048828125,570.8800048828125,8263
2024-03-14 15:13:00-04:00,570.739990234375,570.9299926757812,570.6099853515625,570.6300048828125,570.6300048828125,7064
2024-03-14 15:14:00-04:00,570.9299926757812,571.2399291992188,570.9099731445312,571.0750122070312,571.0750122070312,7775
2024-03-14 15:15:00-04:00,571.010009765625,571.52001953125,571.010009765625,571.4000244140625,571.4000244140625,9593
2024-03-14 15:16:00-04:00,571.5599975585938,571.969970703125,571.5349731445312,571.8350219726562,571.8350219726562,6580
2024-03-14 15:17:00-04:00,571.8201293945312,572.010009765625,571.6199951171875,571.74169921875,571.74169921875,8706
2024-03-14 15:18:00-04:00,571.75,571.77001953125,570.489990234375,570.864990234375,570.864990234375,7876
2024-03-14 15:19:00-04:00,570.85498046875,571.10498046875,570.625,571.0723876953125,571.0723876953125,5121
2024-03-14 15:20:00-04:00,571.1500244140625,571.419921875,570.9600219726562,571.3499755859375,571.3499755859375,4098
2024-03-14 15:21:00-04:00,571.2100219726562,571.3499755859375,570.9000244140625,570.9000244140625,570.9000244140625,6512
2024-03-14 15:22:00-04:00,570.7750244140625,570.8499755859375,570.489990234375,570.489990234375,570.489990234375,12597
2024-03-14 15:23:00-04:00,570.4199829101562,570.7949829101562,570.4199829101562,570.7949829101562,570.7949829101562,5092
2024-03-14 15:24:00-04:00,570.6300048828125,570.989990234375,570.6300048828125,570.72998046875,570.72998046875,4645
2024-03-14 15:25:00-04:00,570.6500244140625,570.72998046875,570.1500244140625,570.1500244140625,570.1500244140625,11473
2024-03-14 15:26:00-04:00,570.010009765625,570.3099975585938,569.860107421875,570.2349853515625,570.2349853515625,7921
2024-03-14 15:27:00-04:00,570.2899780273438,570.8699951171875,570.2349853515625,570.6199951171875,570.6199951171875,5704
2024-03-14 15:28:00-04:00,570.7490234375,570.7490234375,570.3099975585938,570.5800170898438,570.5800170898438,3725
2024-03-14 15:29:00-04:00,570.5050048828125,570.7000122070312,569.7000732421875,570.0549926757812,570.0549926757812,6031
2024-03-14 15:30:00-04:00,570.059326171875,570.3200073242188,569.8900146484375,570.219970703125,570.219970703125,3514
2024-03-14 15:31:00-04:00,570.1900024414062,570.52001953125,570.02001953125,570.2899780273438,570.2899780273438,6962
2024-03-14 15:32:00-04:00,570.219970703125,570.3099975585938,569.7711791992188,570.0,570.0,5384
2024-03-14 15:33:00-04:00,569.5650024414062,570.1400146484375,569.5399780273438,569.6199951171875,569.6199951171875,10138
2024-03-14 15:34:00-04:00,569.5650024414062,570.0,569.5499877929688,570.0,570.0,6959
2024-03-14 15:35:00-04:00,569.97998046875,570.030029296875,569.7000122070312,569.969970703125,569.969970703125,6621
2024-03-14 15:36:00-04:00,570.0399780273438,570.1799926757812,569.530029296875,569.719970703125,569.719970703125,8862
2024-03-14 15:37:00-04:00,569.5449829101562,569.9400024414062,569.530029296875,569.6500244140625,569.6500244140625,12630
2024-03-14 15:38:00-04:00,569.7899780273438,570.3599853515625,569.5900268554688,570.3599853515625,570.3599853515625,6589
2024-03-14 15:39:00-04:00,570.3300170898438,570.5989990234375,570.2100219726562,570.4000244140625,570.4000244140625,6482
2024-03-14 15:40:00-04:00,570.3900146484375,571.2579956054688,570.2999877929688,570.864990234375,570.864990234375,15321
2024-03-14 15:41:00-04:00,570.8200073242188,571.0399780273438,570.5501708984375,570.7949829101562,570.7949829101562,8212
2024-03-14 15:42:00-04:00,570.6699829101562,570.97998046875,570.6099853515625,570.719970703125,570.719970703125,9258
2024-03-14 15:43:00-04:00,570.7000122070312,570.760009765625,570.2899780273438,570.6199951171875,570.6199951171875,11718
2024-03-14 15:44:00-04:00,570.6199951171875,571.0700073242188,570.4400024414062,571.0,571.0,12227
2024-03-14 15:45:00-04:00,571.1199951171875,571.6500244140625,571.0230102539062,571.472900390625,571.472900390625,12757
2024-03-14 15:46:00-04:00,571.4000244140625,571.469970703125,570.9400024414062,571.3200073242188,571.3200073242188,14101
2024-03-14 15:47:00-04:00,571.4600219726562,571.469970703125,570.8599853515625,571.0,571.0,11018
2024-03-14 15:48:00-04:00,571.0499877929688,571.6900024414062,571.0499877929688,571.3499755859375,571.3499755859375,10968
2024-03-14 15:49:00-04:00,571.5900268554688,572.6251831054688,571.5750122070312,571.72998046875,571.72998046875,18146
2024-03-14 15:50:00-04:00,571.8200073242188,572.0,571.0399780273438,571.4400024414062,571.4400024414062,17252
2024-03-14 15:51:00-04:00,571.4249877929688,571.7000122070312,571.030029296875,571.6099853515625,571.6099853515625,13071
2024-03-14 15:52:00-04:00,571.760009765625,572.08349609375,571.5999755859375,571.7468872070312,571.7468872070312,13590
2024-03-14 15:53:00-04:00,571.6099853515625,571.7199096679688,571.0001220703125,571.6500244140625,571.6500244140625,19352
2024-03-14 15:54:00-04:00,571.469970703125,571.52001953125,571.0250244140625,571.0900268554688,571.0900268554688,24735
2024-03-14 15:55:00-04:00,571.0900268554688,571.159912109375,570.1849975585938,570.5349731445312,570.5349731445312,37028
2024-03-14 15:56:00-04:00,570.5349731445312,570.8599853515625,570.1599731445312,570.8049926757812,570.8049926757812,36284
2024-03-14 15:57:00-04:00,570.8049926757812,571.7098999023438,570.8049926757812,571.2199096679688,571.2199096679688,38068
2024-03-14 15:58:00-04:00,570.989990234375,571.1099853515625,570.469970703125,570.5999755859375,570.5999755859375,47979
2024-03-14 15:59:00-04:00,570.6199951171875,571.6799926757812,570.4299926757812,571.6799926757812,571.6799926757812,91262
2024-03-15 09:30:00-04:00,500.3900146484375,500.9549865722656,490.010009765625,496.05499267578125,496.05499267578125,1195538
2024-03-15 09:31:00-04:00,495.5299987792969,503.0,495.5299987792969,501.989990234375,501.989990234375,150776
2024-03-15 09:32:00-04:00,502.4472961425781,503.1263122558594,498.92498779296875,502.98199462890625,502.98199462890625,115951
2024-03-15 09:33:00-04:00,502.9075927734375,503.0,500.35009765625,502.62109375,502.62109375,86785
2024-03-15 09:34:00-04:00,502.5350036621094,503.0400085449219,501.29998779296875,502.60980224609375,502.60980224609375,79506
2024-03-15 09:35:00-04:00,502.5299987792969,503.0,499.29998779296875,500.2099914550781,500.2099914550781,85350
2024-03-15 09:36:00-04:00,500.3800048828125,501.9898986816406,499.3800048828125,501.62200927734375,501.62200927734375,82638
2024-03-15 09:37:00-04:00,501.56500244140625,501.56500244140625,500.15399169921875,501.2085876464844,501.2085876464844,151917
2024-03-15 09:38:00-04:00,500.8800048828125,503.05999755859375,500.5799865722656,502.0,502.0,94513
2024-03-15 09:39:00-04:00,502.2349853515625,502.8299865722656,500.7301025390625,501.9700012207031,501.9700012207031,53344
2024-03-15 09:40:00-04:00,501.9599914550781,503.0,500.0,500.909912109375,500.909912109375,62638
2024-03-15 09:41:00-04:00,500.20660400390625,500.8699951171875,499.2500915527344,499.8080139160156,499.8080139160156,59124
2024-03-15 09:42:00-04:00,499.8599853515625,500.1400146484375,497.0000915527344,498.3783874511719,498.3783874511719,98277
2024-03-15 09:43:00-04:00,497.7601013183594,498.57000732421875,495.5,495.6719970703125,495.6719970703125,62319
2024-03-15 09:44:00-04:00,495.5450134277344,497.4602966308594,495.0,496.9939880371094,496.9939880371094,68551
2024-03-15 09:45:00-04:00,496.6700134277344,498.0,495.2799987792969,497.5116882324219,497.5116882324219,43671
2024-03-15 09:46:00-04:00,497.6700134277344,499.67999267578125,496.840087890625,497.7218017578125,497.7218017578125,47403
2024-03-15 09:47:00-04:00,497.885009765625,499.4649963378906,497.0,498.80499267578125,498.80499267578125,48167
2024-03-15 09:48:00-04:00,498.72540283203125,499.739990234375,497.35009765625,498.8392028808594,498.8392028808594,28618
2024-03-15 09:49:00-04:00,498.8299865722656,499.3999938964844,497.4700012207031,497.9512939453125,497.9512939453125,40656
2024-03-15 09:50:00-04:00,498.29998779296875,498.44989013671875,496.260009765625,496.3700866699219,496.3700866699219,47000
2024-03-15 09:51:00-04:00,496.29998779296875,497.0400085449219,495.79998779296875,496.19580078125,496.19580078125,46062
2024-03-15 09:52:00-04:00,496.1300048828125,499.0,495.85009765625,498.4088134765625,498.4088134765625,73138
2024-03-15 09:53:00-04:00,499.1300048828125,499.2398986816406,497.8301086425781,498.05999755859375,498.05999755859375,32336
2024-03-15 09:54:00-04:00,497.8699951171875,498.25,496.4801025390625,496.7349853515625,496.7349853515625,26971
2024-03-15 09:55:00-04:00,496.4800109863281,497.2300109863281,496.3399963378906,496.92999267578125,496.92999267578125,34868
2024-03-15 09:56:00-04:00,496.8349914550781,496.9800109863281,495.0050048828125,495.2449951171875,495.2449951171875,33772
2024-03-15 09:57:00-04:00,495.2049865722656,495.8900146484375,494.1297912597656,494.7015075683594,494.7015075683594,61465
2024-03-15 09:58:00-04:00,495.25,496.1400146484375,494.7909851074219,494.885009765625,494.885009765625,30512
2024-03-15 09:59:00-04:00,495.0,495.3900146484375,494.40008544921875,495.32000732421875,495.32000732421875,31686
2024-03-15 10:00:00-04:00,495.0199890136719,495.3999938964844,493.0,493.510009765625,493.510009765625,53371
2024-03-15 10:01:00-04:00,493.9599914550781,493.9700012207031,492.10009765625,492.2300109863281,492.2300109863281,39895
2024-03-15 10:02:00-04:00,492.1099853515625,492.3999938964844,491.4700012207031,491.91351318359375,491.91351318359375,73955
2024-03-15 10:03:00-04:00,492.01019287109375,492.38970947265625,491.1600036621094,491.19000244140625,491.19000244140625,48011
2024-03-15 10:04:00-04:00,491.26800537109375,491.409912109375,490.5199890136719,491.1449890136719,491.1449890136719,55858
2024-03-15 10:05:00-04:00,491.04010009765625,492.6600036621094,490.3999938964844,492.3699951171875,492.3699951171875,71605
2024-03-15 10:06:00-04:00,492.0899963378906,492.0899963378906,490.3800048828125,490.5400085449219,490.5400085449219,94691
2024-03-15 10:07:00-04:00,490.7900085449219,491.9283142089844,490.6199951171875,491.760009765625,491.760009765625,43300
2024-03-15 10:08:00-04:00,491.5899963378906,492.17999267578125,491.0,491.1700134277344,491.1700134277344,47867
2024-03-15 10:09:00-04:00,491.1622009277344,491.8882141113281,490.75,491.8699951171875,491.8699951171875,45840
2024-03-15 10:10:00-04:00,491.8900146484375,492.0,490.1700134277344,490.4700012207031,490.4700012207031,44800
2024-03-15 10:11:00-04:00,490.6300048828125,491.1600036621094,490.0,490.0,490.0,85166
2024-03-15 10:12:00-04:00,490.0,490.92999267578125,488.489990234375,489.5950012207031,489.5950012207031,70720
2024-03-15 10:13:00-04:00,489.5745849609375,491.82000732421875,489.110107421875,491.82000732421875,491.82000732421875,45980
2024-03-15 10:14:00-04:00,491.6300048828125,493.1600036621094,491.4573059082031,492.68328857421875,492.68328857421875,83202
2024-03-15 10:15:00-04:00,492.6050109863281,493.07000732421875,492.3800964355469,492.8800048828125,492.8800048828125,54061
2024-03-15 10:16:00-04:00,492.8299865722656,493.0,492.0,492.20001220703125,492.20001220703125,55818
2024-03-15 10:17:00-04:00,492.19500732421875,492.9200134277344,491.6400146484375,491.9700012207031,491.9700012207031,42447
2024-03-15 10:18:00-04:00,491.9898986816406,492.4599914550781,491.510009765625,491.86468505859375,491.86468505859375,36340
2024-03-15 10:19:00-04:00,491.95989990234375,491.95989990234375,490.1300048828125,490.54998779296875,490.54998779296875,37786
2024-03-15 10:20:00-04:00,490.51800537109375,491.2200012207031,490.24249267578125,490.92999267578125,490.92999267578125,29958
2024-03-15 10:21:00-04:00,490.7699890136719,490.7699890136719,490.0,490.4700012207031,490.4700012207031,48695
2024-03-15 10:22:00-04:00,490.3800048828125,492.44061279296875,490.2196044921875,492.1429138183594,492.1429138183594,20652
2024-03-15 10:23:00-04:00,492.40521240234375,492.40521240234375,491.1300964355469,491.8900146484375,491.8900146484375,16556
2024-03-15 10:24:00-04:00,491.9150085449219,493.0,491.6700134277344,493.0,493.0,21284
2024-03-15 10:25:00-04:00,493.0,494.7900085449219,492.860107421875,494.38861083984375,494.38861083984375,49154
2024-03-15 10:26:00-04:00,494.4100036621094,494.69000244140625,493.8901062011719,494.5,494.5,20095
2024-03-15 10:27:00-04:00,494.6400146484375,494.79998779296875,493.40008544921875,493.6200866699219,493.6200866699219,27178
2024-03-15 10:28:00-04:00,493.8280029296875,494.2300109863281,493.0683898925781,494.04998779296875,494.04998779296875,26359
2024-03-15 10:29:00-04:00,493.8800048828125,493.8800048828125,492.5,492.70001220703125,492.70001220703125,34606
2024-03-15 10:30:00-04:00,492.70001220703125,495.34991455078125,492.70001220703125,495.20989990234375,495.20989990234375,46645
2024-03-15 10:31:00-04:00,495.0199890136719,495.8999938964844,494.6099853515625,495.0,495.0,38944
2024-03-15 10:32:00-04:00,495.02801513671875,496.0,494.99530029296875,495.7749938964844,495.7749938964844,25962
2024-03-15 10:33:00-04:00,495.92999267578125,495.9700012207031,492.7699890136719,492.9100036621094,492.9100036621094,33423
2024-03-15 10:34:00-04:00,492.7900085449219,492.82000732421875,491.5000915527344,492.2500915527344,492.2500915527344,51014
2024-03-15 10:35:00-04:00,492.1700134277344,493.42999267578125,491.3299865722656,492.9849853515625,492.9849853515625,44997
2024-03-15 10:36:00-04:00,493.40301513671875,494.32000732421875,493.0299987792969,493.375,493.375,19475
2024-03-15 10:37:00-04:00,493.3699951171875,493.6700134277344,492.3900146484375,492.9750061035156,492.9750061035156,22319
2024-03-15 10:38:00-04:00,493.3399963378906,493.67999267578125,492.6700134277344,493.0,493.0,20353
2024-03-15 10:39:00-04:00,493.0,493.29998779296875,492.25,492.4700012207031,492.4700012207031,16416
2024-03-15 10:40:00-04:00,492.4024963378906,493.29998779296875,492.3399963378906,492.69000244140625,492.69000244140625,17273
2024-03-15 10:41:00-04:00,492.0232849121094,493.3500061035156,491.3576965332031,493.3500061035156,493.3500061035156,29876
2024-03-15 10:42:00-04:00,493.0,493.45001220703125,492.47760009765625,492.8714904785156,492.8714904785156,12756
2024-03-15 10:43:00-04:00,493.0299987792969,494.20001220703125,492.7101135253906,493.010009765625,493.010009765625,30598
2024-03-15 10:44:00-04:00,492.94000244140625,493.17999267578125,491.8949890136719,492.2049865722656,492.2049865722656,15558
2024-03-15 10:45:00-04:00,492.3800048828125,492.70001220703125,491.8800048828125,492.0458984375,492.0458984375,16235
2024-03-15 10:46:00-04:00,492.17999267578125,492.6499938964844,491.71160888671875,492.05499267578125,492.05499267578125,20790
2024-03-15 10:47:00-04:00,491.9200134277344,492.8599853515625,491.9200134277344,492.8599853515625,492.8599853515625,18978
2024-03-15 10:48:00-04:00,492.8699951171875,493.989990234375,492.75,493.3900146484375,493.3900146484375,21136
2024-03-15 10:49:00-04:00,493.42999267578125,493.5199890136719,491.70001220703125,492.6650085449219,492.6650085449219,34188
2024-03-15 10:50:00-04:00,492.585205078125,492.7300109863281,491.989990234375,492.5,492.5,16706
2024-03-15 10:51:00-04:00,492.5881042480469,492.95001220703125,492.35211181640625,492.55999755859375,492.55999755859375,17774
2024-03-15 10:52:00-04:00,492.55999755859375,492.9100036621094,492.2799987792969,492.4200134277344,492.4200134277344,21346
2024-03-15 10:53:00-04:00,492.6300048828125,492.864013671875,491.4200134277344,492.0000915527344,492.0000915527344,30711
2024-03-15 10:54:00-04:00,492.17999267578125,492.5199890136719,491.82000732421875,492.2650146484375,492.2650146484375,24909
2024-03-15 10:55:00-04:00,492.4299011230469,492.94989013671875,491.9399108886719,492.6828918457031,492.6828918457031,16766
2024-03-15 10:56:00-04:00,492.94000244140625,493.34991455078125,492.67010498046875,493.08428955078125,493.08428955078125,31715
2024-03-15 10:57:00-04:00,493.19000244140625,493.2799987792969,492.5299987792969,492.95001220703125,492.95001220703125,26295
2024-03-15 10:58:00-04:00,492.9715881347656,493.3999938964844,492.57000732421875,492.7799987792969,492.7799987792969,23797
2024-03-15 10:59:00-04:00,492.70709228515625,493.489990234375,492.66461181640625,493.4796142578125,493.4796142578125,14686
2024-03-15 11:00:00-04:00,493.4796142578125,493.4796142578125,493.0199890136719,493.1199951171875,493.1199951171875,13645
2024-03-15 11:01:00-04:00,493.20001220703125,493.79998779296875,492.7950134277344,493.17498779296875,493.17498779296875,22890
2024-03-15 11:02:00-04:00,493.4458923339844,493.5199890136719,493.0,493.3999938964844,493.3999938964844,12680
2024-03-15 11:03:00-04:00,493.3699951171875,493.54998779296875,492.875,493.54998779296875,493.54998779296875,12587
2024-03-15 11:04:00-04:00,493.5799865722656,494.04998779296875,493.3663024902344,493.57989501953125,493.57989501953125,25593
2024-03-15 11:05:00-04:00,493.6000061035156,493.7698974609375,492.25,492.25,492.25,28190
2024-03-15 11:06:00-04:00,492.4901123046875,493.3299865722656,492.4901123046875,492.95001220703125,492.95001220703125,12127
2024-03-15 11:07:00-04:00,492.8699951171875,493.6099853515625,492.67999267578125,493.5,493.5,12209
2024-03-15 11:08:00-04:00,493.2200927734375,493.6700134277344,491.5600891113281,492.44000244140625,492.44000244140625,20093
2024-03-15 11:09:00-04:00,492.0,492.260009765625,491.8999938964844,492.05999755859375,492.05999755859375,15098
2024-03-15 11:10:00-04:00,492.1199951171875,492.57000732421875,491.75,491.9750061035156,491.9750061035156,17269
2024-03-15 11:11:00-04:00,492.1499938964844,492.2300109863281,491.1000061035156,491.2950134277344,491.2950134277344,19785
2024-03-15 11:12:00-04:00,491.1180114746094,491.32000732421875,490.35009765625,490.6549987792969,490.6549987792969,26060
2024-03-15 11:13:00-04:00,490.67498779296875,491.3999938964844,490.57000732421875,491.2049865722656,491.2049865722656,19426
2024-03-15 11:14:00-04:00,491.2380065917969,491.4100036621094,490.5000915527344,490.67999267578125,490.67999267578125,10869
2024-03-15 11:15:00-04:00,490.510009765625,490.6600036621094,490.2200012207031,490.5050048828125,490.5050048828125,18611
2024-03-15 11:16:00-04:00,490.45001220703125,490.69000244140625,490.2601013183594,490.5050048828125,490.5050048828125,14794
2024-03-15 11:17:00-04:00,490.5299987792969,490.5299987792969,489.239990234375,489.2936096191406,489.2936096191406,63221
2024-03-15 11:18:00-04:00,489.3900146484375,489.5,489.0,489.3550109863281,489.3550109863281,30473
2024-03-15 11:19:00-04:00,489.3399963378906,489.3999938964844,488.6700134277344,488.7300109863281,488.7300109863281,25990
2024-03-15 11:20:00-04:00,488.80999755859375,489.2099914550781,488.69000244140625,489.17498779296875,489.17498779296875,23077
2024-03-15 11:21:00-04:00,489.17999267578125,489.3699951171875,488.7301025390625,489.0350036621094,489.0350036621094,17789
2024-03-15 11:22:00-04:00,489.06500244140625,489.510009765625,489.010009765625,489.20001220703125,489.20001220703125,18888
2024-03-15 11:23:00-04:00,489.2300109863281,489.4472961425781,488.8999938964844,489.20001220703125,489.20001220703125,16001
2024-03-15 11:24:00-04:00,489.20001220703125,489.5,489.04998779296875,489.1650085449219,489.1650085449219,11682
2024-03-15 11:25:00-04:00,489.034912109375,489.7699890136719,489.0,489.7699890136719,489.7699890136719,15796
2024-03-15 11:26:00-04:00,489.5299987792969,489.79998779296875,488.8999938964844,488.8999938964844,488.8999938964844,11952
2024-03-15 11:27:00-04:00,488.8800048828125,488.8800048828125,487.5000915527344,487.5199890136719,487.5199890136719,77312
2024-03-15 11:28:00-04:00,487.5,487.8099060058594,486.875,487.2749938964844,487.2749938964844,43548
2024-03-15 11:29:00-04:00,487.2749938964844,488.0,487.20001220703125,487.27099609375,487.27099609375,35106
2024-03-15 11:30:00-04:00,487.2699890136719,487.2699890136719,486.730712890625,486.7349853515625,486.7349853515625,25090
2024-03-15 11:31:00-04:00,486.7349853515625,486.9898986816406,486.5199890136719,486.6200866699219,486.6200866699219,68630
2024-03-15 11:32:00-04:00,486.9150085449219,487.9700012207031,486.55999755859375,486.9200134277344,486.9200134277344,36226
2024-03-15 11:33:00-04:00,486.885009765625,487.5899963378906,486.885009765625,487.1549987792969,487.1549987792969,21971
2024-03-15 11:34:00-04:00,487.1449890136719,487.2898864746094,486.5,486.5849914550781,486.5849914550781,21473
2024-03-15 11:35:00-04:00,486.6382141113281,486.6382141113281,486.0,486.239990234375,486.239990234375,35106
2024-03-15 11:36:00-04:00,486.34161376953125,486.6400146484375,485.8699951171875,486.00311279296875,486.00311279296875,28247
2024-03-15 11:37:00-04:00,485.94000244140625,486.1400146484375,485.20001220703125,485.8500061035156,485.8500061035156,30454
2024-03-15 11:38:00-04:00,485.9700012207031,486.2699890136719,485.3599853515625,485.9599914550781,485.9599914550781,31258
2024-03-15 11:39:00-04:00,485.8599853515625,485.8999938964844,485.0,485.29998779296875,485.29998779296875,35688
2024-03-15 11:40:00-04:00,485.4601135253906,486.1099853515625,485.0,486.04998779296875,486.04998779296875,35908
2024-03-15 11:41:00-04:00,486.1000061035156,487.8800048828125,486.0,486.94000244140625,486.94000244140625,34011
2024-03-15 11:42:00-04:00,486.95001220703125,487.0199890136719,486.1499938964844,486.8500061035156,486.8500061035156,25958
2024-03-15 11:43:00-04:00,486.7099914550781,486.80999755859375,485.5299987792969,485.7799987792969,485.7799987792969,14199
2024-03-15 11:44:00-04:00,485.7892150878906,486.4200134277344,485.7799987792969,486.260009765625,486.260009765625,9945
2024-03-15 11:45:00-04:00,486.4377136230469,488.2799987792969,486.2200012207031,487.8599853515625,487.8599853515625,99634
2024-03-15 11:46:00-04:00,488.1300048828125,489.75,487.9599914550781,489.44000244140625,489.44000244140625,74069
2024-03-15 11:47:00-04:00,489.44000244140625,489.96319580078125,488.3299865722656,488.67999267578125,488.67999267578125,52693
2024-03-15 11:48:00-04:00,488.75,489.30999755859375,488.5299987792969,489.0350036621094,489.0350036621094,34724
2024-03-15 11:49:00-04:00,488.79998779296875,488.989990234375,488.04998779296875,488.5799865722656,488.5799865722656,21237
2024-03-15 11:50:00-04:00,488.5911865234375,489.3599853515625,488.489990234375,489.3599853515625,489.3599853515625,34666
2024-03-15 11:51:00-04:00,488.9700927734375,489.5,488.69000244140625,489.0799865722656,489.0799865722656,16655
2024-03-15 11:52:00-04:00,489.4700012207031,489.82000732421875,489.1300048828125,489.6400146484375,489.6400146484375,19704
2024-03-15 11:53:00-04:00,489.6401062011719,489.8699951171875,488.5,488.5400085449219,488.5400085449219,32488
2024-03-15 11:54:00-04:00,488.8373107910156,489.42999267578125,488.22100830078125,489.2149963378906,489.2149963378906,21052
2024-03-15 11:55:00-04:00,489.2149963378906,490.4453125,489.0918884277344,490.3349914550781,490.3349914550781,30337
2024-03-15 11:56:00-04:00,490.2301025390625,490.55999755859375,489.9100036621094,490.3599853515625,490.3599853515625,55943
2024-03-15 11:57:00-04:00,490.239990234375,490.239990234375,488.5600891113281,488.5600891113281,488.5600891113281,36866
2024-03-15 11:58:00-04:00,489.0,489.0,488.3110046386719,488.6400146484375,488.6400146484375,35667
2024-03-15 11:59:00-04:00,488.8800048828125,489.4700012207031,488.6499938964844,489.3599853515625,489.3599853515625,13954
2024-03-15 12:00:00-04:00,489.25,489.5899963378906,488.3699951171875,489.3999938964844,489.3999938964844,23481
2024-03-15 12:01:00-04:00,489.6899108886719,490.1000061035156,489.340087890625,490.09991455078125,490.09991455078125,15261
2024-03-15 12:02:00-04:00,489.80999755859375,490.489990234375,489.80999755859375,490.464111328125,490.464111328125,21421
2024-03-15 12:03:00-04:00,490.4700012207031,490.96978759765625,490.4049987792969,490.875,490.875,24920
2024-03-15 12:04:00-04:00,490.875,490.875,490.3800048828125,490.70001220703125,490.70001220703125,17380
2024-03-15 12:05:00-04:00,490.6050109863281,490.8500061035156,490.46099853515625,490.7900085449219,490.7900085449219,9861
2024-03-15 12:06:00-04:00,490.80499267578125,490.80499267578125,490.4599914550781,490.7099914550781,490.7099914550781,9998
2024-03-15 12:07:00-04:00,490.7200012207031,491.59991455078125,490.7200012207031,491.44000244140625,491.44000244140625,24877
2024-03-15 12:08:00-04:00,491.2900085449219,491.82000732421875,490.997314453125,490.997314453125,490.997314453125,15599
2024-03-15 12:09:00-04:00,491.0119934082031,491.18121337890625,490.9750061035156,491.18121337890625,491.18121337890625,9556
2024-03-15 12:10:00-04:00,491.0010070800781,491.75,491.0010070800781,491.7200012207031,491.7200012207031,10717
2024-03-15 12:11:00-04:00,491.6050109863281,491.739990234375,490.7510070800781,491.5459899902344,491.5459899902344,36706
2024-03-15 12:12:00-04:00,491.4700012207031,491.6099853515625,491.1000061035156,491.45001220703125,491.45001220703125,16848
2024-03-15 12:13:00-04:00,491.49749755859375,491.7099914550781,491.32000732421875,491.44000244140625,491.44000244140625,15176
2024-03-15 12:14:00-04:00,491.42999267578125,491.5299987792969,491.0899963378906,491.3550109863281,491.3550109863281,10215
2024-03-15 12:15:00-04:00,491.3450012207031,491.8999938964844,491.3450012207031,491.55010986328125,491.55010986328125,14717
2024-03-15 12:16:00-04:00,491.67999267578125,491.7699890136719,491.4750061035156,491.58648681640625,491.58648681640625,9607
2024-03-15 12:17:00-04:00,491.5350036621094,491.5350036621094,490.04998779296875,490.1700134277344,490.1700134277344,18099
2024-03-15 12:18:00-04:00,490.2521057128906,490.4700012207031,490.0,490.29998779296875,490.29998779296875,38858
2024-03-15 12:19:00-04:00,490.29998779296875,490.3581848144531,489.67999267578125,489.82501220703125,489.82501220703125,29389
2024-03-15 12:20:00-04:00,489.6210021972656,489.7900085449219,489.1310119628906,489.1606140136719,489.1606140136719,34055
2024-03-15 12:22:00-04:00,489.7699890136719,490.2029113769531,489.6001892089844,489.9800109863281,489.9800109863281,40635
2024-03-15 12:23:00-04:00,490.139892578125,490.2300109863281,489.80999755859375,489.9949951171875,489.9949951171875,10049
2024-03-15 12:25:00-04:00,490.0104064941406,490.32000732421875,489.54998779296875,489.69000244140625,489.69000244140625,36015
2024-03-15 12:26:00-04:00,489.81988525390625,489.82000732421875,488.5799865722656,488.6499938964844,488.6499938964844,16482
2024-03-15 12:27:00-04:00,488.739990234375,488.889892578125,488.3800964355469,488.4549865722656,488.4549865722656,14078
2024-03-15 12:28:00-04:00,488.4549865722656,489.3599853515625,488.3800048828125,489.125,489.125,19447
2024-03-15 12:29:00-04:00,489.3599853515625,489.7099914550781,489.110107421875,489.110107421875,489.110107421875,11590
2024-03-15 12:30:00-04:00,489.1099853515625,489.30999755859375,488.739990234375,488.9599914550781,488.9599914550781,27300
2024-03-15 12:31:00-04:00,489.3399963378906,489.6600036621094,488.6700134277344,488.91009521484375,488.91009521484375,24971
2024-03-15 12:32:00-04:00,489.2650146484375,489.5899963378906,488.92999267578125,489.4599914550781,489.4599914550781,24647
2024-03-15 12:33:00-04:00,489.4599914550781,489.6300048828125,488.79998779296875,488.79998779296875,488.79998779296875,13365
2024-03-15 12:34:00-04:00,488.9800109863281,489.3900146484375,488.78619384765625,489.07501220703125,489.07501220703125,13673
2024-03-15 12:35:00-04:00,489.010009765625,489.6000061035156,488.8800048828125,489.57000732421875,489.57000732421875,10901
2024-03-15 12:36:00-04:00,489.60400390625,489.989990234375,489.4093933105469,489.989990234375,489.989990234375,13822
2024-03-15 12:37:00-04:00,490.2997131347656,490.7200012207031,489.8200988769531,490.6000061035156,490.6000061035156,18600
2024-03-15 12:38:00-04:00,490.3973083496094,490.6600036621094,490.3699951171875,490.5199890136719,490.5199890136719,21497
2024-03-15 12:39:00-04:00,490.3999938964844,490.4949951171875,489.0801086425781,489.106201171875,489.106201171875,27886
2024-03-15 12:40:00-04:00,489.3500061035156,489.7900085449219,489.18798828125,489.7294921875,489.7294921875,11035
2024-03-15 12:41:00-04:00,489.5917053222656,489.7799987792969,489.2300109863281,489.3999938964844,489.3999938964844,5530
2024-03-15 12:42:00-04:00,489.19000244140625,489.19000244140625,488.239990234375,488.239990234375,488.239990234375,13717
2024-03-15 12:43:00-04:00,488.30999755859375,488.32000732421875,487.7312927246094,487.80499267578125,487.80499267578125,15173
2024-03-15 12:44:00-04:00,487.760009765625,487.95001220703125,487.54010009765625,487.79998779296875,487.79998779296875,12208
2024-03-15 12:45:00-04:00,487.6700134277344,487.889892578125,487.260009765625,487.2699890136719,487.2699890136719,14776
2024-03-15 12:46:00-04:00,487.3949890136719,487.5299072265625,487.16009521484375,487.2799987792969,487.2799987792969,10200
2024-03-15 12:47:00-04:00,487.2799987792969,487.6099853515625,487.2099914550781,487.5981140136719,487.5981140136719,11638
2024-03-15 12:48:00-04:00,487.3999938964844,487.4049987792969,487.0,487.0,487.0,16704
2024-03-15 12:49:00-04:00,487.0,487.0,486.6300048828125,486.6300048828125,486.6300048828125,9820
2024-03-15 12:50:00-04:00,486.6899108886719,486.7900085449219,486.3900146484375,486.5199890136719,486.5199890136719,16415
2024-03-15 12:51:00-04:00,486.5299987792969,486.635009765625,486.010009765625,486.0400085449219,486.0400085449219,14351
2024-03-15 12:52:00-04:00,486.01300048828125,486.3699951171875,486.0,486.260009765625,486.260009765625,15284
2024-03-15 12:53:00-04:00,486.3699951171875,487.3299865722656,486.3699951171875,486.94000244140625,486.94000244140625,20148
2024-03-15 12:54:00-04:00,486.8900146484375,487.1700134277344,486.6499938964844,487.04998779296875,487.04998779296875,7927
2024-03-15 12:55:00-04:00,487.07000732421875,488.1000061035156,487.07000732421875,488.0224914550781,488.0224914550781,19058
2024-03-15 12:56:00-04:00,488.0350036621094,488.4800109863281,487.875,488.2699890136719,488.2699890136719,47372
2024-03-15 12:57:00-04:00,488.1304931640625,488.739990234375,487.83099365234375,488.1600036621094,488.1600036621094,13245
2024-03-15 12:58:00-04:00,488.2300109863281,488.54998779296875,487.9801025390625,488.2900085449219,488.2900085449219,5119
2024-03-15 12:59:00-04:00,488.3949890136719,488.5,487.9200134277344,488.31500244140625,488.31500244140625,15083
2024-03-15 13:00:00-04:00,488.3550109863281,488.8900146484375,488.16571044921875,488.5350036621094,488.5350036621094,14249
2024-03-15 13:01:00-04:00,488.6000061035156,488.9700012207031,488.32000732421875,488.4200134277344,488.4200134277344,10362
2024-03-15 13:02:00-04:00,488.385009765625,488.8900146484375,488.2799987792969,488.7149963378906,488.7149963378906,13483
2024-03-15 13:03:00-04:00,488.7049865722656,489.1499938964844,488.5409851074219,488.8984069824219,488.8984069824219,13804
2024-03-15 13:04:00-04:00,488.94500732421875,489.19000244140625,488.7601013183594,489.0450134277344,489.0450134277344,11489
2024-03-15 13:05:00-04:00,489.0450134277344,489.45001220703125,488.2699890136719,488.6390075683594,488.6390075683594,15049
2024-03-15 13:06:00-04:00,488.385009765625,488.6199951171875,488.2847900390625,488.4410095214844,488.4410095214844,6353
2024-03-15 13:07:00-04:00,488.55999755859375,488.79998779296875,488.110107421875,488.1109924316406,488.1109924316406,8653
2024-03-15 13:08:00-04:00,488.19000244140625,488.3999938964844,487.7300109863281,487.9800109863281,487.9800109863281,11013
2024-03-15 13:09:00-04:00,487.989990234375,488.6099853515625,487.8764953613281,488.5849914550781,488.5849914550781,9968
2024-03-15 13:10:00-04:00,488.69000244140625,488.94000244140625,488.5000915527344,488.5000915527344,488.5000915527344,16201
2024-03-15 13:11:00-04:00,488.2699890136719,488.9800109863281,488.010009765625,488.9800109863281,488.9800109863281,8932
2024-03-15 13:12:00-04:00,488.7950134277344,488.95001220703125,488.6099853515625,488.6099853515625,488.6099853515625,28224
2024-03-15 13:13:00-04:00,488.5400085449219,488.80999755859375,488.4901123046875,488.7900085449219,488.7900085449219,4534
2024-03-15 13:14:00-04:00,488.7300109863281,488.83990478515625,488.52301025390625,488.6099853515625,488.6099853515625,5764
2024-03-15 13:15:00-04:00,488.614990234375,488.67498779296875,488.42999267578125,488.42999267578125,488.42999267578125,4868
2024-03-15 13:16:00-04:00,488.42999267578125,488.7099914550781,488.2500915527344,488.5400085449219,488.5400085449219,17585
2024-03-15 13:17:00-04:00,488.5400085449219,488.6199951171875,488.2001037597656,488.30999755859375,488.30999755859375,17575
2024-03-15 13:18:00-04:00,488.6700134277344,490.0199890136719,488.5799865722656,489.07000732421875,489.07000732421875,38998
2024-03-15 13:19:00-04:00,489.28369140625,489.9200134277344,488.7908935546875,489.7099914550781,489.7099914550781,8523
2024-03-15 13:20:00-04:00,489.71099853515625,490.7349853515625,489.71099853515625,490.7349853515625,490.7349853515625,10853
2024-03-15 13:21:00-04:00,490.71600341796875,491.1400146484375,490.510009765625,491.1300048828125,491.1300048828125,21935
2024-03-15 13:22:00-04:00,491.260009765625,491.3299865722656,490.9549865722656,491.1400146484375,491.1400146484375,13423
2024-03-15 13:23:00-04:00,491.10870361328125,491.70001220703125,491.10870361328125,491.3949890136719,491.3949890136719,11719
2024-03-15 13:24:00-04:00,491.5299072265625,491.6676025390625,490.75,490.75,490.75,14247
2024-03-15 13:25:00-04:00,490.7749938964844,491.3999938964844,490.7694091796875,490.8999938964844,490.8999938964844,20738
2024-03-15 13:26:00-04:00,490.8949890136719,491.1600036621094,490.75,490.8924865722656,490.8924865722656,8662
2024-03-15 13:27:00-04:00,490.8399963378906,491.0150146484375,490.2300109863281,490.25,490.25,7917
2024-03-15 13:28:00-04:00,490.3999938964844,490.5,490.2300109863281,490.364990234375,490.364990234375,7221
2024-03-15 13:29:00-04:00,490.364990234375,490.364990234375,489.875,489.875,489.875,12946
2024-03-15 13:30:00-04:00,489.875,489.989990234375,489.4919128417969,489.8949890136719,489.8949890136719,28290
2024-03-15 13:31:00-04:00,489.9637145996094,490.09991455078125,489.8299865722656,489.8299865722656,489.8299865722656,6346
2024-03-15 13:32:00-04:00,489.54998779296875,489.7550048828125,489.3999938964844,489.7550048828125,489.7550048828125,5212
2024-03-15 13:33:00-04:00,489.4804992675781,489.92999267578125,489.4804992675781,489.8117980957031,489.8117980957031,13544
2024-03-15 13:34:00-04:00,489.8299865722656,490.3699951171875,489.6274108886719,490.3699951171875,490.3699951171875,19873
2024-03-15 13:35:00-04:00,490.2799987792969,490.3800048828125,489.1000061035156,489.2099914550781,489.2099914550781,13220
2024-03-15 13:36:00-04:00,489.2200012207031,489.3900146484375,488.8399963378906,489.0805969238281,489.0805969238281,12867
2024-03-15 13:37:00-04:00,489.2799987792969,489.4999084472656,489.260009765625,489.4100036621094,489.4100036621094,6754
2024-03-15 13:38:00-04:00,489.4599914550781,489.4599914550781,488.9700012207031,489.30810546875,489.30810546875,14339
2024-03-15 13:39:00-04:00,489.260009765625,489.9798889160156,489.1650085449219,489.70001220703125,489.70001220703125,7673
2024-03-15 13:40:00-04:00,489.7900085449219,490.5299987792969,489.7900085449219,490.2200012207031,490.2200012207031,11516
2024-03-15 13:41:00-04:00,490.3800048828125,490.3999938964844,490.2500915527344,490.375,490.375,5721
2024-03-15 13:42:00-04:00,490.3949890136719,490.44000244140625,490.0409851074219,490.4100036621094,490.4100036621094,11794
2024-03-15 13:43:00-04:00,490.3800048828125,491.239990234375,490.3800048828125,491.0199890136719,491.0199890136719,54239
2024-03-15 13:44:00-04:00,490.8500061035156,491.0,490.04010009765625,490.3299865722656,490.3299865722656,8968
2024-03-15 13:45:00-04:00,490.3299865722656,490.44000244140625,489.781005859375,489.989990234375,489.989990234375,6509
2024-03-15 13:46:00-04:00,489.8800048828125,489.8800048828125,489.0685119628906,489.2200012207031,489.2200012207031,9809
2024-03-15 13:47:00-04:00,489.39990234375,489.54998779296875,489.05999755859375,489.1499938964844,489.1499938964844,6822
2024-03-15 13:48:00-04:00,489.1499938964844,489.5,488.989990234375,489.22198486328125,489.22198486328125,15416
2024-03-15 13:49:00-04:00,489.29998779296875,489.29998779296875,488.7900085449219,489.2900085449219,489.2900085449219,11496
2024-03-15 13:50:00-04:00,489.17999267578125,489.5299072265625,489.0653991699219,489.3999938964844,489.3999938964844,12546
2024-03-15 13:51:00-04:00,489.3999938964844,489.4049987792969,488.7301025390625,489.0249938964844,489.0249938964844,11528
2024-03-15 13:52:00-04:00,489.0150146484375,489.25,488.8727111816406,489.1700134277344,489.1700134277344,12070
2024-03-15 13:53:00-04:00,489.3299865722656,489.5299987792969,489.239990234375,489.4248962402344,489.4248962402344,9631
2024-03-15 13:54:00-04:00,489.04998779296875,489.3135986328125,488.7300109863281,489.260009765625,489.260009765625,9436
2024-03-15 13:55:00-04:00,489.17498779296875,489.3500061035156,488.9100036621094,489.25,489.25,17074
2024-03-15 13:56:00-04:00,489.3500061035156,489.5942077636719,488.9623107910156,489.0,489.0,12148
2024-03-15 13:57:00-04:00,489.0350036621094,489.1700134277344,488.625,488.625,488.625,8441
2024-03-15 13:58:00-04:00,488.5299987792969,488.9599914550781,488.1600036621094,488.8599853515625,488.8599853515625,23858
2024-03-15 13:59:00-04:00,489.07000732421875,489.32000732421875,488.8949890136719,489.13848876953125,489.13848876953125,11548
2024-03-15 14:00:00-04:00,489.2200012207031,489.2200012207031,488.860107421875,489.0,489.0,11391
2024-03-15 14:01:00-04:00,489.05499267578125,490.1600036621094,488.8599853515625,489.4700012207031,489.4700012207031,27539
2024-03-15 14:02:00-04:00,489.5400085449219,489.7200012207031,489.3710021972656,489.6788024902344,489.6788024902344,7699
2024-03-15 14:03:00-04:00,489.614990234375,489.7200012207031,489.0700988769531,489.409912109375,489.409912109375,13013
2024-03-15 14:04:00-04:00,489.30108642578125,489.4100036621094,489.20001220703125,489.3559875488281,489.3559875488281,5070
2024-03-15 14:05:00-04:00,489.4100036621094,489.9659118652344,489.18011474609375,489.6199951171875,489.6199951171875,12762
2024-03-15 14:06:00-04:00,489.6709899902344,490.05999755859375,489.5863952636719,489.739990234375,489.739990234375,16869
2024-03-15 14:07:00-04:00,489.5400085449219,489.75,489.4956970214844,489.7099914550781,489.7099914550781,3944
2024-03-15 14:08:00-04:00,489.69989013671875,489.94000244140625,489.510009765625,489.8529052734375,489.8529052734375,9355
2024-03-15 14:09:00-04:00,489.9150085449219,489.95001220703125,489.5899963378906,489.69000244140625,489.69000244140625,8043
2024-03-15 14:10:00-04:00,489.80499267578125,490.2298889160156,489.68499755859375,490.2298889160156,490.2298889160156,7320
2024-03-15 14:11:00-04:00,490.139404296875,490.139404296875,489.5799865722656,489.6400146484375,489.6400146484375,10535
2024-03-15 14:12:00-04:00,489.5902099609375,490.489990234375,489.5902099609375,490.2586975097656,490.2586975097656,11163
2024-03-15 14:13:00-04:00,490.1300048828125,490.1300048828125,489.3200988769531,489.3200988769531,489.3200988769531,5820
2024-03-15 14:14:00-04:00,489.4750061035156,489.8900146484375,489.35009765625,489.7861022949219,489.7861022949219,7549
2024-03-15 14:15:00-04:00,489.7213134765625,489.95001220703125,489.7213134765625,489.8599853515625,489.8599853515625,6521
2024-03-15 14:16:00-04:00,489.8699951171875,489.9200134277344,489.4150085449219,489.739990234375,489.739990234375,11950
2024-03-15 14:17:00-04:00,489.6785888671875,489.6785888671875,489.04998779296875,489.2200012207031,489.2200012207031,8067
2024-03-15 14:18:00-04:00,489.2200012207031,489.42230224609375,489.2200012207031,489.2250061035156,489.2250061035156,5711
2024-03-15 14:19:00-04:00,489.2300109863281,489.2300109863281,488.9200134277344,489.1099853515625,489.1099853515625,16081
2024-03-15 14:20:00-04:00,489.1099853515625,489.3099060058594,488.75,489.19000244140625,489.19000244140625,10229
2024-03-15 14:21:00-04:00,489.30499267578125,489.42999267578125,488.9800109863281,489.0216064453125,489.0216064453125,10060
2024-03-15 14:22:00-04:00,488.9800109863281,489.5,488.9800109863281,489.4849853515625,489.4849853515625,9778
2024-03-15 14:23:00-04:00,489.489990234375,490.1050109863281,489.4122009277344,490.1050109863281,490.1050109863281,9027
2024-03-15 14:24:00-04:00,490.114990234375,490.2799072265625,490.0000915527344,490.2040100097656,490.2040100097656,11657
2024-03-15 14:25:00-04:00,490.135009765625,490.3599853515625,489.80999755859375,489.8399963378906,489.8399963378906,12497
2024-03-15 14:26:00-04:00,489.7737121582031,490.1700134277344,489.4200134277344,489.4200134277344,489.4200134277344,7353
2024-03-15 14:27:00-04:00,489.4100036621094,490.0400085449219,489.30999755859375,489.5249938964844,489.5249938964844,16219
2024-03-15 14:28:00-04:00,489.5199890136719,489.6300048828125,489.010009765625,489.17291259765625,489.17291259765625,9671
2024-03-15 14:29:00-04:00,489.0000915527344,489.6098937988281,488.7799987792969,489.4093017578125,489.4093017578125,16048
2024-03-15 14:30:00-04:00,489.3599853515625,489.3599853515625,489.1524963378906,489.3299865722656,489.3299865722656,6535
2024-03-15 14:31:00-04:00,489.1700134277344,489.5,488.9649963378906,489.05999755859375,489.05999755859375,6688
2024-03-15 14:32:00-04:00,489.1940002441406,489.2900085449219,489.0101013183594,489.1400146484375,489.1400146484375,13730
2024-03-15 14:33:00-04:00,489.2699890136719,489.2699890136719,489.05999755859375,489.25,489.25,9511
2024-03-15 14:34:00-04:00,489.1400146484375,489.95001220703125,489.1400146484375,489.885009765625,489.885009765625,14108
2024-03-15 14:35:00-04:00,489.6300048828125,489.6629943847656,489.32000732421875,489.5799865722656,489.5799865722656,8807
2024-03-15 14:36:00-04:00,489.67999267578125,490.45001220703125,489.67999267578125,490.29998779296875,490.29998779296875,9108
2024-03-15 14:37:00-04:00,490.2200012207031,490.42999267578125,489.8901062011719,490.0450134277344,490.0450134277344,6833
2024-03-15 14:38:00-04:00,490.0450134277344,490.40948486328125,490.0132141113281,490.243408203125,490.243408203125,8278
2024-03-15 14:39:00-04:00,490.2430114746094,490.489990234375,490.0,490.489990234375,490.489990234375,9125
2024-03-15 14:40:00-04:00,490.4649963378906,490.5,490.0906982421875,490.2799987792969,490.2799987792969,7997
2024-03-15 14:41:00-04:00,490.260009765625,490.57000732421875,490.1849060058594,490.5400085449219,490.5400085449219,8472
2024-03-15 14:42:00-04:00,490.5,490.6499938964844,490.239990234375,490.29998779296875,490.29998779296875,8837
2024-03-15 14:43:00-04:00,490.489990234375,490.5950012207031,490.2676086425781,490.45001220703125,490.45001220703125,9855
2024-03-15 14:44:00-04:00,490.3399963378906,490.67999267578125,490.3399963378906,490.51708984375,490.51708984375,12216
2024-03-15 14:45:00-04:00,490.4909973144531,490.6199035644531,490.3526916503906,490.6199035644531,490.6199035644531,8278
2024-03-15 14:46:00-04:00,490.5899963378906,490.67999267578125,490.3301086425781,490.5950012207031,490.5950012207031,17120
2024-03-15 14:47:00-04:00,490.6700134277344,491.11199951171875,490.4200134277344,491.11199951171875,491.11199951171875,51322
2024-03-15 14:48:00-04:00,491.05999755859375,491.42999267578125,490.8861999511719,491.42999267578125,491.42999267578125,25258
2024-03-15 14:49:00-04:00,491.3450012207031,491.9847106933594,491.2500915527344,491.2500915527344,491.2500915527344,22742
2024-03-15 14:50:00-04:00,491.25,491.3900146484375,490.8800048828125,491.1700134277344,491.1700134277344,10303
2024-03-15 14:51:00-04:00,491.260009765625,491.3999938964844,490.61859130859375,491.2149963378906,491.2149963378906,19314
2024-03-15 14:52:00-04:00,491.07000732421875,491.07000732421875,490.4501037597656,490.70001220703125,490.70001220703125,9513
2024-03-15 14:53:00-04:00,490.6199951171875,491.00030517578125,490.4599914550781,490.9635009765625,490.9635009765625,17111
2024-03-15 14:54:00-04:00,490.9939880371094,491.8699951171875,490.9700012207031,491.8699951171875,491.8699951171875,15673
2024-03-15 14:55:00-04:00,491.86529541015625,492.20001220703125,491.6958923339844,491.9200134277344,491.9200134277344,16783
2024-03-15 14:56:00-04:00,491.9200134277344,492.4700012207031,491.9200134277344,492.3800048828125,492.3800048828125,10532
2024-03-15 14:57:00-04:00,492.3800048828125,492.6000061035156,491.67010498046875,491.7900085449219,491.7900085449219,15828
2024-03-15 14:58:00-04:00,491.70001220703125,491.8500061035156,490.85009765625,490.85009765625,490.85009765625,12280
2024-03-15 14:59:00-04:00,491.0885925292969,491.5098876953125,490.9442138671875,491.3450012207031,491.3450012207031,12610
2024-03-15 15:00:00-04:00,491.3800048828125,491.45001220703125,490.64190673828125,491.44000244140625,491.44000244140625,16277
2024-03-15 15:01:00-04:00,491.4700012207031,491.79998779296875,491.4700012207031,491.68499755859375,491.68499755859375,12218
2024-03-15 15:02:00-04:00,491.67999267578125,492.5199890136719,491.3699951171875,492.4049987792969,492.4049987792969,19125
2024-03-15 15:03:00-04:00,492.44500732421875,493.0299987792969,492.41400146484375,492.8599853515625,492.8599853515625,24409
2024-03-15 15:04:00-04:00,492.79998779296875,492.90740966796875,492.16009521484375,492.5000915527344,492.5000915527344,14218
2024-03-15 15:05:00-04:00,492.5400085449219,492.7099914550781,492.1059875488281,492.19000244140625,492.19000244140625,15255
2024-03-15 15:06:00-04:00,492.1650085449219,492.1650085449219,491.6000061035156,491.7650146484375,491.7650146484375,15830
2024-03-15 15:07:00-04:00,491.7799987792969,492.0,491.6494140625,491.7799987792969,491.7799987792969,9397
2024-03-15 15:08:00-04:00,491.7799987792969,492.0899963378906,491.2806091308594,491.31060791015625,491.31060791015625,12036
2024-03-15 15:09:00-04:00,491.4800109863281,491.489990234375,491.04010009765625,491.1000061035156,491.1000061035156,8383
2024-03-15 15:10:00-04:00,491.2300109863281,491.4679870605469,490.760009765625,491.3299865722656,491.3299865722656,18773
2024-03-15 15:11:00-04:00,491.364990234375,491.6099853515625,491.2578125,491.5249938964844,491.5249938964844,10437
2024-03-15 15:12:00-04:00,491.6000061035156,491.8900146484375,491.4901123046875,491.6333923339844,491.6333923339844,12085
2024-03-15 15:13:00-04:00,491.6860046386719,491.6860046386719,491.2701110839844,491.3900146484375,491.3900146484375,15717
2024-03-15 15:14:00-04:00,491.3599853515625,491.82470703125,490.8900146484375,491.6650085449219,491.6650085449219,15332
2024-03-15 15:15:00-04:00,491.6700134277344,492.260009765625,491.6636047363281,492.2449951171875,492.2449951171875,12314
2024-03-15 15:16:00-04:00,492.2250061035156,492.260009765625,491.83709716796875,492.1549987792969,492.1549987792969,18166
2024-03-15 15:17:00-04:00,492.2300109863281,492.33050537109375,492.0,492.05999755859375,492.05999755859375,17378
2024-03-15 15:18:00-04:00,492.1400146484375,492.3299865722656,491.9801025390625,492.3299865722656,492.3299865722656,13238
2024-03-15 15:19:00-04:00,492.3599853515625,492.3800048828125,491.82000732421875,492.25,492.25,17121
2024-03-15 15:20:00-04:00,492.20001220703125,492.5,491.9100036621094,492.04998779296875,492.04998779296875,21643
2024-03-15 15:21:00-04:00,492.0840148925781,492.489990234375,492.0400085449219,492.4800109863281,492.4800109863281,18110
2024-03-15 15:22:00-04:00,492.4800109863281,493.44500732421875,492.35198974609375,493.3399963378906,493.3399963378906,24806
2024-03-15 15:23:00-04:00,493.3450012207031,493.67919921875,493.0617980957031,493.5443115234375,493.5443115234375,47719
2024-03-15 15:24:00-04:00,493.5618896484375,494.82989501953125,493.5618896484375,494.7789001464844,494.7789001464844,26376
2024-03-15 15:25:00-04:00,494.7179870605469,495.8699951171875,494.610107421875,495.8500061035156,495.8500061035156,69294
2024-03-15 15:26:00-04:00,495.7799987792969,496.2300109863281,494.8999938964844,495.2049865722656,495.2049865722656,88178
2024-03-15 15:27:00-04:00,495.19000244140625,496.95001220703125,494.8301086425781,496.875,496.875,47913
2024-03-15 15:28:00-04:00,496.8559875488281,498.70989990234375,496.7749938964844,497.5039978027344,497.5039978027344,81378
2024-03-15 15:29:00-04:00,497.2699890136719,497.2699890136719,495.0,495.010009765625,495.010009765625,34944
2024-03-15 15:30:00-04:00,495.0,495.2200012207031,494.5010070800781,495.2200012207031,495.2200012207031,28189
2024-03-15 15:31:00-04:00,495.1199951171875,495.489990234375,494.8299865722656,495.0,495.0,31387
2024-03-15 15:32:00-04:00,494.9049987792969,497.010009765625,494.9049987792969,496.2043151855469,496.2043151855469,34004
2024-03-15 15:33:00-04:00,496.1000061035156,496.1000061035156,495.05999755859375,495.69970703125,495.69970703125,21184
2024-03-15 15:34:00-04:00,495.6600036621094,496.0899963378906,495.4849853515625,495.8800048828125,495.8800048828125,17698
2024-03-15 15:35:00-04:00,495.79998779296875,497.4800109863281,495.72479248046875,497.3500061035156,497.3500061035156,25436
2024-03-15 15:36:00-04:00,497.3500061035156,497.8800048828125,497.05010986328125,497.82501220703125,497.82501220703125,29994
2024-03-15 15:37:00-04:00,497.8800048828125,498.6700134277344,497.6099853515625,497.69500732421875,497.69500732421875,33613
2024-03-15 15:38:00-04:00,497.9999084472656,498.7900085449219,497.5600891113281,498.4119873046875,498.4119873046875,19974
2024-03-15 15:39:00-04:00,498.29998779296875,498.3900146484375,496.010009765625,496.1036071777344,496.1036071777344,25725
2024-03-15 15:40:00-04:00,495.8900146484375,496.2099914550781,495.0799865722656,495.2449951171875,495.2449951171875,37141
2024-03-15 15:41:00-04:00,495.17999267578125,495.67999267578125,494.92999267578125,495.1470031738281,495.1470031738281,21240
2024-03-15 15:42:00-04:00,495.3900146484375,495.9306945800781,495.0237121582031,495.3160095214844,495.3160095214844,21482
2024-03-15 15:43:00-04:00,495.1549987792969,495.82000732421875,495.0899963378906,495.1445007324219,495.1445007324219,24048
2024-03-15 15:44:00-04:00,495.10009765625,495.10009765625,493.0201110839844,493.14599609375,493.14599609375,39519
2024-03-15 15:45:00-04:00,493.1700134277344,494.0,492.2149963378906,492.2149963378906,492.2149963378906,33193
2024-03-15 15:46:00-04:00,492.1199951171875,493.0899963378906,491.9200134277344,492.3949890136719,492.3949890136719,40980
2024-03-15 15:47:00-04:00,492.4700012207031,493.02801513671875,492.4700012207031,492.9150085449219,492.9150085449219,19188
2024-03-15 15:48:00-04:00,492.8341979980469,492.95001220703125,491.32281494140625,491.3550109863281,491.3550109863281,28601
2024-03-15 15:49:00-04:00,491.42999267578125,491.5799865722656,490.25,490.2550048828125,490.2550048828125,39977
2024-03-15 15:50:00-04:00,490.2650146484375,492.8800048828125,490.15008544921875,491.6449890136719,491.6449890136719,42165
2024-03-15 15:51:00-04:00,491.7799987792969,492.0799865722656,491.5,491.5799865722656,491.5799865722656,44907
2024-03-15 15:52:00-04:00,491.55999755859375,491.760009765625,491.0199890136719,491.25,491.25,38391
2024-03-15 15:53:00-04:00,491.25,491.2799987792969,490.1499938964844,490.2200012207031,490.2200012207031,40325
2024-03-15 15:54:00-04:00,490.2300109863281,493.04998779296875,490.210205078125,492.8700866699219,492.8700866699219,50220
2024-03-15 15:55:00-04:00,493.0400085449219,495.1000061035156,492.7550048828125,492.7550048828125,492.7550048828125,82527
2024-03-15 15:56:00-04:00,492.79998779296875,493.44000244140625,492.1400146484375,492.5150146484375,492.5150146484375,61059
2024-03-15 15:57:00-04:00,492.5199890136719,493.5299987792969,492.510009765625,492.8500061035156,492.8500061035156,68968
2024-03-15 15:58:00-04:00,492.8450012207031,492.8900146484375,491.95001220703125,492.20001220703125,492.20001220703125,72367
2024-03-15 15:59:00-04:00,492.3599853515625,492.6000061035156,491.0,492.05999755859375,492.05999755859375,144406
