Datetime,Open,High,Low,Close,Adj Close,Volume
2024-03-25 09:30:00-04:00,105.91000366210938,108.26969909667969,105.9000015258789,107.4000015258789,107.4000015258789,156285
2024-03-25 09:35:00-04:00,107.22250366210938,107.55000305175781,106.95010375976562,107.41000366210938,107.41000366210938,34536
2024-03-25 09:40:00-04:00,107.38800048828125,108.0999984741211,107.31999969482422,107.66999816894531,107.66999816894531,32865
2024-03-25 09:45:00-04:00,107.69499969482422,108.4000015258789,107.4000015258789,108.35600280761719,108.35600280761719,55442
2024-03-25 09:50:00-04:00,108.4000015258789,108.94999694824219,108.33660125732422,108.77999877929688,108.77999877929688,66876
2024-03-25 09:55:00-04:00,108.61000061035156,108.77189636230469,108.11009979248047,108.36000061035156,108.36000061035156,27902
2024-03-25 10:00:00-04:00,108.33999633789062,108.69000244140625,108.05999755859375,108.16000366210938,108.16000366210938,28504
2024-03-25 10:05:00-04:00,108.33000183105469,108.9000015258789,108.25,108.88999938964844,108.88999938964844,42906
2024-03-25 10:10:00-04:00,108.89099884033203,109.08000183105469,108.7699966430664,108.95999908447266,108.95999908447266,37473
2024-03-25 10:15:00-04:00,108.95999908447266,109.2300033569336,108.56999969482422,108.62000274658203,108.62000274658203,47269
2024-03-25 10:20:00-04:00,108.62000274658203,108.62000274658203,107.91999816894531,108.25,108.25,49659
2024-03-25 10:25:00-04:00,108.30619812011719,108.47959899902344,108.02469635009766,108.12999725341797,108.12999725341797,25310
2024-03-25 10:30:00-04:00,108.22000122070312,108.32769775390625,108.0999984741211,108.1500015258789,108.1500015258789,23909
2024-03-25 10:35:00-04:00,108.16000366210938,108.31999969482422,107.70010375976562,107.73999786376953,107.73999786376953,29829
2024-03-25 10:40:00-04:00,107.77799987792969,108.01000213623047,107.58000183105469,107.70999908447266,107.70999908447266,31617
2024-03-25 10:45:00-04:00,107.72000122070312,107.98500061035156,107.6500015258789,107.89800262451172,107.89800262451172,19781
2024-03-25 10:50:00-04:00,107.9011001586914,107.96499633789062,107.61000061035156,107.7300033569336,107.7300033569336,19478
2024-03-25 10:55:00-04:00,107.68000030517578,107.76499938964844,107.44000244140625,107.76499938964844,107.76499938964844,31771
2024-03-25 11:00:00-04:00,107.7300033569336,107.7300033569336,107.08999633789062,107.1500015258789,107.1500015258789,21804
2024-03-25 11:05:00-04:00,107.16000366210938,107.16999816894531,106.62999725341797,106.68000030517578,106.68000030517578,42921
2024-03-25 11:10:00-04:00,106.68000030517578,106.93000030517578,106.59249877929688,106.92040252685547,106.92040252685547,34673
2024-03-25 11:15:00-04:00,106.88999938964844,107.08650207519531,106.86000061035156,107.06999969482422,107.06999969482422,16401
2024-03-25 11:20:00-04:00,107.04499816894531,107.0999984741211,106.83999633789062,106.875,106.875,19360
2024-03-25 11:25:00-04:00,106.91999816894531,107.1500015258789,106.9000015258789,107.08999633789062,107.08999633789062,30695
2024-03-25 11:30:00-04:00,107.08609771728516,107.11000061035156,106.94999694824219,107.08999633789062,107.08999633789062,26063
2024-03-25 11:35:00-04:00,107.08000183105469,107.18000030517578,106.97000122070312,107.07499694824219,107.07499694824219,34994
2024-03-25 11:40:00-04:00,107.07499694824219,107.16000366210938,106.93000030517578,106.9749984741211,106.9749984741211,19063
2024-03-25 11:45:00-04:00,106.9749984741211,107.11000061035156,106.9749984741211,107.0250015258789,107.0250015258789,14259
2024-03-25 11:50:00-04:00,107.0250015258789,107.10310363769531,106.97100067138672,107.08000183105469,107.08000183105469,15792
2024-03-25 11:55:00-04:00,107.0999984741211,107.0999984741211,106.88999938964844,107.0,107.0,52291
2024-03-25 12:00:00-04:00,106.9749984741211,107.11000061035156,106.88999938964844,107.0999984741211,107.0999984741211,15130
2024-03-25 12:05:00-04:00,107.0521011352539,107.0999984741211,106.87999725341797,106.95999908447266,106.95999908447266,13994
2024-03-25 12:10:00-04:00,106.9800033569336,107.06999969482422,106.87999725341797,106.91000366210938,106.91000366210938,16311
2024-03-25 12:15:00-04:00,106.63500213623047,106.8949966430664,106.5999984741211,106.8949966430664,106.8949966430664,41237
2024-03-25 12:20:00-04:00,106.94000244140625,107.04100036621094,106.80500030517578,106.96009826660156,106.96009826660156,19513
2024-03-25 12:25:00-04:00,106.88999938964844,107.16000366210938,106.83999633789062,107.05999755859375,107.05999755859375,22461
2024-03-25 12:30:00-04:00,107.05999755859375,107.12799835205078,106.88999938964844,107.12000274658203,107.12000274658203,20338
2024-03-25 12:35:00-04:00,107.0199966430664,107.26000213623047,107.0199966430664,107.19499969482422,107.19499969482422,11028
2024-03-25 12:40:00-04:00,107.19879913330078,107.45999908447266,107.16000366210938,107.40499877929688,107.40499877929688,20759
2024-03-25 12:45:00-04:00,107.41079711914062,107.58499908447266,107.37000274658203,107.38999938964844,107.38999938964844,14994
2024-03-25 12:50:00-04:00,107.43499755859375,107.59989929199219,107.4000015258789,107.4749984741211,107.4749984741211,9069
2024-03-25 12:55:00-04:00,107.47000122070312,107.5999984741211,107.47000122070312,107.56999969482422,107.56999969482422,8733
2024-03-25 13:00:00-04:00,107.54000091552734,107.55989837646484,107.33999633789062,107.41000366210938,107.41000366210938,14071
2024-03-25 13:05:00-04:00,107.37000274658203,107.5459976196289,107.30999755859375,107.48999786376953,107.48999786376953,20249
2024-03-25 13:10:00-04:00,107.48999786376953,107.80000305175781,107.48999786376953,107.70010375976562,107.70010375976562,13465
2024-03-25 13:15:00-04:00,107.75,107.9000015258789,107.73999786376953,107.87999725341797,107.87999725341797,9746
2024-03-25 13:20:00-04:00,107.83999633789062,108.06999969482422,107.83000183105469,108.03720092773438,108.03720092773438,21799
2024-03-25 13:25:00-04:00,108.07499694824219,108.16000366210938,108.06500244140625,108.1572036743164,108.1572036743164,10928
2024-03-25 13:30:00-04:00,108.13500213623047,108.47000122070312,108.12000274658203,108.47000122070312,108.47000122070312,25646
2024-03-25 13:35:00-04:00,108.5,108.51000213623047,108.33999633789062,108.50499725341797,108.50499725341797,20534
2024-03-25 13:40:00-04:00,108.48999786376953,108.6708984375,108.4801025390625,108.6708984375,108.6708984375,21639
2024-03-25 13:45:00-04:00,108.66999816894531,108.82990264892578,108.6500015258789,108.7249984741211,108.7249984741211,27699
2024-03-25 13:50:00-04:00,108.73999786376953,109.04000091552734,108.71600341796875,109.04000091552734,109.04000091552734,57322
2024-03-25 13:55:00-04:00,109.05500030517578,109.45999908447266,109.04000091552734,109.38500213623047,109.38500213623047,87315
2024-03-25 14:00:00-04:00,109.39600372314453,109.5999984741211,109.13999938964844,109.33000183105469,109.33000183105469,127361
2024-03-25 14:05:00-04:00,109.25499725341797,109.45989990234375,109.20999908447266,109.20999908447266,109.20999908447266,35318
2024-03-25 14:10:00-04:00,109.20999908447266,109.26499938964844,108.91000366210938,109.02999877929688,109.02999877929688,28049
2024-03-25 14:15:00-04:00,109.02999877929688,109.22000122070312,108.98999786376953,109.19000244140625,109.19000244140625,15286
2024-03-25 14:20:00-04:00,109.21900177001953,109.36039733886719,109.08999633789062,109.11000061035156,109.11000061035156,24472
2024-03-25 14:25:00-04:00,109.23300170898438,109.23300170898438,108.95999908447266,108.95999908447266,108.95999908447266,32722
2024-03-25 14:30:00-04:00,108.93000030517578,109.1050033569336,108.93000030517578,109.1050033569336,109.1050033569336,124476
2024-03-25 14:35:00-04:00,109.13999938964844,109.58000183105469,109.13999938964844,109.54000091552734,109.54000091552734,25630
2024-03-25 14:40:00-04:00,109.55000305175781,109.55999755859375,109.41000366210938,109.5344009399414,109.5344009399414,21587
2024-03-25 14:45:00-04:00,109.4990005493164,109.75,109.44999694824219,109.72000122070312,109.72000122070312,28325
2024-03-25 14:50:00-04:00,109.72480010986328,109.75,109.66000366210938,109.75,109.75,16982
2024-03-25 14:55:00-04:00,109.7300033569336,109.98999786376953,109.72000122070312,109.98999786376953,109.98999786376953,44668
2024-03-25 15:00:00-04:00,109.95500183105469,109.9800033569336,109.80999755859375,109.83999633789062,109.83999633789062,20963
2024-03-25 15:05:00-04:00,109.83999633789062,110.0199966430664,109.83000183105469,109.98999786376953,109.98999786376953,66303
2024-03-25 15:10:00-04:00,109.9749984741211,110.16000366210938,109.79090118408203,109.91000366210938,109.91000366210938,72161
2024-03-25 15:15:00-04:00,109.93499755859375,109.97959899902344,109.841796875,109.8499984741211,109.8499984741211,31582
2024-03-25 15:20:00-04:00,109.83000183105469,109.95999908447266,109.7699966430664,109.90499877929688,109.90499877929688,52438
2024-03-25 15:25:00-04:00,109.85250091552734,109.98999786376953,109.85250091552734,109.95999908447266,109.95999908447266,48801
2024-03-25 15:30:00-04:00,109.94000244140625,110.08999633789062,109.91999816894531,110.08999633789062,110.08999633789062,65059
2024-03-25 15:35:00-04:00,110.08999633789062,110.08999633789062,109.94999694824219,110.02999877929688,110.02999877929688,49846
2024-03-25 15:40:00-04:00,110.02999877929688,110.0999984741211,109.9800033569336,110.08999633789062,110.08999633789062,43210
2024-03-25 15:45:00-04:00,110.09100341796875,110.55000305175781,110.08999633789062,110.46499633789062,110.46499633789062,111480
2024-03-25 15:50:00-04:00,110.44999694824219,110.6500015258789,110.2699966430664,110.33000183105469,110.33000183105469,172304
2024-03-25 15:55:00-04:00,110.33999633789062,110.75,110.33999633789062,110.37000274658203,110.37000274658203,268713
2024-03-26 09:30:00-04:00,111.79000091552734,111.80000305175781,110.27999877929688,110.27999877929688,110.27999877929688,189926
2024-03-26 09:35:00-04:00,110.23860168457031,110.5199966430664,109.5999984741211,110.37999725341797,110.37999725341797,138729
2024-03-26 09:40:00-04:00,110.40499877929688,111.0250015258789,110.11000061035156,110.33999633789062,110.33999633789062,78638
2024-03-26 09:45:00-04:00,110.5,110.73500061035156,110.05999755859375,110.3949966430664,110.3949966430664,80467
2024-03-26 09:50:00-04:00,110.5,110.5,109.70999908447266,110.0199966430664,110.0199966430664,85202
2024-03-26 09:55:00-04:00,110.05500030517578,110.05999755859375,109.4000015258789,109.6155014038086,109.6155014038086,68720
2024-03-26 10:00:00-04:00,109.51499938964844,110.0999984741211,109.33000183105469,109.94000244140625,109.94000244140625,56205
2024-03-26 10:05:00-04:00,109.95809936523438,110.06999969482422,109.75,109.77999877929688,109.77999877929688,26386
2024-03-26 10:10:00-04:00,109.83000183105469,110.11000061035156,109.69999694824219,110.06500244140625,110.06500244140625,35758
2024-03-26 10:15:00-04:00,109.94999694824219,110.08000183105469,109.66999816894531,109.66999816894531,109.66999816894531,32945
2024-03-26 10:20:00-04:00,109.75060272216797,109.77999877929688,109.23059844970703,109.30000305175781,109.30000305175781,36925
2024-03-26 10:25:00-04:00,109.31999969482422,109.45999908447266,108.83999633789062,108.88999938964844,108.88999938964844,40244
2024-03-26 10:30:00-04:00,108.87000274658203,109.24500274658203,108.75499725341797,109.05000305175781,109.05000305175781,29628
2024-03-26 10:35:00-04:00,109.04000091552734,109.16500091552734,108.87000274658203,108.93000030517578,108.93000030517578,35464
2024-03-26 10:40:00-04:00,108.8499984741211,109.0,108.73999786376953,108.98999786376953,108.98999786376953,23122
2024-03-26 10:45:00-04:00,109.05000305175781,109.05000305175781,108.81999969482422,108.93000030517578,108.93000030517578,19671
2024-03-26 10:50:00-04:00,108.97000122070312,108.98999786376953,108.55000305175781,108.61029815673828,108.61029815673828,51289
2024-03-26 10:55:00-04:00,108.54010009765625,108.70999908447266,108.43199920654297,108.56500244140625,108.56500244140625,20433
2024-03-26 11:00:00-04:00,108.66000366210938,108.67500305175781,108.34809875488281,108.67500305175781,108.67500305175781,46015
2024-03-26 11:05:00-04:00,108.66500091552734,109.05999755859375,108.62000274658203,109.05999755859375,109.05999755859375,20043
2024-03-26 11:10:00-04:00,109.19999694824219,109.52999877929688,109.02449798583984,109.38999938964844,109.38999938964844,25936
2024-03-26 11:15:00-04:00,109.37950134277344,109.53500366210938,109.32499694824219,109.4800033569336,109.4800033569336,26513
2024-03-26 11:20:00-04:00,109.54000091552734,109.55999755859375,109.05999755859375,109.38999938964844,109.38999938964844,74711
2024-03-26 11:25:00-04:00,109.3949966430664,109.44499969482422,109.05000305175781,109.24559783935547,109.24559783935547,30103
2024-03-26 11:30:00-04:00,109.19999694824219,109.25499725341797,109.03500366210938,109.13089752197266,109.13089752197266,16923
2024-03-26 11:35:00-04:00,109.09500122070312,109.22000122070312,108.8499984741211,109.02999877929688,109.02999877929688,30946
2024-03-26 11:40:00-04:00,108.9800033569336,109.08000183105469,108.90010070800781,109.0199966430664,109.0199966430664,21223
2024-03-26 11:45:00-04:00,109.02999877929688,109.16999816894531,109.01000213623047,109.05039978027344,109.05039978027344,20975
2024-03-26 11:50:00-04:00,109.05999755859375,109.29000091552734,109.04499816894531,109.05999755859375,109.05999755859375,35639
2024-03-26 11:55:00-04:00,109.08999633789062,109.23200225830078,108.86000061035156,108.87000274658203,108.87000274658203,23980
2024-03-26 12:00:00-04:00,108.90160369873047,109.0199966430664,108.8550033569336,108.94999694824219,108.94999694824219,11576
2024-03-26 12:05:00-04:00,108.93000030517578,109.1050033569336,108.91999816894531,109.03500366210938,109.03500366210938,24943
2024-03-26 12:10:00-04:00,109.05999755859375,109.3550033569336,109.04000091552734,109.25499725341797,109.25499725341797,17425
2024-03-26 12:15:00-04:00,109.25499725341797,109.42500305175781,109.25499725341797,109.30500030517578,109.30500030517578,25019
2024-03-26 12:20:00-04:00,109.30000305175781,109.30000305175781,109.0,109.30000305175781,109.30000305175781,17887
2024-03-26 12:25:00-04:00,109.33999633789062,109.51000213623047,109.26000213623047,109.48999786376953,109.48999786376953,19456
2024-03-26 12:30:00-04:00,109.46499633789062,109.51000213623047,109.08999633789062,109.0999984741211,109.0999984741211,20634
2024-03-26 12:35:00-04:00,109.08000183105469,109.11499786376953,108.79000091552734,108.79000091552734,108.79000091552734,134305
2024-03-26 12:40:00-04:00,108.7750015258789,108.7760009765625,107.98079681396484,108.19999694824219,108.19999694824219,77321
2024-03-26 12:45:00-04:00,108.16999816894531,108.63999938964844,108.16999816894531,108.63999938964844,108.63999938964844,24443
2024-03-26 12:50:00-04:00,108.63999938964844,108.9800033569336,108.63999938964844,108.91999816894531,108.91999816894531,24585
2024-03-26 12:55:00-04:00,108.94000244140625,108.9800033569336,108.3499984741211,108.3499984741211,108.3499984741211,41150
2024-03-26 13:00:00-04:00,108.32499694824219,108.36990356445312,108.0197982788086,108.26000213623047,108.26000213623047,34197
2024-03-26 13:05:00-04:00,108.20500183105469,108.41999816894531,107.76000213623047,107.80000305175781,107.80000305175781,74986
2024-03-26 13:10:00-04:00,107.83000183105469,108.0,107.58000183105469,107.80000305175781,107.80000305175781,34864
2024-03-26 13:15:00-04:00,107.80000305175781,108.00499725341797,107.7699966430664,107.94000244140625,107.94000244140625,83752
2024-03-26 13:20:00-04:00,107.98999786376953,108.11000061035156,107.94000244140625,107.94999694824219,107.94999694824219,25924
2024-03-26 13:25:00-04:00,107.91000366210938,108.05999755859375,107.83000183105469,108.05999755859375,108.05999755859375,12485
2024-03-26 13:30:00-04:00,108.05999755859375,108.15499877929688,107.8499984741211,107.8499984741211,107.8499984741211,19847
2024-03-26 13:35:00-04:00,107.87999725341797,108.08999633789062,107.70999908447266,107.70999908447266,107.70999908447266,17239
2024-03-26 13:40:00-04:00,107.69999694824219,107.80000305175781,107.65799713134766,107.7300033569336,107.7300033569336,17989
2024-03-26 13:45:00-04:00,107.76000213623047,107.76000213623047,107.56999969482422,107.65499877929688,107.65499877929688,19420
2024-03-26 13:50:00-04:00,107.69999694824219,108.05999755859375,107.69999694824219,108.0,108.0,19464
2024-03-26 13:55:00-04:00,108.08000183105469,108.10690307617188,107.9800033569336,107.98999786376953,107.98999786376953,12620
2024-03-26 14:00:00-04:00,108.0,108.19999694824219,107.94219970703125,108.06999969482422,108.06999969482422,19949
2024-03-26 14:05:00-04:00,108.0250015258789,108.29000091552734,108.0250015258789,108.25,108.25,72857
2024-03-26 14:10:00-04:00,108.23999786376953,108.38500213623047,108.18000030517578,108.3469009399414,108.3469009399414,12857
2024-03-26 14:15:00-04:00,108.42990112304688,108.48999786376953,108.26000213623047,108.42500305175781,108.42500305175781,15189
2024-03-26 14:20:00-04:00,108.456298828125,108.55999755859375,108.41000366210938,108.5,108.5,144162
2024-03-26 14:25:00-04:00,108.44999694824219,108.44999694824219,108.13999938964844,108.2300033569336,108.2300033569336,25845
2024-03-26 14:30:00-04:00,108.18000030517578,108.22000122070312,108.03500366210938,108.03500366210938,108.03500366210938,21000
2024-03-26 14:35:00-04:00,108.05000305175781,108.05999755859375,107.9000015258789,107.9800033569336,107.9800033569336,18010
2024-03-26 14:40:00-04:00,107.98500061035156,108.0791015625,107.7699966430664,107.7699966430664,107.7699966430664,22509
2024-03-26 14:45:00-04:00,107.75,107.76000213623047,107.58740234375,107.58740234375,107.58740234375,21866
2024-03-26 14:50:00-04:00,107.6500015258789,107.94000244140625,107.61000061035156,107.94000244140625,107.94000244140625,22090
2024-03-26 14:55:00-04:00,108.01000213623047,108.05000305175781,107.9000015258789,107.93800354003906,107.93800354003906,15921
2024-03-26 15:00:00-04:00,107.97000122070312,108.06500244140625,107.37000274658203,107.43000030517578,107.43000030517578,22286
2024-03-26 15:05:00-04:00,107.41000366210938,107.41000366210938,107.0999984741211,107.16999816894531,107.16999816894531,27552
2024-03-26 15:10:00-04:00,107.26000213623047,107.83000183105469,107.23999786376953,107.43499755859375,107.43499755859375,30578
2024-03-26 15:15:00-04:00,107.4000015258789,107.58999633789062,107.33000183105469,107.55999755859375,107.55999755859375,18742
2024-03-26 15:20:00-04:00,107.62000274658203,107.66999816894531,107.52999877929688,107.58000183105469,107.58000183105469,22969
2024-03-26 15:25:00-04:00,107.54000091552734,107.65499877929688,107.45999908447266,107.625,107.625,17301
2024-03-26 15:30:00-04:00,107.625,107.79000091552734,107.55999755859375,107.78500366210938,107.78500366210938,24895
2024-03-26 15:35:00-04:00,107.80999755859375,107.80999755859375,107.18000030517578,107.30000305175781,107.30000305175781,55575
2024-03-26 15:40:00-04:00,107.2699966430664,107.54000091552734,107.23999786376953,107.36000061035156,107.36000061035156,39586
2024-03-26 15:45:00-04:00,107.37999725341797,107.37999725341797,106.93000030517578,106.95999908447266,106.95999908447266,78422
2024-03-26 15:50:00-04:00,107.0,108.02999877929688,107.0,107.95999908447266,107.95999908447266,174498
2024-03-26 15:55:00-04:00,107.98999786376953,107.98999786376953,107.37000274658203,107.37000274658203,107.37000274658203,282394
2024-03-27 09:30:00-04:00,109.61000061035156,109.80000305175781,106.5199966430664,107.57499694824219,107.57499694824219,450441
2024-03-27 09:35:00-04:00,107.5199966430664,107.63999938964844,106.22010040283203,106.33000183105469,106.33000183105469,106356
2024-03-27 09:40:00-04:00,106.2699966430664,106.80000305175781,106.0,106.36000061035156,106.36000061035156,124168
2024-03-27 09:45:00-04:00,106.3550033569336,107.02999877929688,106.06999969482422,106.7300033569336,106.7300033569336,101732
2024-03-27 09:50:00-04:00,106.8499984741211,107.07990264892578,106.0999984741211,106.12000274658203,106.12000274658203,54973
2024-03-27 09:55:00-04:00,106.13999938964844,106.16999816894531,105.79029846191406,106.0199966430664,106.0199966430664,98013
2024-03-27 10:00:00-04:00,105.98999786376953,106.16999816894531,105.55999755859375,105.69000244140625,105.69000244140625,58191
2024-03-27 10:05:00-04:00,105.73999786376953,105.73999786376953,105.0999984741211,105.32430267333984,105.32430267333984,51398
2024-03-27 10:10:00-04:00,105.375,105.66999816894531,105.16000366210938,105.16000366210938,105.16000366210938,37386
2024-03-27 10:15:00-04:00,105.06999969482422,105.68499755859375,105.06999969482422,105.63529968261719,105.63529968261719,51823
2024-03-27 10:20:00-04:00,105.55950164794922,106.70999908447266,105.5000991821289,106.70999908447266,106.70999908447266,39428
2024-03-27 10:25:00-04:00,106.68000030517578,107.69999694824219,106.68000030517578,107.6449966430664,107.6449966430664,61880
2024-03-27 10:30:00-04:00,107.72000122070312,108.69999694824219,107.5999984741211,108.63500213623047,108.63500213623047,121727
2024-03-27 10:35:00-04:00,108.66999816894531,108.83999633789062,108.23999786376953,108.3499984741211,108.3499984741211,51761
2024-03-27 10:40:00-04:00,108.3499984741211,108.84500122070312,107.83000183105469,107.89009857177734,107.89009857177734,77081
2024-03-27 10:45:00-04:00,107.9832992553711,108.16000366210938,107.88999938964844,108.02999877929688,108.02999877929688,31601
2024-03-27 10:50:00-04:00,108.04000091552734,108.05999755859375,107.5199966430664,107.5199966430664,107.5199966430664,38078
2024-03-27 10:55:00-04:00,107.56999969482422,107.91000366210938,107.30999755859375,107.79499816894531,107.79499816894531,47283
2024-03-27 11:00:00-04:00,107.7750015258789,108.2437973022461,107.69999694824219,108.17500305175781,108.17500305175781,37200
2024-03-27 11:05:00-04:00,108.17500305175781,108.83989715576172,108.17500305175781,108.5718002319336,108.5718002319336,49544
2024-03-27 11:10:00-04:00,108.62000274658203,108.69850158691406,108.43000030517578,108.54000091552734,108.54000091552734,63397
2024-03-27 11:15:00-04:00,108.69999694824219,108.84839630126953,108.30999755859375,108.7300033569336,108.7300033569336,157406
2024-03-27 11:20:00-04:00,108.7300033569336,109.08999633789062,108.7300033569336,108.9000015258789,108.9000015258789,53899
2024-03-27 11:25:00-04:00,108.9000015258789,109.40180206298828,108.9000015258789,109.26000213623047,109.26000213623047,54493
2024-03-27 11:30:00-04:00,109.26000213623047,109.26000213623047,108.94999694824219,109.16999816894531,109.16999816894531,24122
2024-03-27 11:35:00-04:00,109.19000244140625,109.7300033569336,109.17500305175781,109.6500015258789,109.6500015258789,34981
2024-03-27 11:40:00-04:00,109.69000244140625,110.37999725341797,109.6500015258789,110.33999633789062,110.33999633789062,79886
2024-03-27 11:45:00-04:00,110.31500244140625,110.70680236816406,110.30000305175781,110.58499908447266,110.58499908447266,52726
2024-03-27 11:50:00-04:00,110.58499908447266,110.70999908447266,110.15139770507812,110.2261962890625,110.2261962890625,34240
2024-03-27 11:55:00-04:00,110.1500015258789,110.23909759521484,109.7249984741211,109.87000274658203,109.87000274658203,55000
2024-03-27 12:00:00-04:00,109.82009887695312,110.13999938964844,109.79000091552734,109.9000015258789,109.9000015258789,45949
2024-03-27 12:05:00-04:00,109.87000274658203,110.30999755859375,109.86000061035156,110.23999786376953,110.23999786376953,52965
2024-03-27 12:10:00-04:00,110.2437973022461,110.5999984741211,110.16010284423828,110.21499633789062,110.21499633789062,32389
2024-03-27 12:15:00-04:00,110.20500183105469,110.53990173339844,110.13999938964844,110.4000015258789,110.4000015258789,30961
2024-03-27 12:20:00-04:00,110.5999984741211,110.7300033569336,110.54000091552734,110.66999816894531,110.66999816894531,33587
2024-03-27 12:25:00-04:00,110.72000122070312,111.125,110.72000122070312,110.9000015258789,110.9000015258789,57093
2024-03-27 12:30:00-04:00,110.80999755859375,110.9800033569336,110.78009796142578,110.86000061035156,110.86000061035156,21603
2024-03-27 12:35:00-04:00,110.83000183105469,110.88999938964844,110.62999725341797,110.6688003540039,110.6688003540039,33068
2024-03-27 12:40:00-04:00,110.66000366210938,110.94989776611328,110.62999725341797,110.73999786376953,110.73999786376953,29372
2024-03-27 12:45:00-04:00,110.75,110.88999938964844,110.62999725341797,110.7300033569336,110.7300033569336,19780
2024-03-27 12:50:00-04:00,110.73999786376953,110.7750015258789,110.19999694824219,110.20999908447266,110.20999908447266,60349
2024-03-27 12:55:00-04:00,110.1688003540039,110.36000061035156,110.1688003540039,110.3499984741211,110.3499984741211,16900
2024-03-27 13:00:00-04:00,110.29000091552734,110.36000061035156,109.69000244140625,109.80999755859375,109.80999755859375,35224
2024-03-27 13:05:00-04:00,109.78450012207031,109.80999755859375,109.3499984741211,109.44999694824219,109.44999694824219,23868
2024-03-27 13:10:00-04:00,109.43000030517578,109.61000061035156,109.22019958496094,109.56990051269531,109.56990051269531,34405
2024-03-27 13:15:00-04:00,109.45999908447266,109.47000122070312,109.23999786376953,109.38500213623047,109.38500213623047,14675
2024-03-27 13:20:00-04:00,109.38500213623047,109.44999694824219,109.0999984741211,109.16670227050781,109.16670227050781,77165
2024-03-27 13:25:00-04:00,109.19000244140625,109.375,108.98200225830078,109.03500366210938,109.03500366210938,31492
2024-03-27 13:30:00-04:00,109.03500366210938,109.19999694824219,108.87999725341797,109.05999755859375,109.05999755859375,17004
2024-03-27 13:35:00-04:00,109.06500244140625,109.0999984741211,108.9000015258789,108.9000015258789,108.9000015258789,20794
2024-03-27 13:40:00-04:00,108.8499984741211,109.11000061035156,108.8301010131836,109.0199966430664,109.0199966430664,25688
2024-03-27 13:45:00-04:00,109.01000213623047,109.38999938964844,109.01000213623047,109.30999755859375,109.30999755859375,25761
2024-03-27 13:50:00-04:00,109.37000274658203,109.4000015258789,109.16000366210938,109.16500091552734,109.16500091552734,16600
2024-03-27 13:55:00-04:00,109.25,109.43000030517578,109.23500061035156,109.39230346679688,109.39230346679688,14486
2024-03-27 14:00:00-04:00,109.43000030517578,109.68000030517578,109.43000030517578,109.5999984741211,109.5999984741211,24995
2024-03-27 14:05:00-04:00,109.63999938964844,109.78500366210938,109.59500122070312,109.7500991821289,109.7500991821289,16179
2024-03-27 14:10:00-04:00,109.79640197753906,109.80000305175781,109.69000244140625,109.74369812011719,109.74369812011719,14337
2024-03-27 14:15:00-04:00,109.76000213623047,109.76499938964844,109.625,109.625,109.625,17246
2024-03-27 14:20:00-04:00,109.63610076904297,109.77999877929688,109.62000274658203,109.73999786376953,109.73999786376953,12481
2024-03-27 14:25:00-04:00,109.73999786376953,109.95999908447266,109.73999786376953,109.91000366210938,109.91000366210938,19469
2024-03-27 14:30:00-04:00,109.90499877929688,110.01000213623047,109.90499877929688,109.9800033569336,109.9800033569336,13986
2024-03-27 14:35:00-04:00,109.94999694824219,110.33000183105469,109.93000030517578,110.28500366210938,110.28500366210938,27734
2024-03-27 14:40:00-04:00,110.31500244140625,110.31500244140625,110.19000244140625,110.22000122070312,110.22000122070312,20388
2024-03-27 14:45:00-04:00,110.19000244140625,110.56999969482422,110.19000244140625,110.56999969482422,110.56999969482422,23169
2024-03-27 14:50:00-04:00,110.54000091552734,110.56999969482422,110.44000244140625,110.5,110.5,29718
2024-03-27 14:55:00-04:00,110.53500366210938,110.7238998413086,110.5199966430664,110.61499786376953,110.61499786376953,32927
2024-03-27 15:00:00-04:00,110.64869689941406,110.73999786376953,110.57499694824219,110.68000030517578,110.68000030517578,22317
2024-03-27 15:05:00-04:00,110.63990020751953,110.72000122070312,110.54000091552734,110.5999984741211,110.5999984741211,27199
2024-03-27 15:10:00-04:00,110.6449966430664,110.73999786376953,110.59919738769531,110.73999786376953,110.73999786376953,21034
2024-03-27 15:15:00-04:00,110.7249984741211,110.75499725341797,110.48999786376953,110.49500274658203,110.49500274658203,35209
2024-03-27 15:20:00-04:00,110.48999786376953,110.63169860839844,110.4800033569336,110.63169860839844,110.63169860839844,30100
2024-03-27 15:25:00-04:00,110.6500015258789,110.87000274658203,110.5,110.87000274658203,110.87000274658203,47255
2024-03-27 15:30:00-04:00,110.86000061035156,110.91999816894531,110.51000213623047,110.875,110.875,51858
2024-03-27 15:35:00-04:00,110.88999938964844,110.9800033569336,110.81999969482422,110.94999694824219,110.94999694824219,48879
2024-03-27 15:40:00-04:00,110.94999694824219,111.04000091552734,110.7300033569336,110.80999755859375,110.80999755859375,82194
2024-03-27 15:45:00-04:00,110.79499816894531,110.9800033569336,110.5999984741211,110.66000366210938,110.66000366210938,74064
2024-03-27 15:50:00-04:00,110.61000061035156,110.76000213623047,110.44000244140625,110.61000061035156,110.61000061035156,119760
2024-03-27 15:55:00-04:00,110.58000183105469,110.66000366210938,110.4000015258789,110.58999633789062,110.58999633789062,215969
2024-03-28 09:30:00-04:00,111.0999984741211,112.0,108.75,109.2249984741211,109.2249984741211,155524
2024-03-28 09:35:00-04:00,109.26000213623047,110.28990173339844,109.0,109.44999694824219,109.44999694824219,48525
2024-03-28 09:40:00-04:00,109.4800033569336,109.70999908447266,108.73999786376953,109.1449966430664,109.1449966430664,109653
2024-03-28 09:45:00-04:00,109.08999633789062,110.0,109.08999633789062,109.20999908447266,109.20999908447266,50628
2024-03-28 09:50:00-04:00,109.18000030517578,109.89990234375,109.12999725341797,109.66999816894531,109.66999816894531,41474
2024-03-28 09:55:00-04:00,109.54000091552734,109.94000244140625,109.02999877929688,109.12999725341797,109.12999725341797,50400
2024-03-28 10:00:00-04:00,109.13999938964844,109.44000244140625,108.80999755859375,109.3499984741211,109.3499984741211,42039
2024-03-28 10:05:00-04:00,109.44000244140625,109.44000244140625,109.19000244140625,109.30999755859375,109.30999755859375,22669
2024-03-28 10:10:00-04:00,109.30500030517578,109.31999969482422,108.80999755859375,109.00499725341797,109.00499725341797,114243
2024-03-28 10:15:00-04:00,109.0,109.11000061035156,108.45999908447266,108.6500015258789,108.6500015258789,28928
2024-03-28 10:20:00-04:00,108.69000244140625,109.25,108.69000244140625,109.03500366210938,109.03500366210938,72988
2024-03-28 10:25:00-04:00,108.87999725341797,109.25,108.87999725341797,109.19499969482422,109.19499969482422,28280
2024-03-28 10:30:00-04:00,109.19000244140625,109.52999877929688,109.19000244140625,109.3772964477539,109.3772964477539,61309
2024-03-28 10:35:00-04:00,109.31999969482422,109.33499908447266,108.91999816894531,109.20159912109375,109.20159912109375,34971
2024-03-28 10:40:00-04:00,109.21499633789062,109.21499633789062,108.91000366210938,108.91000366210938,108.91000366210938,22183
2024-03-28 10:45:00-04:00,108.94999694824219,109.11499786376953,108.88999938964844,108.95999908447266,108.95999908447266,18307
2024-03-28 10:50:00-04:00,109.00499725341797,109.12999725341797,108.8550033569336,109.0,109.0,31264
2024-03-28 10:55:00-04:00,108.97000122070312,109.08000183105469,108.73999786376953,109.02999877929688,109.02999877929688,21021
2024-03-28 11:00:00-04:00,108.87999725341797,109.08999633789062,108.81999969482422,108.81999969482422,108.81999969482422,57682
2024-03-28 11:05:00-04:00,108.87000274658203,109.0,108.47000122070312,108.50499725341797,108.50499725341797,34203
2024-03-28 11:10:00-04:00,108.47000122070312,108.4800033569336,108.0,108.12989807128906,108.12989807128906,62184
2024-03-28 11:15:00-04:00,108.12999725341797,108.27999877929688,108.01000213623047,108.04000091552734,108.04000091552734,32435
2024-03-28 11:20:00-04:00,108.0,108.06999969482422,107.80000305175781,107.80010223388672,107.80010223388672,29676
2024-03-28 11:25:00-04:00,107.8499984741211,107.88819885253906,107.55999755859375,107.68499755859375,107.68499755859375,43053
2024-03-28 11:30:00-04:00,107.69000244140625,107.69000244140625,106.9000015258789,107.0250015258789,107.0250015258789,80778
2024-03-28 11:35:00-04:00,107.10579681396484,107.12999725341797,106.58000183105469,106.91000366210938,106.91000366210938,39600
2024-03-28 11:40:00-04:00,106.94010162353516,107.5199966430664,106.94010162353516,107.33999633789062,107.33999633789062,47151
2024-03-28 11:45:00-04:00,107.27570343017578,107.41999816894531,107.20719909667969,107.26000213623047,107.26000213623047,13546
2024-03-28 11:50:00-04:00,107.27999877929688,107.41000366210938,107.16000366210938,107.37999725341797,107.37999725341797,18988
2024-03-28 11:55:00-04:00,107.37999725341797,107.61830139160156,107.2300033569336,107.55000305175781,107.55000305175781,37294
2024-03-28 12:00:00-04:00,107.55000305175781,107.7300033569336,107.38999938964844,107.47000122070312,107.47000122070312,38376
2024-03-28 12:05:00-04:00,107.44999694824219,107.48999786376953,106.6500015258789,106.73500061035156,106.73500061035156,76183
2024-03-28 12:10:00-04:00,106.70999908447266,106.81999969482422,106.55500030517578,106.69999694824219,106.69999694824219,44775
2024-03-28 12:15:00-04:00,106.69499969482422,107.0199966430664,106.62999725341797,106.94020080566406,106.94020080566406,46146
2024-03-28 12:20:00-04:00,106.94499969482422,107.13999938964844,106.75,107.13999938964844,107.13999938964844,49189
2024-03-28 12:25:00-04:00,107.16999816894531,107.16999816894531,106.80500030517578,106.81999969482422,106.81999969482422,22345
2024-03-28 12:30:00-04:00,106.81999969482422,107.02999877929688,106.66000366210938,106.81999969482422,106.81999969482422,55842
2024-03-28 12:35:00-04:00,106.75990295410156,106.8499984741211,106.6500015258789,106.7300033569336,106.7300033569336,19478
2024-03-28 12:40:00-04:00,106.71499633789062,107.19000244140625,106.6500015258789,107.05000305175781,107.05000305175781,25792
2024-03-28 12:45:00-04:00,107.04000091552734,107.22000122070312,107.04000091552734,107.07499694824219,107.07499694824219,17894
2024-03-28 12:50:00-04:00,107.13999938964844,107.13999938964844,107.0199966430664,107.02999877929688,107.02999877929688,14732
2024-03-28 12:55:00-04:00,107.06999969482422,107.16999816894531,106.70999908447266,106.70999908447266,106.70999908447266,18225
2024-03-28 13:00:00-04:00,106.69999694824219,106.9000015258789,106.68000030517578,106.83999633789062,106.83999633789062,24801
2024-03-28 13:05:00-04:00,106.7699966430664,107.01000213623047,106.69999694824219,106.97509765625,106.97509765625,12579
2024-03-28 13:10:00-04:00,106.97000122070312,107.13999938964844,106.91999816894531,107.13999938964844,107.13999938964844,20314
2024-03-28 13:15:00-04:00,107.19000244140625,107.19999694824219,106.93000030517578,107.07749938964844,107.07749938964844,14497
2024-03-28 13:20:00-04:00,107.1449966430664,107.2300033569336,107.13999938964844,107.19000244140625,107.19000244140625,20730
2024-03-28 13:25:00-04:00,107.13909912109375,107.19999694824219,107.06999969482422,107.15460205078125,107.15460205078125,14107
2024-03-28 13:30:00-04:00,107.18000030517578,107.2699966430664,107.11000061035156,107.125,107.125,14121
2024-03-28 13:35:00-04:00,107.11000061035156,107.23500061035156,106.93000030517578,107.23500061035156,107.23500061035156,16469
2024-03-28 13:40:00-04:00,107.26000213623047,107.44999694824219,107.2300033569336,107.38999938964844,107.38999938964844,20350
2024-03-28 13:45:00-04:00,107.36710357666016,107.52999877929688,107.36000061035156,107.47589874267578,107.47589874267578,16508
2024-03-28 13:50:00-04:00,107.45999908447266,107.45999908447266,107.3499984741211,107.3499984741211,107.3499984741211,14857
2024-03-28 13:55:00-04:00,107.31999969482422,107.44000244140625,107.25,107.34420013427734,107.34420013427734,14709
2024-03-28 14:00:00-04:00,107.36000061035156,107.36000061035156,107.0115966796875,107.05999755859375,107.05999755859375,16753
2024-03-28 14:05:00-04:00,106.9800033569336,107.0199966430664,106.88999938964844,106.95999908447266,106.95999908447266,21332
2024-03-28 14:10:00-04:00,106.98999786376953,107.0,106.87000274658203,106.98999786376953,106.98999786376953,22565
2024-03-28 14:15:00-04:00,107.0,107.01000213623047,106.80999755859375,106.82499694824219,106.82499694824219,26234
2024-03-28 14:20:00-04:00,106.8499984741211,106.95500183105469,106.83000183105469,106.90499877929688,106.90499877929688,38651
2024-03-28 14:25:00-04:00,106.9000015258789,106.93000030517578,106.8499984741211,106.88999938964844,106.88999938964844,22101
2024-03-28 14:30:00-04:00,106.88999938964844,106.91000366210938,106.7699966430664,106.81999969482422,106.81999969482422,25719
2024-03-28 14:35:00-04:00,106.83999633789062,106.88999938964844,106.69999694824219,106.7249984741211,106.7249984741211,15284
2024-03-28 14:40:00-04:00,106.7699966430664,106.83999633789062,106.71080017089844,106.71080017089844,106.71080017089844,14950
2024-03-28 14:45:00-04:00,106.75,106.77999877929688,106.63999938964844,106.67279815673828,106.67279815673828,18085
2024-03-28 14:50:00-04:00,106.68000030517578,106.68000030517578,106.48999786376953,106.62000274658203,106.62000274658203,43925
2024-03-28 14:55:00-04:00,106.63999938964844,106.95500183105469,106.63500213623047,106.93000030517578,106.93000030517578,57232
2024-03-28 15:00:00-04:00,106.94000244140625,107.06999969482422,106.6050033569336,106.63999938964844,106.63999938964844,41058
2024-03-28 15:05:00-04:00,106.6500015258789,106.80000305175781,106.52999877929688,106.77999877929688,106.77999877929688,20169
2024-03-28 15:10:00-04:00,106.81999969482422,106.83000183105469,106.6449966430664,106.6698989868164,106.6698989868164,16142
2024-03-28 15:15:00-04:00,106.66000366210938,106.83000183105469,106.62999725341797,106.81999969482422,106.81999969482422,28903
2024-03-28 15:20:00-04:00,106.8499984741211,106.8499984741211,106.52999877929688,106.55000305175781,106.55000305175781,32089
2024-03-28 15:25:00-04:00,106.57499694824219,106.66000366210938,106.55999755859375,106.61000061035156,106.61000061035156,22957
2024-03-28 15:30:00-04:00,106.5999984741211,106.6500015258789,106.52999877929688,106.61000061035156,106.61000061035156,30597
2024-03-28 15:35:00-04:00,106.62999725341797,106.63500213623047,106.31999969482422,106.36430358886719,106.36430358886719,54002
2024-03-28 15:40:00-04:00,106.38999938964844,107.05999755859375,106.38999938964844,107.04000091552734,107.04000091552734,59147
2024-03-28 15:45:00-04:00,107.04000091552734,107.05999755859375,106.87999725341797,106.95999908447266,106.95999908447266,41228
2024-03-28 15:50:00-04:00,106.97000122070312,107.0199966430664,105.94999694824219,106.16000366210938,106.16000366210938,156117
2024-03-28 15:55:00-04:00,106.18000030517578,106.87000274658203,106.18000030517578,106.68000030517578,106.68000030517578,287860
