Datetime,Open,High,Low,Close,Adj Close,Volume
2024-03-25 09:30:00-04:00,350.05999755859375,350.05999755859375,350.05999755859375,350.05999755859375,350.05999755859375,1115
2024-03-25 09:36:00-04:00,348.5694885253906,348.5694885253906,348.5690002441406,348.5694885253906,348.5694885253906,1020
2024-03-25 09:56:00-04:00,348.8599853515625,348.8599853515625,348.8599853515625,348.8599853515625,348.8599853515625,955
2024-03-25 10:00:00-04:00,348.0,348.4200134277344,348.0,348.4200134277344,348.4200134277344,1174
2024-03-25 10:04:00-04:00,348.5,348.5,348.489990234375,348.489990234375,348.489990234375,396
2024-03-25 10:06:00-04:00,347.92999267578125,348.07000732421875,347.92999267578125,348.07000732421875,348.07000732421875,833
2024-03-25 10:08:00-04:00,347.80999755859375,347.80999755859375,347.2449951171875,347.2449951171875,347.2449951171875,789
2024-03-25 10:14:00-04:00,346.3299865722656,347.8900146484375,346.19000244140625,347.8900146484375,347.8900146484375,2578
2024-03-25 10:16:00-04:00,346.760009765625,347.7250061035156,346.760009765625,347.7200012207031,347.7200012207031,2094
2024-03-25 10:32:00-04:00,342.5963134765625,342.5963134765625,342.5963134765625,342.5963134765625,342.5963134765625,1150
2024-03-25 10:34:00-04:00,341.9049987792969,342.5899963378906,341.9049987792969,342.5899963378906,342.5899963378906,1440
2024-03-25 10:38:00-04:00,342.6947021484375,342.6947021484375,342.6947021484375,342.6947021484375,342.6947021484375,972
2024-03-25 10:40:00-04:00,341.510009765625,341.510009765625,341.510009765625,341.510009765625,341.510009765625,1365
2024-03-25 10:46:00-04:00,341.6401062011719,341.6401062011719,341.6401062011719,341.6401062011719,341.6401062011719,629
2024-03-25 10:50:00-04:00,342.25,343.3835144042969,342.25,343.3835144042969,343.3835144042969,531
2024-03-25 10:54:00-04:00,342.4949951171875,342.4949951171875,342.4949951171875,342.4949951171875,342.4949951171875,246
2024-03-25 10:58:00-04:00,342.92498779296875,342.92498779296875,342.92498779296875,342.92498779296875,342.92498779296875,449
2024-03-25 11:00:00-04:00,342.5400085449219,342.6199951171875,342.5400085449219,342.6199951171875,342.6199951171875,484
2024-03-25 11:02:00-04:00,342.7300109863281,343.7300109863281,342.7300109863281,343.7300109863281,343.7300109863281,1200
2024-03-25 11:04:00-04:00,342.3599853515625,343.239990234375,342.3599853515625,342.9100036621094,342.9100036621094,1113
2024-03-25 11:06:00-04:00,342.54998779296875,342.54998779296875,342.1600036621094,342.1600036621094,342.1600036621094,1669
2024-03-25 11:20:00-04:00,342.4800109863281,342.4800109863281,342.4800109863281,342.4800109863281,342.4800109863281,125
2024-03-25 11:22:00-04:00,342.55999755859375,342.55999755859375,342.55999755859375,342.55999755859375,342.55999755859375,846
2024-03-25 11:28:00-04:00,342.9599914550781,343.1499938964844,342.9599914550781,342.9649963378906,342.9649963378906,745
2024-03-25 11:30:00-04:00,342.9599914550781,343.0199890136719,342.9599914550781,343.0199890136719,343.0199890136719,578
2024-03-25 11:32:00-04:00,343.20001220703125,343.20001220703125,342.9750061035156,342.9750061035156,342.9750061035156,1304
2024-03-25 11:34:00-04:00,342.9049987792969,343.6199951171875,342.9049987792969,342.9700012207031,342.9700012207031,2339
2024-03-25 11:36:00-04:00,343.4200134277344,344.1400146484375,343.4200134277344,344.1400146484375,344.1400146484375,1523
2024-03-25 11:38:00-04:00,343.82000732421875,343.82000732421875,343.82000732421875,343.82000732421875,343.82000732421875,392
2024-03-25 11:40:00-04:00,344.0400085449219,344.0400085449219,344.0400085449219,344.0400085449219,344.0400085449219,422
2024-03-25 11:42:00-04:00,343.92999267578125,343.92999267578125,343.92999267578125,343.92999267578125,343.92999267578125,648
2024-03-25 11:46:00-04:00,345.57000732421875,345.57000732421875,345.57000732421875,345.57000732421875,345.57000732421875,727
2024-03-25 11:48:00-04:00,345.95001220703125,346.1199951171875,345.4700012207031,345.94000244140625,345.94000244140625,595
2024-03-25 11:54:00-04:00,345.75,345.75,345.75,345.75,345.75,2589
2024-03-25 11:56:00-04:00,345.45001220703125,345.45001220703125,344.5249938964844,344.5249938964844,344.5249938964844,1579
2024-03-25 11:58:00-04:00,344.70001220703125,344.70001220703125,344.70001220703125,344.70001220703125,344.70001220703125,144
2024-03-25 12:00:00-04:00,344.25,344.25,344.25,344.25,344.25,621
2024-03-25 12:02:00-04:00,343.75,343.75,343.5899963378906,343.5899963378906,343.5899963378906,381
2024-03-25 12:04:00-04:00,342.68011474609375,342.68011474609375,342.68011474609375,342.68011474609375,342.68011474609375,572
2024-03-25 12:06:00-04:00,343.364990234375,343.364990234375,343.364990234375,343.364990234375,343.364990234375,346
2024-03-25 12:08:00-04:00,343.8800048828125,343.8800048828125,343.45001220703125,343.45001220703125,343.45001220703125,1327
2024-03-25 12:12:00-04:00,342.5299987792969,342.5299987792969,342.5299987792969,342.5299987792969,342.5299987792969,728
2024-03-25 12:14:00-04:00,342.70001220703125,342.8800048828125,342.70001220703125,342.8800048828125,342.8800048828125,1300
2024-03-25 12:16:00-04:00,342.54998779296875,342.54998779296875,342.54998779296875,342.54998779296875,342.54998779296875,172
2024-03-25 12:18:00-04:00,342.5,342.8900146484375,342.5,342.8900146484375,342.8900146484375,782
2024-03-25 12:20:00-04:00,341.6400146484375,341.6400146484375,341.6400146484375,341.6400146484375,341.6400146484375,647
2024-03-25 12:34:00-04:00,342.239990234375,342.239990234375,342.1300048828125,342.2200012207031,342.2200012207031,1477
2024-03-25 12:36:00-04:00,342.1300048828125,342.4100036621094,341.510009765625,342.1199951171875,342.1199951171875,2730
2024-03-25 12:48:00-04:00,340.74249267578125,340.74249267578125,340.74249267578125,340.74249267578125,340.74249267578125,806
2024-03-25 12:52:00-04:00,340.9800109863281,340.9800109863281,340.9800109863281,340.9800109863281,340.9800109863281,571
2024-03-25 12:56:00-04:00,340.80999755859375,340.94500732421875,340.80999755859375,340.94500732421875,340.94500732421875,311
2024-03-25 12:58:00-04:00,340.5350036621094,340.5350036621094,340.5350036621094,340.5350036621094,340.5350036621094,719
2024-03-25 13:00:00-04:00,340.4599914550781,341.0299987792969,340.4599914550781,340.95001220703125,340.95001220703125,1872
2024-03-25 13:02:00-04:00,341.0,341.0,340.2699890136719,340.2699890136719,340.2699890136719,1225
2024-03-25 13:06:00-04:00,340.8500061035156,340.8500061035156,340.8500061035156,340.8500061035156,340.8500061035156,665
2024-03-25 13:08:00-04:00,341.04998779296875,341.04998779296875,341.04998779296875,341.04998779296875,341.04998779296875,233
2024-03-25 13:12:00-04:00,340.885009765625,341.260009765625,340.885009765625,341.260009765625,341.260009765625,986
2024-03-25 13:14:00-04:00,341.5,341.5,341.5,341.5,341.5,860
2024-03-25 13:18:00-04:00,341.3949890136719,341.69000244140625,340.79998779296875,340.79998779296875,340.79998779296875,3526
2024-03-25 13:20:00-04:00,340.8500061035156,340.8500061035156,340.8500061035156,340.8500061035156,340.8500061035156,765
2024-03-25 13:30:00-04:00,339.82000732421875,339.82000732421875,339.82000732421875,339.82000732421875,339.82000732421875,772
2024-03-25 13:42:00-04:00,339.2799987792969,339.2799987792969,339.2799987792969,339.2799987792969,339.2799987792969,364
2024-03-25 13:48:00-04:00,338.7900085449219,339.010009765625,338.70001220703125,339.010009765625,339.010009765625,2603
2024-03-25 13:50:00-04:00,339.0,339.1000061035156,338.6600036621094,338.6700134277344,338.6700134277344,2713
2024-03-25 13:52:00-04:00,337.7200012207031,338.42999267578125,337.7200012207031,337.760009765625,337.760009765625,695
2024-03-25 13:54:00-04:00,338.44000244140625,338.45001220703125,337.8699951171875,338.0799865722656,338.0799865722656,5265
2024-03-25 14:06:00-04:00,338.5400085449219,338.5400085449219,338.5199890136719,338.5199890136719,338.5199890136719,2683
2024-03-25 14:30:00-04:00,337.2900085449219,337.3999938964844,337.2900085449219,337.3999938964844,337.3999938964844,1847
2024-03-25 14:32:00-04:00,337.9800109863281,337.9800109863281,337.9800109863281,337.9800109863281,337.9800109863281,647
2024-03-25 14:38:00-04:00,338.82000732421875,338.9700012207031,338.82000732421875,338.9700012207031,338.9700012207031,1206
2024-03-25 14:42:00-04:00,338.93499755859375,338.93499755859375,338.93499755859375,338.93499755859375,338.93499755859375,209
2024-03-25 14:44:00-04:00,338.9200134277344,338.9200134277344,338.9200134277344,338.9200134277344,338.9200134277344,428
2024-03-25 14:54:00-04:00,337.80999755859375,337.80999755859375,337.739990234375,337.739990234375,337.739990234375,2903
2024-03-25 15:10:00-04:00,338.0885925292969,338.0885925292969,337.9599914550781,337.9599914550781,337.9599914550781,717
2024-03-25 15:12:00-04:00,338.2799987792969,338.2799987792969,338.2799987792969,338.2799987792969,338.2799987792969,966
2024-03-25 15:18:00-04:00,337.7699890136719,337.7699890136719,337.7699890136719,337.7699890136719,337.7699890136719,938
2024-03-25 15:22:00-04:00,337.2300109863281,337.2300109863281,337.2300109863281,337.2300109863281,337.2300109863281,300
2024-03-25 15:24:00-04:00,337.14849853515625,337.14849853515625,337.14849853515625,337.14849853515625,337.14849853515625,693
2024-03-25 15:26:00-04:00,337.3500061035156,337.6700134277344,337.3500061035156,337.6700134277344,337.6700134277344,1910
2024-03-25 15:28:00-04:00,337.9200134277344,337.9200134277344,337.8500061035156,337.8500061035156,337.8500061035156,425
2024-03-25 15:30:00-04:00,337.6499938964844,337.6499938964844,337.6499938964844,337.6499938964844,337.6499938964844,1140
2024-03-25 15:32:00-04:00,338.010009765625,338.07501220703125,338.010009765625,338.0400085449219,338.0400085449219,2785
2024-03-25 15:34:00-04:00,337.2850036621094,337.2850036621094,337.2850036621094,337.2850036621094,337.2850036621094,427
2024-03-25 15:36:00-04:00,337.3599853515625,337.3599853515625,337.3599853515625,337.3599853515625,337.3599853515625,602
2024-03-25 15:38:00-04:00,337.447509765625,337.447509765625,337.447509765625,337.447509765625,337.447509765625,595
2024-03-25 15:40:00-04:00,337.989990234375,338.19000244140625,337.989990234375,338.19000244140625,338.19000244140625,1660
2024-03-25 15:44:00-04:00,338.2099914550781,338.45001220703125,338.18499755859375,338.45001220703125,338.45001220703125,1678
2024-03-25 15:50:00-04:00,338.54998779296875,338.739990234375,338.54998779296875,338.739990234375,338.739990234375,5479
2024-03-25 15:52:00-04:00,338.9200134277344,339.5299987792969,338.9150085449219,339.5299987792969,339.5299987792969,3036
2024-03-25 15:54:00-04:00,339.8599853515625,340.20001220703125,339.8599853515625,340.19000244140625,340.19000244140625,3771
2024-03-25 15:56:00-04:00,340.6549987792969,340.67999267578125,340.2900085449219,340.44000244140625,340.44000244140625,4752
2024-03-25 15:58:00-04:00,340.385009765625,341.3500061035156,340.29998779296875,341.3500061035156,341.3500061035156,14411
2024-03-26 09:30:00-04:00,342.7699890136719,342.7699890136719,342.7699890136719,342.7699890136719,342.7699890136719,3082
2024-03-26 09:34:00-04:00,342.5400085449219,342.5400085449219,342.5400085449219,342.5400085449219,342.5400085449219,740
2024-03-26 09:54:00-04:00,343.1000061035156,343.260009765625,343.1000061035156,343.260009765625,343.260009765625,355
2024-03-26 09:56:00-04:00,342.0400085449219,342.5448913574219,342.0400085449219,342.5448913574219,342.5448913574219,980
2024-03-26 10:04:00-04:00,342.29998779296875,342.29998779296875,342.29998779296875,342.29998779296875,342.29998779296875,1352
2024-03-26 10:28:00-04:00,342.8999938964844,343.1000061035156,342.8999938964844,343.1000061035156,343.1000061035156,826
2024-03-26 10:32:00-04:00,343.29998779296875,343.29998779296875,343.29998779296875,343.29998779296875,343.29998779296875,595
2024-03-26 10:44:00-04:00,343.4700012207031,343.8299865722656,343.4700012207031,343.760009765625,343.760009765625,3991
2024-03-26 10:50:00-04:00,343.5929870605469,343.5929870605469,343.5929870605469,343.5929870605469,343.5929870605469,502
2024-03-26 10:54:00-04:00,342.614990234375,342.614990234375,342.614990234375,342.614990234375,342.614990234375,399
2024-03-26 10:56:00-04:00,342.739990234375,342.8299865722656,342.2099914550781,342.2099914550781,342.2099914550781,1131
2024-03-26 10:58:00-04:00,342.5,342.54998779296875,342.1600036621094,342.1600036621094,342.1600036621094,1590
2024-03-26 11:00:00-04:00,342.5899963378906,342.5899963378906,342.1600036621094,342.4949951171875,342.4949951171875,1025
2024-03-26 11:02:00-04:00,342.17999267578125,342.17999267578125,342.17999267578125,342.17999267578125,342.17999267578125,1105
2024-03-26 11:04:00-04:00,342.29998779296875,342.29998779296875,341.8999938964844,341.8999938964844,341.8999938964844,986
2024-03-26 11:10:00-04:00,342.0199890136719,342.0199890136719,342.0199890136719,342.0199890136719,342.0199890136719,306
2024-03-26 11:14:00-04:00,341.8900146484375,341.8900146484375,341.8900146484375,341.8900146484375,341.8900146484375,783
2024-03-26 11:18:00-04:00,341.45001220703125,341.45001220703125,341.32000732421875,341.32000732421875,341.32000732421875,1248
2024-03-26 11:20:00-04:00,341.92999267578125,342.0199890136719,341.8949890136719,342.0199890136719,342.0199890136719,1992
2024-03-26 11:22:00-04:00,341.69000244140625,341.7900085449219,341.69000244140625,341.7650146484375,341.7650146484375,1514
2024-03-26 11:30:00-04:00,341.2099914550781,341.9200134277344,341.2099914550781,341.9200134277344,341.9200134277344,1029
2024-03-26 11:32:00-04:00,342.17999267578125,342.17999267578125,342.17999267578125,342.17999267578125,342.17999267578125,226
2024-03-26 11:36:00-04:00,341.8500061035156,342.32000732421875,341.54998779296875,341.8399963378906,341.8399963378906,920
2024-03-26 11:40:00-04:00,341.9200134277344,341.9200134277344,341.9200134277344,341.9200134277344,341.9200134277344,638
2024-03-26 11:48:00-04:00,343.04998779296875,343.05999755859375,343.04998779296875,343.05999755859375,343.05999755859375,361
2024-03-26 11:50:00-04:00,342.8500061035156,342.8599853515625,342.7149963378906,342.7149963378906,342.7149963378906,1510
2024-03-26 11:58:00-04:00,341.9649963378906,341.9750061035156,341.9649963378906,341.9750061035156,341.9750061035156,661
2024-03-26 12:00:00-04:00,341.44000244140625,341.44000244140625,341.44000244140625,341.44000244140625,341.44000244140625,716
2024-03-26 12:08:00-04:00,340.6300048828125,340.6300048828125,340.6300048828125,340.6300048828125,340.6300048828125,334
2024-03-26 12:10:00-04:00,340.32000732421875,340.32000732421875,340.32000732421875,340.32000732421875,340.32000732421875,105
2024-03-26 12:12:00-04:00,340.3299865722656,340.70001220703125,340.25,340.70001220703125,340.70001220703125,1729
2024-03-26 12:16:00-04:00,340.5899963378906,340.5899963378906,340.5899963378906,340.5899963378906,340.5899963378906,534
2024-03-26 12:18:00-04:00,340.5799865722656,340.5799865722656,340.54998779296875,340.54998779296875,340.54998779296875,421
2024-03-26 12:20:00-04:00,340.5400085449219,340.6000061035156,340.20001220703125,340.2099914550781,340.2099914550781,2249
2024-03-26 12:34:00-04:00,340.6050109863281,340.6050109863281,340.6050109863281,340.6050109863281,340.6050109863281,118
2024-03-26 12:36:00-04:00,340.2149963378906,340.2149963378906,340.2149963378906,340.2149963378906,340.2149963378906,121
2024-03-26 12:38:00-04:00,340.2900085449219,340.2900085449219,340.2900085449219,340.2900085449219,340.2900085449219,444
2024-03-26 12:40:00-04:00,341.0799865722656,341.0799865722656,340.9150085449219,340.9200134277344,340.9200134277344,793
2024-03-26 12:42:00-04:00,341.0899963378906,341.1499938964844,341.0899963378906,341.1499938964844,341.1499938964844,868
2024-03-26 12:54:00-04:00,341.2950134277344,341.2950134277344,341.2950134277344,341.2950134277344,341.2950134277344,276
2024-03-26 13:00:00-04:00,341.3299865722656,341.3299865722656,341.3299865722656,341.3299865722656,341.3299865722656,292
2024-03-26 13:04:00-04:00,341.3299865722656,341.3299865722656,341.3299865722656,341.3299865722656,341.3299865722656,140
2024-03-26 13:06:00-04:00,341.3349914550781,341.3349914550781,341.3349914550781,341.3349914550781,341.3349914550781,280
2024-03-26 13:08:00-04:00,341.69000244140625,341.69000244140625,341.6000061035156,341.6000061035156,341.6000061035156,948
2024-03-26 13:20:00-04:00,342.07501220703125,342.07501220703125,342.07501220703125,342.07501220703125,342.07501220703125,167
2024-03-26 13:26:00-04:00,341.7900085449219,341.7900085449219,341.760009765625,341.760009765625,341.760009765625,2483
2024-03-26 13:38:00-04:00,341.7749938964844,341.7749938964844,341.7749938964844,341.7749938964844,341.7749938964844,273
2024-03-26 13:40:00-04:00,342.0,342.0,341.9100036621094,341.9100036621094,341.9100036621094,999
2024-03-26 14:02:00-04:00,341.9599914550781,341.9599914550781,341.9599914550781,341.9599914550781,341.9599914550781,149
2024-03-26 14:04:00-04:00,341.8349914550781,341.8349914550781,341.8299865722656,341.8349914550781,341.8349914550781,1234
2024-03-26 14:20:00-04:00,341.739990234375,341.739990234375,341.7200012207031,341.7200012207031,341.7200012207031,353
2024-03-26 14:22:00-04:00,341.6700134277344,341.6700134277344,341.6700134277344,341.6700134277344,341.6700134277344,339
2024-03-26 14:24:00-04:00,341.75,341.75,341.75,341.75,341.75,479
2024-03-26 14:26:00-04:00,341.7149963378906,341.7149963378906,341.7149963378906,341.7149963378906,341.7149963378906,645
2024-03-26 14:34:00-04:00,341.3349914550781,341.3349914550781,341.3349914550781,341.3349914550781,341.3349914550781,288
2024-03-26 14:36:00-04:00,341.5174865722656,341.5174865722656,341.5174865722656,341.5174865722656,341.5174865722656,343
2024-03-26 14:40:00-04:00,341.1099853515625,341.1099853515625,341.1099853515625,341.1099853515625,341.1099853515625,212
2024-03-26 14:42:00-04:00,341.2099914550781,341.2099914550781,341.2099914550781,341.2099914550781,341.2099914550781,123
2024-03-26 14:44:00-04:00,340.9599914550781,340.9599914550781,340.9599914550781,340.9599914550781,340.9599914550781,687
2024-03-26 14:48:00-04:00,341.70001220703125,341.70001220703125,341.70001220703125,341.70001220703125,341.70001220703125,583
2024-03-26 14:54:00-04:00,341.760009765625,342.25,341.760009765625,342.25,342.25,766
2024-03-26 14:56:00-04:00,342.3500061035156,342.3500061035156,342.010009765625,342.010009765625,342.010009765625,1427
2024-03-26 15:04:00-04:00,341.32000732421875,341.32000732421875,341.32000732421875,341.32000732421875,341.32000732421875,238
2024-03-26 15:10:00-04:00,341.30999755859375,341.30999755859375,341.30999755859375,341.30999755859375,341.30999755859375,806
2024-03-26 15:24:00-04:00,341.260009765625,341.260009765625,341.260009765625,341.260009765625,341.260009765625,188
2024-03-26 15:26:00-04:00,341.6099853515625,341.8800048828125,341.6000061035156,341.8800048828125,341.8800048828125,3747
2024-03-26 15:28:00-04:00,341.54998779296875,341.54998779296875,341.54998779296875,341.54998779296875,341.54998779296875,586
2024-03-26 15:30:00-04:00,341.510009765625,341.510009765625,341.510009765625,341.510009765625,341.510009765625,348
2024-03-26 15:32:00-04:00,341.7699890136719,341.7850036621094,341.5899963378906,341.5899963378906,341.5899963378906,2893
2024-03-26 15:42:00-04:00,341.32000732421875,341.42999267578125,341.32000732421875,341.42999267578125,341.42999267578125,1517
2024-03-26 15:44:00-04:00,341.239990234375,341.239990234375,340.8999938964844,340.8999938964844,340.8999938964844,750
2024-03-26 15:46:00-04:00,340.54998779296875,340.6300048828125,340.54998779296875,340.6300048828125,340.6300048828125,1370
2024-03-26 15:50:00-04:00,340.32000732421875,340.4100036621094,340.0899963378906,340.0899963378906,340.0899963378906,3751
2024-03-26 15:52:00-04:00,340.0350036621094,340.1499938964844,340.0350036621094,340.1499938964844,340.1499938964844,450
2024-03-26 15:54:00-04:00,340.489990234375,340.6700134277344,340.489990234375,340.5400085449219,340.5400085449219,2438
2024-03-26 15:56:00-04:00,340.5799865722656,340.5799865722656,340.57000732421875,340.57000732421875,340.57000732421875,1543
2024-03-26 15:58:00-04:00,340.25,340.5,340.04998779296875,340.5,340.5,6747
2024-03-27 09:30:00-04:00,342.6300048828125,342.6300048828125,342.6300048828125,342.6300048828125,342.6300048828125,892
2024-03-27 09:34:00-04:00,342.0,342.0,339.79998779296875,339.79998779296875,339.79998779296875,436
2024-03-27 09:36:00-04:00,342.25,342.25,339.92498779296875,339.92999267578125,339.92999267578125,5107
2024-03-27 09:38:00-04:00,342.6000061035156,342.79998779296875,341.239990234375,341.30499267578125,341.30499267578125,3005
2024-03-27 09:40:00-04:00,342.17999267578125,342.17999267578125,339.29998779296875,339.29998779296875,339.29998779296875,2882
2024-03-27 09:42:00-04:00,339.7550048828125,342.0299987792969,339.25,340.8800048828125,340.8800048828125,4952
2024-03-27 09:44:00-04:00,341.70001220703125,341.70001220703125,339.5799865722656,339.5799865722656,339.5799865722656,780
2024-03-27 09:46:00-04:00,340.510009765625,340.510009765625,339.32000732421875,339.32000732421875,339.32000732421875,1611
2024-03-27 09:50:00-04:00,341.2699890136719,341.3999938964844,340.9700012207031,340.9700012207031,340.9700012207031,479
2024-03-27 09:52:00-04:00,340.9750061035156,341.05499267578125,340.6549987792969,340.6549987792969,340.6549987792969,1234
2024-03-27 09:54:00-04:00,340.6549987792969,341.4750061035156,339.79998779296875,341.4750061035156,341.4750061035156,3081
2024-03-27 09:56:00-04:00,341.70001220703125,343.0199890136719,341.447509765625,343.0199890136719,343.0199890136719,2604
2024-03-27 09:58:00-04:00,342.7825012207031,342.7825012207031,342.7825012207031,342.7825012207031,342.7825012207031,837
2024-03-27 10:04:00-04:00,342.8999938964844,342.9800109863281,341.7900085449219,341.7900085449219,341.7900085449219,1504
2024-03-27 10:08:00-04:00,341.6499938964844,341.6499938964844,341.6400146484375,341.6400146484375,341.6400146484375,394
2024-03-27 10:12:00-04:00,341.2049865722656,341.3299865722656,341.2049865722656,341.3299865722656,341.3299865722656,271
2024-03-27 10:14:00-04:00,342.07000732421875,342.07000732421875,341.2749938964844,341.2749938964844,341.2749938964844,409
2024-03-27 10:18:00-04:00,341.4549865722656,341.4549865722656,341.4549865722656,341.4549865722656,341.4549865722656,600
2024-03-27 10:24:00-04:00,341.1499938964844,341.1499938964844,341.1499938964844,341.1499938964844,341.1499938964844,339
2024-03-27 10:26:00-04:00,339.8299865722656,339.8299865722656,339.8299865722656,339.8299865722656,339.8299865722656,468
2024-03-27 10:28:00-04:00,339.70001220703125,339.70001220703125,339.70001220703125,339.70001220703125,339.70001220703125,461
2024-03-27 10:30:00-04:00,340.04998779296875,340.1000061035156,340.04998779296875,340.1000061035156,340.1000061035156,593
2024-03-27 10:32:00-04:00,340.17498779296875,340.17498779296875,339.20001220703125,339.20001220703125,339.20001220703125,668
2024-03-27 10:34:00-04:00,340.30499267578125,341.25,339.9100036621094,341.25,341.25,1354
2024-03-27 10:36:00-04:00,341.0,341.0,340.67999267578125,340.67999267578125,340.67999267578125,1433
2024-03-27 10:40:00-04:00,340.42999267578125,341.2149963378906,340.4200134277344,341.2149963378906,341.2149963378906,1078
2024-03-27 10:42:00-04:00,340.3546142578125,340.3546142578125,340.3546142578125,340.3546142578125,340.3546142578125,845
2024-03-27 10:44:00-04:00,340.8299865722656,340.8299865722656,340.8299865722656,340.8299865722656,340.8299865722656,424
2024-03-27 10:46:00-04:00,341.010009765625,341.0899963378906,341.010009765625,341.0899963378906,341.0899963378906,781
2024-03-27 10:48:00-04:00,340.8599853515625,340.8599853515625,340.8599853515625,340.8599853515625,340.8599853515625,520
2024-03-27 10:56:00-04:00,340.5299987792969,340.635009765625,340.5299987792969,340.635009765625,340.635009765625,388
2024-03-27 11:00:00-04:00,340.3699951171875,340.7749938964844,340.3699951171875,340.5050048828125,340.5050048828125,660
2024-03-27 11:04:00-04:00,340.7799987792969,340.7799987792969,340.7799987792969,340.7799987792969,340.7799987792969,754
2024-03-27 11:06:00-04:00,341.760009765625,341.760009765625,341.760009765625,341.760009765625,341.760009765625,236
2024-03-27 11:08:00-04:00,342.07000732421875,342.07000732421875,341.3599853515625,341.3599853515625,341.3599853515625,488
2024-03-27 11:10:00-04:00,341.7699890136719,341.7699890136719,341.7550048828125,341.7550048828125,341.7550048828125,1372
2024-03-27 11:20:00-04:00,341.42498779296875,341.43499755859375,341.42498779296875,341.43499755859375,341.43499755859375,609
2024-03-27 11:22:00-04:00,341.69000244140625,341.82000732421875,341.5199890136719,341.54998779296875,341.54998779296875,1743
2024-03-27 11:24:00-04:00,341.3900146484375,341.3900146484375,341.3900146484375,341.3900146484375,341.3900146484375,887
2024-03-27 11:26:00-04:00,342.4750061035156,342.4750061035156,342.3399963378906,342.3399963378906,342.3399963378906,402
2024-03-27 11:30:00-04:00,342.4849853515625,342.4849853515625,342.375,342.375,342.375,295
2024-03-27 11:32:00-04:00,342.8949890136719,343.57000732421875,342.8949890136719,343.57000732421875,343.57000732421875,644
2024-03-27 11:34:00-04:00,343.5849914550781,343.5849914550781,343.5849914550781,343.5849914550781,343.5849914550781,494
2024-03-27 11:38:00-04:00,344.0,344.2200012207031,344.0,344.2200012207031,344.2200012207031,637
2024-03-27 11:40:00-04:00,343.94000244140625,344.0950012207031,343.8900146484375,344.0950012207031,344.0950012207031,2152
2024-03-27 11:42:00-04:00,343.70001220703125,343.70001220703125,343.6400146484375,343.6400146484375,343.6400146484375,796
2024-03-27 11:48:00-04:00,343.864990234375,343.864990234375,343.864990234375,343.864990234375,343.864990234375,597
2024-03-27 11:52:00-04:00,343.5400085449219,343.5400085449219,343.5400085449219,343.5400085449219,343.5400085449219,588
2024-03-27 11:54:00-04:00,343.30999755859375,343.30999755859375,343.30999755859375,343.30999755859375,343.30999755859375,240
2024-03-27 11:58:00-04:00,343.0400085449219,343.0400085449219,342.95001220703125,342.95001220703125,342.95001220703125,480
2024-03-27 12:02:00-04:00,342.57000732421875,342.57000732421875,342.57000732421875,342.57000732421875,342.57000732421875,483
2024-03-27 12:04:00-04:00,342.5249938964844,342.5249938964844,342.5249938964844,342.5249938964844,342.5249938964844,330
2024-03-27 12:08:00-04:00,342.5,342.5400085449219,342.5,342.5400085449219,342.5400085449219,814
2024-03-27 12:10:00-04:00,342.8800048828125,342.8800048828125,342.8800048828125,342.8800048828125,342.8800048828125,970
2024-03-27 12:20:00-04:00,343.07501220703125,343.07501220703125,343.07501220703125,343.07501220703125,343.07501220703125,215
2024-03-27 12:24:00-04:00,342.8699951171875,342.9849853515625,342.8699951171875,342.9849853515625,342.9849853515625,956
2024-03-27 12:26:00-04:00,342.9833984375,343.5849914550781,342.9833984375,343.5849914550781,343.5849914550781,2966
2024-03-27 12:28:00-04:00,343.9599914550781,343.9599914550781,343.9599914550781,343.9599914550781,343.9599914550781,246
2024-03-27 12:30:00-04:00,344.1199951171875,344.6549987792969,344.1199951171875,344.6549987792969,344.6549987792969,633
2024-03-27 12:32:00-04:00,344.81500244140625,344.81500244140625,344.81500244140625,344.81500244140625,344.81500244140625,891
2024-03-27 12:38:00-04:00,346.0199890136719,346.4800109863281,345.6700134277344,346.3800048828125,346.3800048828125,3667
2024-03-27 12:44:00-04:00,346.1199951171875,346.6000061035156,346.0899963378906,346.6000061035156,346.6000061035156,1839
2024-03-27 12:48:00-04:00,346.75,346.75,346.6549987792969,346.6549987792969,346.6549987792969,647
2024-03-27 12:50:00-04:00,346.7699890136719,346.7799987792969,346.7699890136719,346.7799987792969,346.7799987792969,981
2024-03-27 12:52:00-04:00,347.1050109863281,347.1050109863281,346.69000244140625,346.7189025878906,346.7189025878906,2058
2024-03-27 12:58:00-04:00,346.8500061035156,346.8500061035156,346.54998779296875,346.54998779296875,346.54998779296875,909
2024-03-27 13:00:00-04:00,346.05999755859375,346.05999755859375,345.510009765625,345.510009765625,345.510009765625,1052
2024-03-27 13:10:00-04:00,344.92999267578125,344.92999267578125,344.92999267578125,344.92999267578125,344.92999267578125,795
2024-03-27 13:20:00-04:00,345.3599853515625,345.3599853515625,345.1499938964844,345.1499938964844,345.1499938964844,1479
2024-03-27 13:22:00-04:00,345.4200134277344,345.4200134277344,345.0299987792969,345.0299987792969,345.0299987792969,1691
2024-03-27 13:26:00-04:00,345.114990234375,345.114990234375,345.114990234375,345.114990234375,345.114990234375,808
2024-03-27 13:32:00-04:00,345.17999267578125,345.17999267578125,345.0400085449219,345.0400085449219,345.0400085449219,3191
2024-03-27 13:34:00-04:00,345.8699951171875,346.010009765625,345.8699951171875,346.0,346.0,653
2024-03-27 13:36:00-04:00,345.989990234375,345.989990234375,345.989990234375,345.989990234375,345.989990234375,155
2024-03-27 13:38:00-04:00,346.3800048828125,346.3999938964844,346.1199951171875,346.1199951171875,346.1199951171875,709
2024-03-27 13:40:00-04:00,346.1099853515625,346.1099853515625,346.1099853515625,346.1099853515625,346.1099853515625,317
2024-03-27 13:44:00-04:00,346.1000061035156,346.1000061035156,345.7300109863281,346.1000061035156,346.1000061035156,2856
2024-03-27 13:46:00-04:00,345.8349914550781,345.8349914550781,345.8349914550781,345.8349914550781,345.8349914550781,429
2024-03-27 13:52:00-04:00,345.7149963378906,345.7149963378906,345.7149963378906,345.7149963378906,345.7149963378906,395
2024-03-27 13:54:00-04:00,345.2099914550781,345.2099914550781,345.2099914550781,345.2099914550781,345.2099914550781,252
2024-03-27 13:56:00-04:00,345.19500732421875,345.19500732421875,345.19500732421875,345.19500732421875,345.19500732421875,296
2024-03-27 13:58:00-04:00,345.3599853515625,345.3599853515625,345.3599853515625,345.3599853515625,345.3599853515625,360
2024-03-27 14:00:00-04:00,345.30499267578125,345.5199890136719,345.30499267578125,345.5199890136719,345.5199890136719,670
2024-03-27 14:02:00-04:00,345.69000244140625,345.9150085449219,345.67999267578125,345.9150085449219,345.9150085449219,1326
2024-03-27 14:06:00-04:00,346.20001220703125,346.3999938964844,346.20001220703125,346.3999938964844,346.3999938964844,1244
2024-03-27 14:12:00-04:00,346.69000244140625,346.69000244140625,346.69000244140625,346.69000244140625,346.69000244140625,425
2024-03-27 14:14:00-04:00,346.4700012207031,346.4700012207031,346.4700012207031,346.4700012207031,346.4700012207031,729
2024-03-27 14:22:00-04:00,346.4800109863281,346.4800109863281,346.4800109863281,346.4800109863281,346.4800109863281,670
2024-03-27 14:28:00-04:00,346.6600036621094,346.6600036621094,346.4800109863281,346.4800109863281,346.4800109863281,420
2024-03-27 14:30:00-04:00,346.6700134277344,346.6700134277344,346.6700134277344,346.6700134277344,346.6700134277344,627
2024-03-27 14:32:00-04:00,346.5199890136719,346.6549987792969,346.510009765625,346.6549987792969,346.6549987792969,1155
2024-03-27 14:34:00-04:00,346.2950134277344,346.29998779296875,346.2950134277344,346.29998779296875,346.29998779296875,1036
2024-03-27 14:38:00-04:00,346.92999267578125,346.92999267578125,346.92999267578125,346.92999267578125,346.92999267578125,200
2024-03-27 14:40:00-04:00,346.5199890136719,346.6099853515625,346.5199890136719,346.5199890136719,346.5199890136719,2094
2024-03-27 14:44:00-04:00,346.8500061035156,346.95001220703125,346.8500061035156,346.8999938964844,346.8999938964844,1032
2024-03-27 14:48:00-04:00,347.29998779296875,347.6549987792969,347.29998779296875,347.6549987792969,347.6549987792969,5033
2024-03-27 15:12:00-04:00,347.5849914550781,347.5849914550781,347.5849914550781,347.5849914550781,347.5849914550781,506
2024-03-27 15:14:00-04:00,347.3699951171875,347.5299987792969,347.3299865722656,347.5299987792969,347.5299987792969,1963
2024-03-27 15:16:00-04:00,347.7699890136719,347.7699890136719,347.7699890136719,347.7699890136719,347.7699890136719,555
2024-03-27 15:18:00-04:00,347.7149963378906,347.7149963378906,347.7149963378906,347.7149963378906,347.7149963378906,169
2024-03-27 15:20:00-04:00,347.75,347.75,347.75,347.75,347.75,1298
2024-03-27 15:26:00-04:00,347.489990234375,347.69000244140625,347.489990234375,347.69000244140625,347.69000244140625,1193
2024-03-27 15:28:00-04:00,347.94000244140625,347.94000244140625,347.94000244140625,347.94000244140625,347.94000244140625,1067
2024-03-27 15:30:00-04:00,347.6700134277344,347.9100036621094,347.6199951171875,347.9100036621094,347.9100036621094,2268
2024-03-27 15:32:00-04:00,347.9100036621094,347.9800109863281,347.9100036621094,347.9800109863281,347.9800109863281,2509
2024-03-27 15:34:00-04:00,347.8299865722656,347.8900146484375,347.8299865722656,347.8299865722656,347.8299865722656,1248
2024-03-27 15:36:00-04:00,347.8399963378906,347.8399963378906,347.69000244140625,347.69000244140625,347.69000244140625,550
2024-03-27 15:38:00-04:00,347.70001220703125,348.1700134277344,347.70001220703125,348.1300048828125,348.1300048828125,2011
2024-03-27 15:40:00-04:00,348.44000244140625,348.92999267578125,348.42999267578125,348.67999267578125,348.67999267578125,2733
2024-03-27 15:44:00-04:00,348.94500732421875,348.94500732421875,348.6300048828125,348.6300048828125,348.6300048828125,862
2024-03-27 15:46:00-04:00,348.3800048828125,348.4700012207031,348.3800048828125,348.4700012207031,348.4700012207031,1158
2024-03-27 15:48:00-04:00,348.6099853515625,348.6099853515625,348.44000244140625,348.44000244140625,348.44000244140625,986
2024-03-27 15:50:00-04:00,348.3999938964844,348.7099914550781,348.3800048828125,348.7099914550781,348.7099914550781,3606
2024-03-27 15:52:00-04:00,348.67999267578125,348.7149963378906,348.2950134277344,348.7149963378906,348.7149963378906,4384
2024-03-27 15:54:00-04:00,348.8599853515625,349.80999755859375,348.8599853515625,349.55999755859375,349.55999755859375,3189
2024-03-27 15:56:00-04:00,349.7300109863281,349.9599914550781,349.42999267578125,349.760009765625,349.760009765625,6410
2024-03-27 15:58:00-04:00,349.55999755859375,350.0899963378906,349.44000244140625,350.0899963378906,350.0899963378906,13577
2024-03-28 09:30:00-04:00,350.32000732421875,350.32000732421875,350.31500244140625,350.31500244140625,350.31500244140625,1726
2024-03-28 09:44:00-04:00,347.2900085449219,347.2900085449219,347.2900085449219,347.2900085449219,347.2900085449219,520
2024-03-28 09:46:00-04:00,347.8999938964844,349.92999267578125,347.8999938964844,349.92999267578125,349.92999267578125,813
2024-03-28 09:48:00-04:00,348.260009765625,348.3500061035156,348.260009765625,348.3500061035156,348.3500061035156,581
2024-03-28 09:58:00-04:00,347.9549865722656,347.9549865722656,347.9549865722656,347.9549865722656,347.9549865722656,627
2024-03-28 10:00:00-04:00,349.44000244140625,349.6000061035156,349.44000244140625,349.6000061035156,349.6000061035156,1868
2024-03-28 10:18:00-04:00,348.55999755859375,348.55999755859375,347.3999938964844,347.3999938964844,347.3999938964844,1296
2024-03-28 10:20:00-04:00,347.29998779296875,348.4700012207031,347.29998779296875,348.4700012207031,348.4700012207031,2084
2024-03-28 10:28:00-04:00,347.07000732421875,347.07000732421875,347.07000732421875,347.07000732421875,347.07000732421875,515
2024-03-28 10:32:00-04:00,346.9100036621094,346.9100036621094,346.9100036621094,346.9100036621094,346.9100036621094,215
2024-03-28 10:34:00-04:00,347.67498779296875,347.67498779296875,347.67498779296875,347.67498779296875,347.67498779296875,323
2024-03-28 10:36:00-04:00,346.0400085449219,346.0400085449219,346.0400085449219,346.0400085449219,346.0400085449219,378
2024-03-28 10:42:00-04:00,345.8999938964844,346.0,345.8999938964844,346.0,346.0,1724
2024-03-28 10:44:00-04:00,346.5,346.5,346.23748779296875,346.23748779296875,346.23748779296875,848
2024-03-28 10:46:00-04:00,346.3800048828125,346.3800048828125,345.8299865722656,345.8299865722656,345.8299865722656,459
2024-03-28 10:48:00-04:00,345.8399963378906,346.1000061035156,345.7699890136719,346.1000061035156,346.1000061035156,1221
2024-03-28 10:50:00-04:00,345.6400146484375,345.6449890136719,345.6400146484375,345.6449890136719,345.6449890136719,660
2024-03-28 10:58:00-04:00,345.5450134277344,345.55999755859375,345.07501220703125,345.07501220703125,345.07501220703125,420
2024-03-28 11:00:00-04:00,345.0450134277344,345.56671142578125,345.0450134277344,345.4800109863281,345.4800109863281,928
2024-03-28 11:04:00-04:00,345.4100036621094,345.4100036621094,345.4100036621094,345.4100036621094,345.4100036621094,321
2024-03-28 11:08:00-04:00,345.2799987792969,345.2799987792969,345.2799987792969,345.2799987792969,345.2799987792969,375
2024-03-28 11:12:00-04:00,345.70001220703125,345.8999938964844,345.1650085449219,345.1650085449219,345.1650085449219,1914
2024-03-28 11:16:00-04:00,345.29998779296875,345.3999938964844,345.29998779296875,345.3999938964844,345.3999938964844,693
2024-03-28 11:26:00-04:00,345.7300109863281,346.0899963378906,345.7200012207031,345.9549865722656,345.9549865722656,3809
2024-03-28 11:42:00-04:00,346.33990478515625,346.33990478515625,346.33990478515625,346.33990478515625,346.33990478515625,458
2024-03-28 11:48:00-04:00,345.5299987792969,345.5299987792969,345.5299987792969,345.5299987792969,345.5299987792969,1161
2024-03-28 12:02:00-04:00,345.8999938964844,345.8999938964844,345.8999938964844,345.8999938964844,345.8999938964844,1083
2024-03-28 12:06:00-04:00,346.5299987792969,347.0899963378906,346.5299987792969,347.0899963378906,347.0899963378906,2480
2024-03-28 12:10:00-04:00,347.0899963378906,347.0899963378906,347.0899963378906,347.0899963378906,347.0899963378906,924
2024-03-28 12:28:00-04:00,347.18499755859375,347.18499755859375,347.18499755859375,347.18499755859375,347.18499755859375,334
2024-03-28 12:34:00-04:00,346.94500732421875,346.94500732421875,346.94500732421875,346.94500732421875,346.94500732421875,274
2024-03-28 12:38:00-04:00,346.7049865722656,346.7049865722656,346.7049865722656,346.7049865722656,346.7049865722656,335
2024-03-28 12:44:00-04:00,346.0799865722656,346.0799865722656,345.9150085449219,345.9150085449219,345.9150085449219,270
2024-03-28 12:46:00-04:00,345.92999267578125,345.92999267578125,345.92498779296875,345.92498779296875,345.92498779296875,1250
2024-03-28 12:48:00-04:00,346.010009765625,346.0150146484375,346.010009765625,346.0150146484375,346.0150146484375,337
2024-03-28 12:50:00-04:00,345.6625061035156,345.6625061035156,345.6625061035156,345.6625061035156,345.6625061035156,147
2024-03-28 12:52:00-04:00,345.3500061035156,346.20001220703125,345.3500061035156,345.93499755859375,345.93499755859375,1407
2024-03-28 12:54:00-04:00,345.8999938964844,346.3999938964844,345.8999938964844,346.3999938964844,346.3999938964844,1745
2024-03-28 12:58:00-04:00,346.05999755859375,346.05999755859375,346.0,346.0,346.0,578
2024-03-28 13:00:00-04:00,346.1000061035156,346.54998779296875,346.1000061035156,346.54998779296875,346.54998779296875,1045
2024-03-28 13:02:00-04:00,346.3500061035156,346.6499938964844,346.3500061035156,346.6499938964844,346.6499938964844,1180
2024-03-28 13:04:00-04:00,346.3699951171875,346.3699951171875,346.3699951171875,346.3699951171875,346.3699951171875,262
2024-03-28 13:08:00-04:00,346.6499938964844,346.6499938964844,346.6499938964844,346.6499938964844,346.6499938964844,1118
2024-03-28 13:12:00-04:00,346.7799987792969,346.8599853515625,346.7799987792969,346.8599853515625,346.8599853515625,325
2024-03-28 13:14:00-04:00,346.8800048828125,346.9599914550781,346.82501220703125,346.9599914550781,346.9599914550781,619
2024-03-28 13:16:00-04:00,346.82000732421875,346.82000732421875,346.8125,346.81500244140625,346.81500244140625,483
2024-03-28 13:22:00-04:00,346.8450012207031,346.8450012207031,346.8450012207031,346.8450012207031,346.8450012207031,600
2024-03-28 13:28:00-04:00,347.2699890136719,347.29998779296875,347.2699890136719,347.29998779296875,347.29998779296875,991
2024-03-28 13:44:00-04:00,347.32000732421875,347.3699951171875,347.32000732421875,347.3699951171875,347.3699951171875,1462
2024-03-28 13:48:00-04:00,347.4599914550781,347.57501220703125,347.3800048828125,347.3800048828125,347.3800048828125,572
2024-03-28 13:50:00-04:00,347.9150085449219,348.0400085449219,347.9150085449219,348.0,348.0,761
2024-03-28 13:56:00-04:00,347.9649963378906,347.9649963378906,347.9649963378906,347.9649963378906,347.9649963378906,1390
2024-03-28 13:58:00-04:00,348.2289123535156,348.2289123535156,348.2289123535156,348.2289123535156,348.2289123535156,862
2024-03-28 14:00:00-04:00,348.0950012207031,348.0950012207031,348.0950012207031,348.0950012207031,348.0950012207031,291
2024-03-28 14:04:00-04:00,347.8800048828125,347.8800048828125,347.3999938964844,347.3999938964844,347.3999938964844,1380
2024-03-28 14:16:00-04:00,347.114990234375,347.114990234375,347.114990234375,347.114990234375,347.114990234375,378
2024-03-28 14:20:00-04:00,347.1050109863281,347.125,347.04998779296875,347.04998779296875,347.04998779296875,562
2024-03-28 14:24:00-04:00,346.8399963378906,346.8399963378906,346.8399963378906,346.8399963378906,346.8399963378906,342
2024-03-28 14:26:00-04:00,346.79998779296875,346.79998779296875,346.79998779296875,346.79998779296875,346.79998779296875,1189
2024-03-28 14:30:00-04:00,347.19500732421875,347.19500732421875,347.19500732421875,347.19500732421875,347.19500732421875,107
2024-03-28 14:32:00-04:00,347.2099914550781,347.45001220703125,347.2099914550781,347.3500061035156,347.3500061035156,876
2024-03-28 14:34:00-04:00,347.3900146484375,347.3900146484375,347.3900146484375,347.3900146484375,347.3900146484375,324
2024-03-28 14:38:00-04:00,347.04998779296875,347.04998779296875,347.04998779296875,347.04998779296875,347.04998779296875,633
2024-03-28 14:44:00-04:00,346.8800048828125,347.25,346.8800048828125,347.1474914550781,347.1474914550781,1144
2024-03-28 14:48:00-04:00,347.239990234375,347.239990234375,347.239990234375,347.239990234375,347.239990234375,416
2024-03-28 14:56:00-04:00,346.9599914550781,347.19000244140625,346.9599914550781,347.19000244140625,347.19000244140625,1250
2024-03-28 14:58:00-04:00,346.8599853515625,346.8599853515625,346.8599853515625,346.8599853515625,346.8599853515625,521
2024-03-28 15:00:00-04:00,346.8599853515625,346.885009765625,346.8599853515625,346.885009765625,346.885009765625,439
2024-03-28 15:04:00-04:00,346.8699951171875,346.8699951171875,346.8699951171875,346.8699951171875,346.8699951171875,486
2024-03-28 15:06:00-04:00,346.55999755859375,346.55999755859375,346.55999755859375,346.55999755859375,346.55999755859375,442
2024-03-28 15:08:00-04:00,346.635009765625,346.635009765625,346.635009765625,346.635009765625,346.635009765625,233
2024-03-28 15:10:00-04:00,346.68499755859375,346.68499755859375,345.5799865722656,345.5799865722656,345.5799865722656,2213
2024-03-28 15:20:00-04:00,346.20001220703125,346.3299865722656,346.20001220703125,346.3299865722656,346.3299865722656,1103
2024-03-28 15:26:00-04:00,346.0799865722656,346.0799865722656,346.0799865722656,346.0799865722656,346.0799865722656,394
2024-03-28 15:28:00-04:00,346.4100036621094,346.6499938964844,346.30999755859375,346.6499938964844,346.6499938964844,2833
2024-03-28 15:30:00-04:00,346.6000061035156,346.6000061035156,346.6000061035156,346.6000061035156,346.6000061035156,831
2024-03-28 15:32:00-04:00,346.6400146484375,346.6400146484375,346.6400146484375,346.6400146484375,346.6400146484375,329
2024-03-28 15:38:00-04:00,346.19000244140625,346.19000244140625,346.19000244140625,346.19000244140625,346.19000244140625,372
2024-03-28 15:40:00-04:00,346.17498779296875,346.17498779296875,346.17498779296875,346.17498779296875,346.17498779296875,194
2024-03-28 15:42:00-04:00,346.4599914550781,346.4599914550781,345.9200134277344,346.1300048828125,346.1300048828125,492
2024-03-28 15:44:00-04:00,346.0350036621094,346.0350036621094,346.0350036621094,346.0350036621094,346.0350036621094,261
2024-03-28 15:50:00-04:00,345.385009765625,345.8299865722656,345.364990234375,345.4049987792969,345.4049987792969,2878
2024-03-28 15:52:00-04:00,345.5899963378906,345.69000244140625,345.29998779296875,345.69000244140625,345.69000244140625,2885
2024-03-28 15:54:00-04:00,345.7300109863281,346.0,345.7300109863281,345.739990234375,345.739990234375,3634
2024-03-28 15:56:00-04:00,345.6700134277344,346.07000732421875,345.32000732421875,346.07000732421875,346.07000732421875,2818
2024-03-28 15:58:00-04:00,345.8399963378906,346.1499938964844,345.2900085449219,345.8599853515625,345.8599853515625,7791
