Datetime,Open,High,Low,Close,Adj Close,Volume
2023-12-12 09:30:00,33.70000076293945,33.939998626708984,33.650001525878906,33.790000915527344,33.790000915527344,242232
2023-12-12 10:00:00,33.79499816894531,33.79999923706055,33.689998626708984,33.70000076293945,33.70000076293945,177632
2023-12-12 10:30:00,33.70000076293945,33.790000915527344,33.625,33.67499923706055,33.67499923706055,140567
2023-12-12 11:00:00,33.66999816894531,33.7400016784668,33.46500015258789,33.4900016784668,33.4900016784668,151509
2023-12-12 11:30:00,33.5,33.625,33.474998474121094,33.61000061035156,33.61000061035156,145770
2023-12-12 12:00:00,33.61000061035156,33.66999816894531,33.54999923706055,33.619998931884766,33.619998931884766,109906
2023-12-12 12:30:00,33.619998931884766,33.77000045776367,33.619998931884766,33.70000076293945,33.70000076293945,186824
2023-12-12 13:00:00,33.69499969482422,33.73500061035156,33.540000915527344,33.54499816894531,33.54499816894531,86520
2023-12-12 13:30:00,33.54999923706055,33.59000015258789,33.47999954223633,33.584999084472656,33.584999084472656,111353
2023-12-12 14:00:00,33.584999084472656,33.72999954223633,33.53499984741211,33.685001373291016,33.685001373291016,169183
2023-12-12 14:30:00,33.689998626708984,33.7599983215332,33.689998626708984,33.72999954223633,33.72999954223633,106350
2023-12-12 15:00:00,33.73500061035156,33.775001525878906,33.71500015258789,33.724998474121094,33.724998474121094,138991
2023-12-12 15:30:00,33.720001220703125,33.7400016784668,33.540000915527344,33.54999923706055,33.54999923706055,626589
2023-12-13 09:30:00,33.52000045776367,33.66999816894531,33.290000915527344,33.470001220703125,33.470001220703125,150802
2023-12-13 10:00:00,33.477500915527344,33.58000183105469,33.400001525878906,33.404998779296875,33.404998779296875,122044
2023-12-13 10:30:00,33.40999984741211,33.40999984741211,33.33000183105469,33.39500045776367,33.39500045776367,104474
2023-12-13 11:00:00,33.400001525878906,33.4900016784668,33.380001068115234,33.400001525878906,33.400001525878906,159666
2023-12-13 11:30:00,33.39500045776367,33.46500015258789,33.36000061035156,33.39500045776367,33.39500045776367,101759
2023-12-13 12:00:00,33.400001525878906,33.45000076293945,33.38999938964844,33.41999816894531,33.41999816894531,70185
2023-12-13 12:30:00,33.40999984741211,33.45000076293945,33.38999938964844,33.40999984741211,33.40999984741211,60107
2023-12-13 13:00:00,33.404998779296875,33.415000915527344,33.3025016784668,33.36750030517578,33.36750030517578,82516
2023-12-13 13:30:00,33.36000061035156,33.36840057373047,33.310001373291016,33.349998474121094,33.349998474121094,65722
2023-12-13 14:00:00,33.369998931884766,33.834999084472656,33.36000061035156,33.834999084472656,33.834999084472656,207104
2023-12-13 14:30:00,33.834999084472656,34.36000061035156,33.79999923706055,34.33000183105469,34.33000183105469,391828
2023-12-13 15:00:00,34.33000183105469,34.58000183105469,34.314998626708984,34.400001525878906,34.400001525878906,407617
2023-12-13 15:30:00,34.400001525878906,34.630001068115234,34.361000061035156,34.5,34.5,936134
2023-12-14 09:30:00,35.060001373291016,35.91999816894531,35.060001373291016,35.75,35.75,767546
2023-12-14 10:00:00,35.76499938964844,35.85499954223633,35.400001525878906,35.654998779296875,35.654998779296875,257091
2023-12-14 10:30:00,35.650001525878906,35.8650016784668,35.619998931884766,35.85499954223633,35.85499954223633,249261
2023-12-14 11:00:00,35.85499954223633,36.064998626708984,35.814998626708984,36.025001525878906,36.025001525878906,356785
2023-12-14 11:30:00,36.040000915527344,36.2400016784668,36.0099983215332,36.17499923706055,36.17499923706055,369448
2023-12-14 12:00:00,36.18000030517578,36.41999816894531,36.15999984741211,36.375,36.375,512621
2023-12-14 12:30:00,36.375,36.709999084472656,36.36000061035156,36.66999816894531,36.66999816894531,473026
2023-12-14 13:00:00,36.67499923706055,36.84000015258789,36.560001373291016,36.775001525878906,36.775001525878906,522721
2023-12-14 13:30:00,36.775001525878906,36.845001220703125,36.58000183105469,36.625,36.625,551666
2023-12-14 14:00:00,36.625,36.775001525878906,36.60499954223633,36.73500061035156,36.73500061035156,333643
2023-12-14 14:30:00,36.72999954223633,36.72999954223633,36.529998779296875,36.720001220703125,36.720001220703125,261805
2023-12-14 15:00:00,36.720001220703125,36.7400016784668,36.439998626708984,36.5,36.5,427094
2023-12-14 15:30:00,36.494998931884766,36.599998474121094,36.470001220703125,36.5099983215332,36.5099983215332,1265011
2023-12-15 09:30:00,36.4900016784668,36.540000915527344,36.23500061035156,36.46500015258789,36.46500015258789,647346
2023-12-15 10:00:00,36.47999954223633,36.60499954223633,36.369998931884766,36.56999969482422,36.56999969482422,234865
2023-12-15 10:30:00,36.56999969482422,36.7599983215332,36.52000045776367,36.709999084472656,36.709999084472656,300832
2023-12-15 11:00:00,36.71500015258789,36.79999923706055,36.400001525878906,36.40999984741211,36.40999984741211,310267
2023-12-15 11:30:00,36.400001525878906,36.40999984741211,36.28499984741211,36.28499984741211,36.28499984741211,197681
2023-12-15 12:00:00,36.290000915527344,36.29999923706055,36.154998779296875,36.18000030517578,36.18000030517578,162717
2023-12-15 12:30:00,36.17499923706055,36.2400016784668,36.1150016784668,36.20500183105469,36.20500183105469,141792
2023-12-15 13:00:00,36.20500183105469,36.290000915527344,36.154998779296875,36.289798736572266,36.289798736572266,165904
2023-12-15 13:30:00,36.28499984741211,36.314998626708984,36.15999984741211,36.16999816894531,36.16999816894531,211842
2023-12-15 14:00:00,36.16999816894531,36.21500015258789,36.11000061035156,36.150001525878906,36.150001525878906,213885
2023-12-15 14:30:00,36.150001525878906,36.22999954223633,36.13999938964844,36.19499969482422,36.19499969482422,184044
2023-12-15 15:00:00,36.19499969482422,36.27000045776367,36.165000915527344,36.18000030517578,36.18000030517578,217312
2023-12-15 15:30:00,36.185001373291016,36.220001220703125,36.10499954223633,36.11000061035156,36.11000061035156,1102973
2023-12-18 09:30:00,36.099998474121094,36.099998474121094,35.810001373291016,35.869998931884766,35.869998931884766,275557
2023-12-18 10:00:00,35.880001068115234,35.97999954223633,35.73500061035156,35.790000915527344,35.790000915527344,226500
2023-12-18 10:30:00,35.790000915527344,35.82849884033203,35.66999816894531,35.724998474121094,35.724998474121094,168023
2023-12-18 11:00:00,35.720001220703125,35.83000183105469,35.709999084472656,35.81999969482422,35.81999969482422,158868
2023-12-18 11:30:00,35.81999969482422,35.82500076293945,35.599998474121094,35.630001068115234,35.630001068115234,235814
2023-12-18 12:00:00,35.625,35.685001373291016,35.58000183105469,35.665000915527344,35.665000915527344,180697
2023-12-18 12:30:00,35.665000915527344,35.904998779296875,35.650001525878906,35.880001068115234,35.880001068115234,139573
2023-12-18 13:00:00,35.869998931884766,35.875,35.7400016784668,35.76499938964844,35.76499938964844,99619
2023-12-18 13:30:00,35.760799407958984,35.79499816894531,35.724998474121094,35.77000045776367,35.77000045776367,111200
2023-12-18 14:00:00,35.77000045776367,35.8650016784668,35.74100112915039,35.814998626708984,35.814998626708984,152154
2023-12-18 14:30:00,35.814998626708984,35.849998474121094,35.7599983215332,35.810001373291016,35.810001373291016,138599
2023-12-18 15:00:00,35.810001373291016,35.915000915527344,35.779998779296875,35.84000015258789,35.84000015258789,170136
2023-12-18 15:30:00,35.84000015258789,35.95000076293945,35.810001373291016,35.86000061035156,35.86000061035156,568642
2023-12-19 09:30:00,36.11000061035156,36.58000183105469,36.029998779296875,36.53499984741211,36.53499984741211,225403
2023-12-19 10:00:00,36.540000915527344,36.625,36.38999938964844,36.400001525878906,36.400001525878906,161654
2023-12-19 10:30:00,36.404998779296875,36.525001525878906,36.349998474121094,36.525001525878906,36.525001525878906,394598
2023-12-19 11:00:00,36.52000045776367,36.69499969482422,36.501399993896484,36.53499984741211,36.53499984741211,140687
2023-12-19 11:30:00,36.53499984741211,36.53499984741211,36.415000915527344,36.439998626708984,36.439998626708984,80865
2023-12-19 12:00:00,36.439998626708984,36.58000183105469,36.41999816894531,36.58000183105469,36.58000183105469,109558
2023-12-19 12:30:00,36.57500076293945,36.78499984741211,36.57500076293945,36.775001525878906,36.775001525878906,154810
2023-12-19 13:00:00,36.77000045776367,36.779998779296875,36.709999084472656,36.72999954223633,36.72999954223633,120302
2023-12-19 13:30:00,36.72999954223633,36.79999923706055,36.71500015258789,36.7599983215332,36.7599983215332,131809
2023-12-19 14:00:00,36.755001068115234,36.779998779296875,36.689998626708984,36.775001525878906,36.775001525878906,143749
2023-12-19 14:30:00,36.77000045776367,36.79840087890625,36.720001220703125,36.7599983215332,36.7599983215332,155389
2023-12-19 15:00:00,36.759498596191406,36.84000015258789,36.72999954223633,36.82500076293945,36.82500076293945,201107
2023-12-19 15:30:00,36.82500076293945,36.93000030517578,36.810001373291016,36.88999938964844,36.88999938964844,698989
2023-12-20 09:30:00,36.72999954223633,36.97999954223633,36.720001220703125,36.90999984741211,36.90999984741211,296850
2023-12-20 10:00:00,36.90999984741211,37.040000915527344,36.88999938964844,36.959999084472656,36.959999084472656,227846
2023-12-20 10:30:00,36.959999084472656,37.154998779296875,36.939998626708984,36.94499969482422,36.94499969482422,184573
2023-12-20 11:00:00,36.94499969482422,37.130001068115234,36.939998626708984,37.00080108642578,37.00080108642578,148693
2023-12-20 11:30:00,37.0,37.06999969482422,36.91999816894531,37.060001373291016,37.060001373291016,147714
2023-12-20 12:00:00,37.060001373291016,37.16999816894531,37.04999923706055,37.13999938964844,37.13999938964844,176371
2023-12-20 12:30:00,37.150001525878906,37.21500015258789,37.1150016784668,37.165000915527344,37.165000915527344,120833
2023-12-20 13:00:00,37.165000915527344,37.18000030517578,37.06999969482422,37.165000915527344,37.165000915527344,168955
2023-12-20 13:30:00,37.165000915527344,37.22999954223633,37.15999984741211,37.18000030517578,37.18000030517578,126609
2023-12-20 14:00:00,37.17499923706055,37.27000045776367,37.150001525878906,37.224998474121094,37.224998474121094,156104
2023-12-20 14:30:00,37.224998474121094,37.224998474121094,36.755001068115234,36.755001068115234,36.755001068115234,232453
2023-12-20 15:00:00,36.744998931884766,36.904998779296875,36.51499938964844,36.70500183105469,36.70500183105469,347030
2023-12-20 15:30:00,36.70000076293945,36.84000015258789,36.560001373291016,36.56999969482422,36.56999969482422,837448
2023-12-21 09:30:00,37.04999923706055,37.22999954223633,36.959999084472656,37.220001220703125,37.220001220703125,264292
2023-12-21 10:00:00,37.22999954223633,37.505001068115234,37.110801696777344,37.35499954223633,37.35499954223633,278421
2023-12-21 10:30:00,37.341400146484375,37.48500061035156,37.33000183105469,37.459999084472656,37.459999084472656,174071
2023-12-21 11:00:00,37.470001220703125,37.5,37.189998626708984,37.220001220703125,37.220001220703125,164974
2023-12-21 11:30:00,37.220001220703125,37.310001373291016,37.15999984741211,37.290000915527344,37.290000915527344,119536
2023-12-21 12:00:00,37.290000915527344,37.32500076293945,37.14500045776367,37.185001373291016,37.185001373291016,140882
2023-12-21 12:30:00,37.185001373291016,37.2599983215332,37.16999816894531,37.21500015258789,37.21500015258789,99145
2023-12-21 13:00:00,37.209999084472656,37.33000183105469,37.15999984741211,37.23500061035156,37.23500061035156,180397
2023-12-21 13:30:00,37.23500061035156,37.38999938964844,37.22460174560547,37.380001068115234,37.380001068115234,134104
2023-12-21 14:00:00,37.38750076293945,37.38999938964844,37.255001068115234,37.33000183105469,37.33000183105469,135442
2023-12-21 14:30:00,37.32500076293945,37.39500045776367,37.314998626708984,37.369998931884766,37.369998931884766,158853
2023-12-21 15:00:00,37.369998931884766,37.44499969482422,37.35200119018555,37.44499969482422,37.44499969482422,366464
2023-12-21 15:30:00,37.45000076293945,37.59000015258789,37.39500045776367,37.540000915527344,37.540000915527344,653059
2023-12-22 09:30:00,36.59000015258789,37.59000015258789,36.5,37.30500030517578,37.30500030517578,355779
2023-12-22 10:00:00,37.31999969482422,37.33000183105469,36.959999084472656,37.15999984741211,37.15999984741211,433248
2023-12-22 10:30:00,37.16999816894531,37.5099983215332,37.1349983215332,37.34000015258789,37.34000015258789,323286
2023-12-22 11:00:00,37.29999923706055,37.33000183105469,37.18000030517578,37.31999969482422,37.31999969482422,189678
2023-12-22 11:30:00,37.31999969482422,37.400001525878906,37.29999923706055,37.30500030517578,37.30500030517578,85331
2023-12-22 12:00:00,37.29999923706055,37.345001220703125,37.154998779296875,37.33000183105469,37.33000183105469,103375
2023-12-22 12:30:00,37.33000183105469,37.415000915527344,37.29499816894531,37.39500045776367,37.39500045776367,109497
2023-12-22 13:00:00,37.404998779296875,37.404998779296875,37.28499984741211,37.29499816894531,37.29499816894531,125416
2023-12-22 13:30:00,37.29999923706055,37.29999923706055,37.22999954223633,37.23500061035156,37.23500061035156,78394
2023-12-22 14:00:00,37.22999954223633,37.25,37.060001373291016,37.060001373291016,37.060001373291016,118281
2023-12-22 14:30:00,37.05500030517578,37.2400016784668,37.01499938964844,37.220001220703125,37.220001220703125,116207
2023-12-22 15:00:00,37.224998474121094,37.2599983215332,37.17499923706055,37.25,37.25,132770
2023-12-22 15:30:00,37.244998931884766,37.279998779296875,37.0,37.029998779296875,37.029998779296875,991814
2023-12-26 09:30:00,37.290000915527344,37.380001068115234,37.150001525878906,37.338199615478516,37.338199615478516,164311
2023-12-26 10:00:00,37.33000183105469,37.47999954223633,37.310001373291016,37.42499923706055,37.42499923706055,136902
2023-12-26 10:30:00,37.41999816894531,37.435001373291016,37.3650016784668,37.40999984741211,37.40999984741211,130660
2023-12-26 11:00:00,37.41999816894531,37.459999084472656,37.380001068115234,37.435001373291016,37.435001373291016,111569
2023-12-26 11:30:00,37.439998626708984,37.470001220703125,37.380001068115234,37.39500045776367,37.39500045776367,137938
2023-12-26 12:00:00,37.400001525878906,37.470001220703125,37.380001068115234,37.3849983215332,37.3849983215332,104840
2023-12-26 12:30:00,37.38999938964844,37.41999816894531,37.314998626708984,37.35499954223633,37.35499954223633,94429
2023-12-26 13:00:00,37.36000061035156,37.51499938964844,37.36000061035156,37.46500015258789,37.46500015258789,92857
2023-12-26 13:30:00,37.470001220703125,37.474998474121094,37.380001068115234,37.43000030517578,37.43000030517578,103887
2023-12-26 14:00:00,37.43000030517578,37.470001220703125,37.40999984741211,37.45000076293945,37.45000076293945,91039
2023-12-26 14:30:00,37.45500183105469,37.529998779296875,37.45000076293945,37.525001525878906,37.525001525878906,115961
2023-12-26 15:00:00,37.52000045776367,37.599998474121094,37.5,37.55500030517578,37.55500030517578,237005
2023-12-26 15:30:00,37.54999923706055,37.61750030517578,37.5099983215332,37.61000061035156,37.61000061035156,583922
2023-12-27 09:30:00,37.68000030517578,37.904998779296875,37.654998779296875,37.814998626708984,37.814998626708984,128456
2023-12-27 10:00:00,37.81999969482422,37.959999084472656,37.790000915527344,37.93000030517578,37.93000030517578,151342
2023-12-27 10:30:00,37.95000076293945,37.95500183105469,37.76100158691406,37.81999969482422,37.81999969482422,128702
2023-12-27 11:00:00,37.81999969482422,37.880001068115234,37.779998779296875,37.81999969482422,37.81999969482422,110763
2023-12-27 11:30:00,37.814998626708984,37.86000061035156,37.810001373291016,37.834999084472656,37.834999084472656,95367
2023-12-27 12:00:00,37.834999084472656,37.849998474121094,37.72999954223633,37.77000045776367,37.77000045776367,94152
2023-12-27 12:30:00,37.76499938964844,37.790000915527344,37.665000915527344,37.70249938964844,37.70249938964844,88644
2023-12-27 13:00:00,37.70500183105469,37.810001373291016,37.61000061035156,37.6150016784668,37.6150016784668,482589
2023-12-27 13:30:00,37.619998931884766,37.630001068115234,37.45000076293945,37.45000076293945,37.45000076293945,172158
2023-12-27 14:00:00,37.435001373291016,37.47999954223633,37.3849983215332,37.437198638916016,37.437198638916016,183896
2023-12-27 14:30:00,37.435001373291016,37.54499816894531,37.42499923706055,37.45000076293945,37.45000076293945,246062
2023-12-27 15:00:00,37.459999084472656,37.59000015258789,37.435001373291016,37.54499816894531,37.54499816894531,229027
2023-12-27 15:30:00,37.54499816894531,37.54999923706055,37.38999938964844,37.38999938964844,37.38999938964844,947860
2023-12-28 09:30:00,37.314998626708984,37.41999816894531,37.1349983215332,37.154998779296875,37.154998779296875,202510
2023-12-28 10:00:00,37.150001525878906,37.2400016784668,37.06999969482422,37.17499923706055,37.17499923706055,173393
2023-12-28 10:30:00,37.17499923706055,37.20000076293945,37.03499984741211,37.07500076293945,37.07500076293945,128703
2023-12-28 11:00:00,37.06999969482422,37.154998779296875,37.060001373291016,37.08000183105469,37.08000183105469,78354
2023-12-28 11:30:00,37.07500076293945,37.15999984741211,37.07500076293945,37.154998779296875,37.154998779296875,69636
2023-12-28 12:00:00,37.154998779296875,37.189998626708984,37.14500045776367,37.17499923706055,37.17499923706055,143100
2023-12-28 12:30:00,37.17499923706055,37.25,37.150001525878906,37.165000915527344,37.165000915527344,105822
2023-12-28 13:00:00,37.16999816894531,37.209999084472656,37.11000061035156,37.11000061035156,37.11000061035156,199582
2023-12-28 13:30:00,37.119998931884766,37.244998931884766,37.11000061035156,37.16999816894531,37.16999816894531,226953
2023-12-28 14:00:00,37.17499923706055,37.272499084472656,37.150001525878906,37.224998474121094,37.224998474121094,437968
2023-12-28 14:30:00,37.224998474121094,37.224998474121094,37.11000061035156,37.125,37.125,198107
2023-12-28 15:00:00,37.130001068115234,37.13999938964844,37.04499816894531,37.07440185546875,37.07440185546875,164078
2023-12-28 15:30:00,37.07500076293945,37.165000915527344,37.06999969482422,37.06999969482422,37.06999969482422,882549
2023-12-29 09:30:00,36.93000030517578,37.14500045776367,36.900001525878906,37.040000915527344,37.040000915527344,120532
2023-12-29 10:00:00,37.04499816894531,37.07500076293945,36.94499969482422,36.94499969482422,36.94499969482422,89344
2023-12-29 10:30:00,36.94499969482422,36.959999084472656,36.834999084472656,36.926998138427734,36.926998138427734,90915
2023-12-29 11:00:00,36.91999816894531,36.93000030517578,36.72999954223633,36.7400016784668,36.7400016784668,253365
2023-12-29 11:30:00,36.72999954223633,36.810001373291016,36.70500183105469,36.72999954223633,36.72999954223633,266199
2023-12-29 12:00:00,36.73500061035156,36.79999923706055,36.630001068115234,36.650001525878906,36.650001525878906,188036
2023-12-29 12:30:00,36.63999938964844,36.77000045776367,36.61000061035156,36.7599983215332,36.7599983215332,163142
2023-12-29 13:00:00,36.77000045776367,36.790000915527344,36.720001220703125,36.7599983215332,36.7599983215332,296489
2023-12-29 13:30:00,36.76499938964844,36.814998626708984,36.7400016784668,36.744998931884766,36.744998931884766,214541
2023-12-29 14:00:00,36.75,36.75,36.68000030517578,36.70500183105469,36.70500183105469,243949
2023-12-29 14:30:00,36.70500183105469,36.77000045776367,36.70500183105469,36.77000045776367,36.77000045776367,219959
2023-12-29 15:00:00,36.76499938964844,36.77000045776367,36.68000030517578,36.77000045776367,36.77000045776367,298057
2023-12-29 15:30:00,36.77000045776367,36.85499954223633,36.755001068115234,36.79999923706055,36.79999923706055,1044216
2024-01-02 09:30:00,36.810001373291016,37.77000045776367,36.70000076293945,37.730201721191406,37.730201721191406,495084
2024-01-02 10:00:00,37.7400016784668,38.154998779296875,37.7400016784668,38.130001068115234,38.130001068115234,417150
2024-01-02 10:30:00,38.130001068115234,38.15999984741211,37.89500045776367,37.959999084472656,37.959999084472656,306658
2024-01-02 11:00:00,37.95500183105469,38.2400016784668,37.939998626708984,38.20000076293945,38.20000076293945,260042
2024-01-02 11:30:00,38.189998626708984,38.29999923706055,38.16999816894531,38.224998474121094,38.224998474121094,263440
2024-01-02 12:00:00,38.224998474121094,38.36000061035156,38.150001525878906,38.23500061035156,38.23500061035156,204067
2024-01-02 12:30:00,38.23749923706055,38.345001220703125,38.16999816894531,38.33000183105469,38.33000183105469,177727
2024-01-02 13:00:00,38.31999969482422,38.45000076293945,38.220001220703125,38.415000915527344,38.415000915527344,136547
2024-01-02 13:30:00,38.40999984741211,38.480098724365234,38.369998931884766,38.400001525878906,38.400001525878906,142864
2024-01-02 14:00:00,38.404998779296875,38.45000076293945,38.15999984741211,38.20000076293945,38.20000076293945,190161
2024-01-02 14:30:00,38.189998626708984,38.3650016784668,38.183101654052734,38.23500061035156,38.23500061035156,255406
2024-01-02 15:00:00,38.23500061035156,38.23500061035156,38.060001373291016,38.14500045776367,38.14500045776367,292772
2024-01-02 15:30:00,38.13999938964844,38.20000076293945,37.994998931884766,38.16999816894531,38.16999816894531,829946
2024-01-03 09:30:00,37.68000030517578,37.72999954223633,37.470001220703125,37.5,37.5,259211
2024-01-03 10:00:00,37.4900016784668,37.68000030517578,37.25,37.32929992675781,37.32929992675781,397676
2024-01-03 10:30:00,37.32500076293945,37.3650016784668,37.00849914550781,37.20000076293945,37.20000076293945,240574
2024-01-03 11:00:00,37.220001220703125,37.38999938964844,37.220001220703125,37.310001373291016,37.310001373291016,170937
2024-01-03 11:30:00,37.314998626708984,37.375,37.170101165771484,37.185001373291016,37.185001373291016,216948
2024-01-03 12:00:00,37.189998626708984,37.30500030517578,37.14500045776367,37.26499938964844,37.26499938964844,152106
2024-01-03 12:30:00,37.27000045776367,37.36000061035156,37.18000030517578,37.349998474121094,37.349998474121094,292838
2024-01-03 13:00:00,37.345001220703125,37.375,37.279998779296875,37.29999923706055,37.29999923706055,217085
2024-01-03 13:30:00,37.29999923706055,37.310001373291016,37.15999984741211,37.165000915527344,37.165000915527344,143518
2024-01-03 14:00:00,37.15999984741211,37.2400016784668,36.96500015258789,37.209999084472656,37.209999084472656,227078
2024-01-03 14:30:00,37.21500015258789,37.29499816894531,37.1150016784668,37.14500045776367,37.14500045776367,246552
2024-01-03 15:00:00,37.14500045776367,37.14500045776367,36.82500076293945,36.880001068115234,36.880001068115234,265082
2024-01-03 15:30:00,36.8849983215332,36.94499969482422,36.75,36.845001220703125,36.845001220703125,922582
2024-01-04 09:30:00,36.939998626708984,37.099998474121094,36.81999969482422,36.970001220703125,36.970001220703125,248539
2024-01-04 10:00:00,36.96500015258789,37.099998474121094,36.939998626708984,37.04999923706055,37.04999923706055,213550
2024-01-04 10:30:00,37.04999923706055,37.084999084472656,36.810001373291016,36.939998626708984,36.939998626708984,630057
2024-01-04 11:00:00,36.935001373291016,37.060001373291016,36.92499923706055,36.93000030517578,36.93000030517578,145674
2024-01-04 11:30:00,36.939998626708984,37.005001068115234,36.849998474121094,36.875,36.875,141339
2024-01-04 12:00:00,36.869998931884766,36.92499923706055,36.75,36.900001525878906,36.900001525878906,163087
2024-01-04 12:30:00,36.90810012817383,36.93000030517578,36.77299880981445,36.82500076293945,36.82500076293945,166382
2024-01-04 13:00:00,36.81999969482422,36.91999816894531,36.7400016784668,36.91999816894531,36.91999816894531,153324
2024-01-04 13:30:00,36.915000915527344,37.07500076293945,36.904998779296875,37.0,37.0,250042
2024-01-04 14:00:00,37.0,37.02000045776367,36.84000015258789,36.845001220703125,36.845001220703125,126796
2024-01-04 14:30:00,36.84000015258789,36.849998474121094,36.720001220703125,36.76750183105469,36.76750183105469,144985
2024-01-04 15:00:00,36.76499938964844,36.849998474121094,36.744998931884766,36.779998779296875,36.779998779296875,249845
2024-01-04 15:30:00,36.78499984741211,36.900001525878906,36.779998779296875,36.900001525878906,36.900001525878906,740098
2024-01-05 09:30:00,36.790000915527344,37.525001525878906,36.75,37.5099983215332,37.5099983215332,169806
2024-01-05 10:00:00,37.52000045776367,37.80500030517578,37.52000045776367,37.69499969482422,37.69499969482422,255345
2024-01-05 10:30:00,37.70000076293945,37.72999954223633,37.48500061035156,37.540000915527344,37.540000915527344,156479
2024-01-05 11:00:00,37.540000915527344,37.6349983215332,37.380001068115234,37.43000030517578,37.43000030517578,146997
2024-01-05 11:30:00,37.439998626708984,37.48500061035156,37.35499954223633,37.38999938964844,37.38999938964844,103310
2024-01-05 12:00:00,37.38999938964844,37.404998779296875,37.2599983215332,37.36000061035156,37.36000061035156,119916
2024-01-05 12:30:00,37.369998931884766,37.41999816894531,37.310001373291016,37.334999084472656,37.334999084472656,100039
2024-01-05 13:00:00,37.334999084472656,37.40999984741211,37.2599983215332,37.40999984741211,37.40999984741211,105826
2024-01-05 13:30:00,37.40999984741211,37.54499816894531,37.40999984741211,37.439998626708984,37.439998626708984,119875
2024-01-05 14:00:00,37.439998626708984,37.540000915527344,37.404998779296875,37.48500061035156,37.48500061035156,148535
2024-01-05 14:30:00,37.48500061035156,37.5099983215332,37.15999984741211,37.189998626708984,37.189998626708984,328766
2024-01-05 15:00:00,37.189998626708984,37.279998779296875,37.13999938964844,37.23500061035156,37.23500061035156,267076
2024-01-05 15:30:00,37.22999954223633,37.369998931884766,37.220001220703125,37.32500076293945,37.32500076293945,789746
2024-01-08 09:30:00,37.290000915527344,37.69499969482422,37.25,37.63999938964844,37.63999938964844,233069
2024-01-08 10:00:00,37.630001068115234,37.689998626708984,37.5,37.64500045776367,37.64500045776367,165831
2024-01-08 10:30:00,37.650001525878906,37.849998474121094,37.650001525878906,37.67499923706055,37.67499923706055,170490
2024-01-08 11:00:00,37.709999084472656,37.837501525878906,37.665000915527344,37.790000915527344,37.790000915527344,172052
2024-01-08 11:30:00,37.78499984741211,37.900001525878906,37.720001220703125,37.86000061035156,37.86000061035156,155868
2024-01-08 12:00:00,37.86000061035156,37.95000076293945,37.86000061035156,37.939998626708984,37.939998626708984,84873
2024-01-08 12:30:00,37.939998626708984,38.04750061035156,37.939998626708984,38.0099983215332,38.0099983215332,125234
2024-01-08 13:00:00,38.0099983215332,38.165000915527344,37.97999954223633,38.1349983215332,38.1349983215332,195987
2024-01-08 13:30:00,38.1349983215332,38.23500061035156,38.1349983215332,38.189998626708984,38.189998626708984,172579
2024-01-08 14:00:00,38.185001373291016,38.27000045776367,38.14500045776367,38.27000045776367,38.27000045776367,114401
2024-01-08 14:30:00,38.27000045776367,38.349998474121094,38.220001220703125,38.224998474121094,38.224998474121094,275301
2024-01-08 15:00:00,38.224998474121094,38.27000045776367,38.16999816894531,38.20500183105469,38.20500183105469,199526
2024-01-08 15:30:00,38.20500183105469,38.22999954223633,38.09000015258789,38.09000015258789,38.09000015258789,649728
2024-01-09 09:30:00,37.56999969482422,37.82500076293945,37.4900016784668,37.619998931884766,37.619998931884766,175828
2024-01-09 10:00:00,37.619998931884766,37.630001068115234,37.375,37.404998779296875,37.404998779296875,145364
2024-01-09 10:30:00,37.4098014831543,37.459999084472656,37.220001220703125,37.290000915527344,37.290000915527344,185396
2024-01-09 11:00:00,37.290000915527344,37.33000183105469,37.165000915527344,37.27000045776367,37.27000045776367,174922
2024-01-09 11:30:00,37.27000045776367,37.35499954223633,37.209999084472656,37.35499954223633,37.35499954223633,128257
2024-01-09 12:00:00,37.36000061035156,37.47999954223633,37.28499984741211,37.474998474121094,37.474998474121094,171574
2024-01-09 12:30:00,37.47999954223633,37.529998779296875,37.45500183105469,37.474998474121094,37.474998474121094,97898
2024-01-09 13:00:00,37.474998474121094,37.57500076293945,37.474998474121094,37.4900016784668,37.4900016784668,84978
2024-01-09 13:30:00,37.4900016784668,37.630001068115234,37.439998626708984,37.560001373291016,37.560001373291016,97101
2024-01-09 14:00:00,37.564998626708984,37.61000061035156,37.48500061035156,37.494998931884766,37.494998931884766,81574
2024-01-09 14:30:00,37.494998931884766,37.70000076293945,37.48500061035156,37.69499969482422,37.69499969482422,145072
2024-01-09 15:00:00,37.69499969482422,37.755001068115234,37.59000015258789,37.59000015258789,37.59000015258789,177322
2024-01-09 15:30:00,37.595001220703125,37.595001220703125,37.41999816894531,37.45000076293945,37.45000076293945,527035
2024-01-10 09:30:00,37.47999954223633,37.58000183105469,37.08000183105469,37.22999954223633,37.22999954223633,190863
2024-01-10 10:00:00,37.22999954223633,37.29499816894531,37.11000061035156,37.26499938964844,37.26499938964844,142505
2024-01-10 10:30:00,37.27000045776367,37.30500030517578,37.21500015258789,37.279998779296875,37.279998779296875,84201
2024-01-10 11:00:00,37.28499984741211,37.3849983215332,37.279998779296875,37.3650016784668,37.3650016784668,91412
2024-01-10 11:30:00,37.369998931884766,37.41999816894531,37.310001373291016,37.41999816894531,37.41999816894531,97502
2024-01-10 12:00:00,37.415000915527344,37.47999954223633,37.369998931884766,37.41999816894531,37.41999816894531,96085
2024-01-10 12:30:00,37.41999816894531,37.45500183105469,37.380001068115234,37.439998626708984,37.439998626708984,69161
2024-01-10 13:00:00,37.435001373291016,37.45000076293945,37.345001220703125,37.380001068115234,37.380001068115234,77922
2024-01-10 13:30:00,37.380001068115234,37.44499969482422,37.3650016784668,37.43000030517578,37.43000030517578,75251
2024-01-10 14:00:00,37.4385986328125,37.560001373291016,37.40999984741211,37.54499816894531,37.54499816894531,91442
2024-01-10 14:30:00,37.54499816894531,37.61000061035156,37.4900016784668,37.61000061035156,37.61000061035156,123469
2024-01-10 15:00:00,37.61000061035156,37.665000915527344,37.56999969482422,37.6150016784668,37.6150016784668,178813
2024-01-10 15:30:00,37.61000061035156,37.630001068115234,37.43000030517578,37.4900016784668,37.4900016784668,554784
2024-01-11 09:30:00,37.439998626708984,37.65999984741211,37.16999816894531,37.27000045776367,37.27000045776367,167706
2024-01-11 10:00:00,37.27000045776367,37.27000045776367,36.98500061035156,37.064998626708984,37.064998626708984,177424
2024-01-11 10:30:00,37.060001373291016,37.20000076293945,37.060001373291016,37.10499954223633,37.10499954223633,129745
2024-01-11 11:00:00,37.11000061035156,37.13999938964844,37.040000915527344,37.125,37.125,152341
2024-01-11 11:30:00,37.119998931884766,37.16999816894531,37.060001373291016,37.119998931884766,37.119998931884766,109241
2024-01-11 12:00:00,37.119998931884766,37.25,37.11000061035156,37.185001373291016,37.185001373291016,90403
2024-01-11 12:30:00,37.185001373291016,37.345001220703125,37.185001373291016,37.345001220703125,37.345001220703125,82242
2024-01-11 13:00:00,37.34000015258789,37.45500183105469,37.334999084472656,37.439998626708984,37.439998626708984,167936
2024-01-11 13:30:00,37.44499969482422,37.494998931884766,37.3650016784668,37.48500061035156,37.48500061035156,126443
2024-01-11 14:00:00,37.5,37.630001068115234,37.48500061035156,37.6150016784668,37.6150016784668,97377
2024-01-11 14:30:00,37.625,37.68000030517578,37.56999969482422,37.654998779296875,37.654998779296875,126306
2024-01-11 15:00:00,37.65999984741211,37.66999816894531,37.529998779296875,37.59000015258789,37.59000015258789,137870
2024-01-11 15:30:00,37.59000015258789,37.6775016784668,37.560001373291016,37.650001525878906,37.650001525878906,492236
2024-01-12 09:30:00,37.7400016784668,38.0,37.06999969482422,37.06999969482422,37.06999969482422,433630
2024-01-12 10:00:00,37.08000183105469,37.08000183105469,36.67250061035156,36.70000076293945,36.70000076293945,317848
2024-01-12 10:30:00,36.70500183105469,36.73500061035156,36.41999816894531,36.47999954223633,36.47999954223633,371008
2024-01-12 11:00:00,36.474998474121094,36.67499923706055,36.45500183105469,36.59000015258789,36.59000015258789,303397
2024-01-12 11:30:00,36.599998474121094,36.630001068115234,36.4900016784668,36.5,36.5,216845
2024-01-12 12:00:00,36.5,36.525001525878906,36.33000183105469,36.44499969482422,36.44499969482422,223131
2024-01-12 12:30:00,36.439998626708984,36.44499969482422,36.345001220703125,36.380001068115234,36.380001068115234,116528
2024-01-12 13:00:00,36.3849983215332,36.529998779296875,36.3849983215332,36.5,36.5,113628
2024-01-12 13:30:00,36.5099983215332,36.529998779296875,36.40999984741211,36.44499969482422,36.44499969482422,172436
2024-01-12 14:00:00,36.44499969482422,36.470001220703125,36.34000015258789,36.400001525878906,36.400001525878906,121540
2024-01-12 14:30:00,36.3849983215332,36.45000076293945,36.33000183105469,36.42499923706055,36.42499923706055,143386
2024-01-12 15:00:00,36.42499923706055,36.4900016784668,36.33000183105469,36.3650016784668,36.3650016784668,227603
2024-01-12 15:30:00,36.369998931884766,36.41999816894531,36.32500076293945,36.349998474121094,36.349998474121094,796908
2024-01-16 09:30:00,36.0099983215332,36.0099983215332,35.4900016784668,35.720001220703125,35.720001220703125,376439
2024-01-16 10:00:00,35.71500015258789,36.040000915527344,35.70500183105469,36.040000915527344,36.040000915527344,185843
2024-01-16 10:30:00,36.04499816894531,36.314998626708984,36.005001068115234,36.20000076293945,36.20000076293945,184185
2024-01-16 11:00:00,36.19499969482422,36.31999969482422,36.07500076293945,36.22999954223633,36.22999954223633,210225
2024-01-16 11:30:00,36.22999954223633,36.33000183105469,36.21500015258789,36.33000183105469,36.33000183105469,124318
2024-01-16 12:00:00,36.33000183105469,36.3849983215332,36.275001525878906,36.349998474121094,36.349998474121094,148893
2024-01-16 12:30:00,36.349998474121094,36.3849983215332,36.310001373291016,36.349998474121094,36.349998474121094,110351
2024-01-16 13:00:00,36.345001220703125,36.40999984741211,36.334999084472656,36.380001068115234,36.380001068115234,128246
2024-01-16 13:30:00,36.3849983215332,36.400001525878906,36.19499969482422,36.224998474121094,36.224998474121094,137694
2024-01-16 14:00:00,36.220001220703125,36.34000015258789,36.21500015258789,36.29999923706055,36.29999923706055,120959
2024-01-16 14:30:00,36.29499816894531,36.37630081176758,36.27000045776367,36.369998931884766,36.369998931884766,118342
2024-01-16 15:00:00,36.369998931884766,36.47999954223633,36.345001220703125,36.439998626708984,36.439998626708984,187568
2024-01-16 15:30:00,36.439998626708984,36.47999954223633,36.369998931884766,36.459999084472656,36.459999084472656,560884
2024-01-17 09:30:00,36.27000045776367,36.290000915527344,35.8650016784668,35.88999938964844,35.88999938964844,412499
2024-01-17 10:00:00,35.88999938964844,36.0463981628418,35.83000183105469,35.834999084472656,35.834999084472656,176264
2024-01-17 10:30:00,35.83000183105469,35.915000915527344,35.7400016784668,35.875,35.875,252658
2024-01-17 11:00:00,35.880001068115234,35.90999984741211,35.779998779296875,35.85499954223633,35.85499954223633,134126
2024-01-17 11:30:00,35.849998474121094,35.935001373291016,35.79999923706055,35.83000183105469,35.83000183105469,133876
2024-01-17 12:00:00,35.83000183105469,35.8650016784668,35.77000045776367,35.82500076293945,35.82500076293945,123855
2024-01-17 12:30:00,35.83000183105469,35.8650016784668,35.79499816894531,35.81999969482422,35.81999969482422,97344
2024-01-17 13:00:00,35.81999969482422,35.82889938354492,35.71500015258789,35.755001068115234,35.755001068115234,73995
2024-01-17 13:30:00,35.755001068115234,35.79999923706055,35.70500183105469,35.79999923706055,35.79999923706055,112933
2024-01-17 14:00:00,35.79999923706055,35.83000183105469,35.7599983215332,35.80500030517578,35.80500030517578,94797
2024-01-17 14:30:00,35.80500030517578,35.880001068115234,35.79499816894531,35.82500076293945,35.82500076293945,98818
2024-01-17 15:00:00,35.81999969482422,35.81999969482422,35.720001220703125,35.755001068115234,35.755001068115234,136414
2024-01-17 15:30:00,35.755001068115234,35.91999816894531,35.744998931884766,35.84000015258789,35.84000015258789,598326
2024-01-18 09:30:00,36.099998474121094,36.15999984741211,35.599998474121094,35.68000030517578,35.68000030517578,146953
2024-01-18 10:00:00,35.689998626708984,35.79999923706055,35.630001068115234,35.67499923706055,35.67499923706055,126937
2024-01-18 10:30:00,35.68000030517578,35.75,35.349998474121094,35.369998931884766,35.369998931884766,145278
2024-01-18 11:00:00,35.36000061035156,35.46500015258789,35.314998626708984,35.459999084472656,35.459999084472656,134666
2024-01-18 11:30:00,35.459999084472656,35.5099983215332,35.310001373291016,35.38999938964844,35.38999938964844,166740
2024-01-18 12:00:00,35.38999938964844,35.400001525878906,35.29999923706055,35.36000061035156,35.36000061035156,104891
2024-01-18 12:30:00,35.36000061035156,35.380001068115234,35.29999923706055,35.33000183105469,35.33000183105469,225254
2024-01-18 13:00:00,35.34000015258789,35.36000061035156,35.2599983215332,35.290000915527344,35.290000915527344,72208
2024-01-18 13:30:00,35.279998779296875,35.439998626708984,35.279998779296875,35.435001373291016,35.435001373291016,72874
2024-01-18 14:00:00,35.43000030517578,35.60499954223633,35.43000030517578,35.59000015258789,35.59000015258789,84329
2024-01-18 14:30:00,35.599998474121094,35.625,35.55500030517578,35.595001220703125,35.595001220703125,129165
2024-01-18 15:00:00,35.599998474121094,35.720001220703125,35.560001373291016,35.720001220703125,35.720001220703125,133794
2024-01-18 15:30:00,35.72999954223633,35.84000015258789,35.674800872802734,35.81999969482422,35.81999969482422,484809
2024-01-19 09:30:00,35.880001068115234,35.9275016784668,35.52000045776367,35.7400016784668,35.7400016784668,212907
2024-01-19 10:00:00,35.77000045776367,35.810001373291016,35.65999984741211,35.75,35.75,120304
2024-01-19 10:30:00,35.72999954223633,35.77000045776367,35.59000015258789,35.7400016784668,35.7400016784668,215360
2024-01-19 11:00:00,35.720001220703125,35.83000183105469,35.650001525878906,35.79499816894531,35.79499816894531,90926
2024-01-19 11:30:00,35.790000915527344,35.83000183105469,35.724998474121094,35.81999969482422,35.81999969482422,89216
2024-01-19 12:00:00,35.814998626708984,35.93000030517578,35.7599983215332,35.915000915527344,35.915000915527344,94731
2024-01-19 12:30:00,35.91999816894531,36.11000061035156,35.89899826049805,36.11000061035156,36.11000061035156,112868
2024-01-19 13:00:00,36.11000061035156,36.275001525878906,36.04499816894531,36.27000045776367,36.27000045776367,153655
2024-01-19 13:30:00,36.26499938964844,36.41999816894531,36.25,36.39500045776367,36.39500045776367,169953
2024-01-19 14:00:00,36.39250183105469,36.630001068115234,36.380001068115234,36.61000061035156,36.61000061035156,127989
2024-01-19 14:30:00,36.619998931884766,36.709999084472656,36.529998779296875,36.689998626708984,36.689998626708984,333841
2024-01-19 15:00:00,36.685001373291016,36.71500015258789,36.54999923706055,36.560001373291016,36.560001373291016,160533
2024-01-19 15:30:00,36.560001373291016,36.650001525878906,36.540000915527344,36.650001525878906,36.650001525878906,469210
2024-01-22 09:30:00,36.70000076293945,37.26499938964844,36.70000076293945,37.2599983215332,37.2599983215332,323052
2024-01-22 10:00:00,37.2599983215332,37.40999984741211,37.1525993347168,37.310001373291016,37.310001373291016,225281
2024-01-22 10:30:00,37.310001373291016,37.349998474121094,37.18000030517578,37.345001220703125,37.345001220703125,194292
2024-01-22 11:00:00,37.349998474121094,37.36000061035156,37.154998779296875,37.168701171875,37.168701171875,109890
2024-01-22 11:30:00,37.154998779296875,37.244998931884766,37.10499954223633,37.220001220703125,37.220001220703125,112765
2024-01-22 12:00:00,37.220001220703125,37.33000183105469,37.20500183105469,37.31010055541992,37.31010055541992,123586
2024-01-22 12:30:00,37.31999969482422,37.3849983215332,37.290000915527344,37.3849983215332,37.3849983215332,140104
2024-01-22 13:00:00,37.3849983215332,37.40999984741211,37.220001220703125,37.23500061035156,37.23500061035156,111385
2024-01-22 13:30:00,37.23500061035156,37.290000915527344,37.209999084472656,37.244998931884766,37.244998931884766,91619
2024-01-22 14:00:00,37.244998931884766,37.32500076293945,37.14500045776367,37.2400016784668,37.2400016784668,115614
2024-01-22 14:30:00,37.2400016784668,37.27000045776367,37.209999084472656,37.22999954223633,37.22999954223633,105559
2024-01-22 15:00:00,37.22999954223633,37.40999984741211,37.165000915527344,37.39500045776367,37.39500045776367,169882
2024-01-22 15:30:00,37.39500045776367,37.529998779296875,37.36000061035156,37.459999084472656,37.459999084472656,671442
2024-01-23 09:30:00,37.86000061035156,38.220001220703125,37.755001068115234,37.9900016784668,37.9900016784668,339202
2024-01-23 10:00:00,38.0099983215332,38.11000061035156,37.810001373291016,37.880001068115234,37.880001068115234,298162
2024-01-23 10:30:00,37.8650016784668,37.8650016784668,37.45500183105469,37.46500015258789,37.46500015258789,199437
2024-01-23 11:00:00,37.470001220703125,37.65999984741211,37.45500183105469,37.595001220703125,37.595001220703125,181258
2024-01-23 11:30:00,37.59000015258789,37.720001220703125,37.48500061035156,37.720001220703125,37.720001220703125,147926
2024-01-23 12:00:00,37.724998474121094,37.7599983215332,37.6150016784668,37.67499923706055,37.67499923706055,140558
2024-01-23 12:30:00,37.67499923706055,37.71500015258789,37.58000183105469,37.70500183105469,37.70500183105469,100085
2024-01-23 13:00:00,37.70500183105469,37.755001068115234,37.619998931884766,37.63999938964844,37.63999938964844,131550
2024-01-23 13:30:00,37.650001525878906,37.75,37.61000061035156,37.727500915527344,37.727500915527344,121412
2024-01-23 14:00:00,37.720001220703125,37.75,37.630001068115234,37.70000076293945,37.70000076293945,185680
2024-01-23 14:30:00,37.70000076293945,37.81990051269531,37.68000030517578,37.814998626708984,37.814998626708984,211379
2024-01-23 15:00:00,37.814998626708984,37.845001220703125,37.71500015258789,37.79999923706055,37.79999923706055,242104
2024-01-23 15:30:00,37.79999923706055,37.79999923706055,37.63999938964844,37.650001525878906,37.650001525878906,693255
2024-01-24 09:30:00,37.970001220703125,38.29999923706055,37.89500045776367,38.18000030517578,38.18000030517578,190309
2024-01-24 10:00:00,38.15999984741211,38.16999816894531,37.959999084472656,38.130001068115234,38.130001068115234,257238
2024-01-24 10:30:00,38.119998931884766,38.38999938964844,38.040000915527344,38.18000030517578,38.18000030517578,220187
2024-01-24 11:00:00,38.189998626708984,38.275001525878906,38.125,38.255001068115234,38.255001068115234,148157
2024-01-24 11:30:00,38.255001068115234,38.26499938964844,38.185001373291016,38.209999084472656,38.209999084472656,103320
2024-01-24 12:00:00,38.20500183105469,38.20500183105469,37.94499969482422,37.97999954223633,37.97999954223633,84482
2024-01-24 12:30:00,37.9900016784668,38.01499938964844,37.834598541259766,37.93000030517578,37.93000030517578,120943
2024-01-24 13:00:00,37.92499923706055,37.970001220703125,37.814998626708984,37.82500076293945,37.82500076293945,125446
2024-01-24 13:30:00,37.82500076293945,37.83000183105469,37.70500183105469,37.77000045776367,37.77000045776367,100312
2024-01-24 14:00:00,37.77000045776367,37.790000915527344,37.66999816894531,37.709999084472656,37.709999084472656,70714
2024-01-24 14:30:00,37.709999084472656,37.790000915527344,37.63999938964844,37.689998626708984,37.689998626708984,145822
2024-01-24 15:00:00,37.69499969482422,37.75,37.540000915527344,37.540000915527344,37.540000915527344,150467
2024-01-24 15:30:00,37.53499984741211,37.63999938964844,37.5099983215332,37.540000915527344,37.540000915527344,447776
2024-01-25 09:30:00,37.880001068115234,38.040000915527344,37.724998474121094,37.91999816894531,37.91999816894531,173034
2024-01-25 10:00:00,37.939998626708984,38.04499816894531,37.93000030517578,37.96500015258789,37.96500015258789,196720
2024-01-25 10:30:00,37.970001220703125,38.004600524902344,37.71500015258789,37.7599983215332,37.7599983215332,140804
2024-01-25 11:00:00,37.75,37.994998931884766,37.7400016784668,37.98500061035156,37.98500061035156,130645
2024-01-25 11:30:00,37.97999954223633,38.150001525878906,37.939998626708984,37.9900016784668,37.9900016784668,329002
2024-01-25 12:00:00,37.994998931884766,38.084999084472656,37.98500061035156,38.03499984741211,38.03499984741211,113476
2024-01-25 12:30:00,38.040000915527344,38.04499816894531,37.900001525878906,37.95500183105469,37.95500183105469,95076
2024-01-25 13:00:00,37.95500183105469,38.099998474121094,37.95500183105469,37.9900016784668,37.9900016784668,168171
2024-01-25 13:30:00,37.994998931884766,38.09000015258789,37.974998474121094,38.04499816894531,38.04499816894531,126143
2024-01-25 14:00:00,38.040000915527344,38.2400016784668,38.005001068115234,38.20500183105469,38.20500183105469,202353
2024-01-25 14:30:00,38.20500183105469,38.2599983215332,38.150001525878906,38.220001220703125,38.220001220703125,206397
2024-01-25 15:00:00,38.21500015258789,38.2599983215332,38.130001068115234,38.2599983215332,38.2599983215332,197216
2024-01-25 15:30:00,38.255001068115234,38.369998931884766,38.209999084472656,38.27000045776367,38.27000045776367,778998
2024-01-26 09:30:00,39.20000076293945,40.099998474121094,38.90999984741211,39.0099983215332,39.0099983215332,656569
2024-01-26 10:00:00,39.0,39.209999084472656,38.88999938964844,39.130001068115234,39.130001068115234,191494
2024-01-26 10:30:00,39.130001068115234,39.2400016784668,38.970001220703125,39.2400016784668,39.2400016784668,193736
2024-01-26 11:00:00,39.2400016784668,39.310001373291016,38.95000076293945,39.029998779296875,39.029998779296875,216016
2024-01-26 11:30:00,39.0099983215332,39.25,38.97119903564453,39.25,39.25,234846
2024-01-26 12:00:00,39.25,39.2599983215332,39.099998474121094,39.1349983215332,39.1349983215332,131570
2024-01-26 12:30:00,39.130001068115234,39.130001068115234,38.95000076293945,39.119998931884766,39.119998931884766,162541
2024-01-26 13:00:00,39.11750030517578,39.224998474121094,39.060001373291016,39.220001220703125,39.220001220703125,185482
2024-01-26 13:30:00,39.224998474121094,39.2599983215332,39.18000030517578,39.209999084472656,39.209999084472656,173392
2024-01-26 14:00:00,39.20500183105469,39.23500061035156,39.090999603271484,39.119998931884766,39.119998931884766,157287
2024-01-26 14:30:00,39.119998931884766,39.220001220703125,39.07500076293945,39.20500183105469,39.20500183105469,151167
2024-01-26 15:00:00,39.209999084472656,39.224998474121094,39.1150016784668,39.119998931884766,39.119998931884766,178665
2024-01-26 15:30:00,39.119998931884766,39.15999984741211,38.95000076293945,38.970001220703125,38.970001220703125,758311
2024-01-29 09:30:00,38.900001525878906,39.130001068115234,38.79999923706055,39.119998931884766,39.119998931884766,176579
2024-01-29 10:00:00,39.130001068115234,39.310001373291016,39.03499984741211,39.03499984741211,39.03499984741211,168379
2024-01-29 10:30:00,39.03499984741211,39.154998779296875,38.99100112915039,39.060001373291016,39.060001373291016,116812
2024-01-29 11:00:00,39.06999969482422,39.16999816894531,39.060001373291016,39.11000061035156,39.11000061035156,156165
2024-01-29 11:30:00,39.11000061035156,39.130001068115234,39.060001373291016,39.09000015258789,39.09000015258789,119329
2024-01-29 12:00:00,39.08000183105469,39.099998474121094,39.01499938964844,39.09000015258789,39.09000015258789,91141
2024-01-29 12:30:00,39.09000015258789,39.31999969482422,39.09000015258789,39.14500045776367,39.14500045776367,174323
2024-01-29 13:00:00,39.150001525878906,39.2599983215332,39.09000015258789,39.23500061035156,39.23500061035156,126292
2024-01-29 13:30:00,39.2400016784668,39.29999923706055,39.192501068115234,39.290000915527344,39.290000915527344,205138
2024-01-29 14:00:00,39.279998779296875,39.3849983215332,39.27000045776367,39.375,39.375,171644
2024-01-29 14:30:00,39.375,39.38999938964844,39.29999923706055,39.32500076293945,39.32500076293945,116270
2024-01-29 15:00:00,39.33000183105469,39.560001373291016,39.32500076293945,39.5099983215332,39.5099983215332,195832
2024-01-29 15:30:00,39.52000045776367,39.70000076293945,39.4818000793457,39.63999938964844,39.63999938964844,661340
2024-01-30 09:30:00,39.20000076293945,39.470001220703125,39.189998626708984,39.41999816894531,39.41999816894531,274310
2024-01-30 10:00:00,39.40999984741211,39.529998779296875,39.31999969482422,39.47359848022461,39.47359848022461,183473
2024-01-30 10:30:00,39.470001220703125,39.47999954223633,39.369998931884766,39.435001373291016,39.435001373291016,136514
2024-01-30 11:00:00,39.43000030517578,39.47999954223633,39.33000183105469,39.33000183105469,39.33000183105469,93483
2024-01-30 11:30:00,39.30500030517578,39.48500061035156,39.26499938964844,39.474998474121094,39.474998474121094,112710
2024-01-30 12:00:00,39.470001220703125,39.564998626708984,39.44499969482422,39.52000045776367,39.52000045776367,74819
2024-01-30 12:30:00,39.51499938964844,39.53499984741211,39.46500015258789,39.494998931884766,39.494998931884766,75270
2024-01-30 13:00:00,39.494998931884766,39.564998626708984,39.44499969482422,39.564998626708984,39.564998626708984,93823
2024-01-30 13:30:00,39.56999969482422,39.599998474121094,39.31999969482422,39.380001068115234,39.380001068115234,151880
2024-01-30 14:00:00,39.3849983215332,39.435001373291016,39.30500030517578,39.400001525878906,39.400001525878906,124124
2024-01-30 14:30:00,39.400001525878906,39.54999923706055,39.39500045776367,39.525001525878906,39.525001525878906,118339
2024-01-30 15:00:00,39.525001525878906,39.54499816894531,39.459999084472656,39.459999084472656,39.459999084472656,159675
2024-01-30 15:30:00,39.46500015258789,39.52000045776367,39.40999984741211,39.45000076293945,39.45000076293945,505788
2024-01-31 09:30:00,39.38999938964844,39.709999084472656,39.29999923706055,39.584999084472656,39.584999084472656,175205
2024-01-31 10:00:00,39.584999084472656,39.619998931884766,39.28499984741211,39.459999084472656,39.459999084472656,188478
2024-01-31 10:30:00,39.470001220703125,39.53499984741211,39.38999938964844,39.5,39.5,126899
2024-01-31 11:00:00,39.494998931884766,39.529998779296875,39.310001373291016,39.31999969482422,39.31999969482422,109296
2024-01-31 11:30:00,39.33000183105469,39.34000015258789,39.15999984741211,39.29999923706055,39.29999923706055,100927
2024-01-31 12:00:00,39.29999923706055,39.38999938964844,39.27000045776367,39.3650016784668,39.3650016784668,104041
2024-01-31 12:30:00,39.369998931884766,39.369998931884766,39.119998931884766,39.28010177612305,39.28010177612305,112745
2024-01-31 13:00:00,39.28049850463867,39.28499984741211,39.11000061035156,39.13999938964844,39.13999938964844,54612
2024-01-31 13:30:00,39.149898529052734,39.26499938964844,39.14500045776367,39.2400016784668,39.2400016784668,69946
2024-01-31 14:00:00,39.2400016784668,39.279998779296875,39.029998779296875,39.095001220703125,39.095001220703125,155281
2024-01-31 14:30:00,39.099998474121094,39.505001068115234,39.040000915527344,39.04999923706055,39.04999923706055,238164
2024-01-31 15:00:00,39.040000915527344,39.06999969482422,38.709999084472656,38.97999954223633,38.97999954223633,435929
2024-01-31 15:30:00,38.97999954223633,39.029998779296875,38.775001525878906,38.779998779296875,38.779998779296875,675370
2024-02-01 09:30:00,39.040000915527344,39.40999984741211,39.040000915527344,39.185001373291016,39.185001373291016,225124
2024-02-01 10:00:00,39.125,39.59000015258789,39.0099983215332,39.58000183105469,39.58000183105469,181256
2024-02-01 10:30:00,39.564701080322266,39.609901428222656,39.060001373291016,39.060001373291016,39.060001373291016,263980
2024-02-01 11:00:00,39.06829833984375,39.290000915527344,39.06829833984375,39.209999084472656,39.209999084472656,108889
2024-02-01 11:30:00,39.21500015258789,39.380001068115234,39.21500015258789,39.380001068115234,39.380001068115234,125346
2024-02-01 12:00:00,39.380001068115234,39.59000015258789,39.369998931884766,39.48500061035156,39.48500061035156,130599
2024-02-01 12:30:00,39.47999954223633,39.8650016784668,39.46500015258789,39.810001373291016,39.810001373291016,198575
2024-02-01 13:00:00,39.814998626708984,39.86000061035156,39.58000183105469,39.6349983215332,39.6349983215332,167602
2024-02-01 13:30:00,39.630001068115234,39.81999969482422,39.62900161743164,39.6713981628418,39.6713981628418,212275
2024-02-01 14:00:00,39.68000030517578,39.84000015258789,39.64500045776367,39.79499816894531,39.79499816894531,164833
2024-02-01 14:30:00,39.79499816894531,39.88999938964844,39.685001373291016,39.8849983215332,39.8849983215332,135215
2024-02-01 15:00:00,39.8849983215332,39.970001220703125,39.7599983215332,39.8650016784668,39.8650016784668,237582
2024-02-01 15:30:00,39.869998931884766,40.08000183105469,39.869998931884766,40.03499984741211,40.03499984741211,978681
2024-02-02 09:30:00,39.779998779296875,39.779998779296875,39.119998931884766,39.689998626708984,39.689998626708984,236287
2024-02-02 10:00:00,39.720001220703125,39.77000045776367,39.400001525878906,39.584999084472656,39.584999084472656,226393
2024-02-02 10:30:00,39.59000015258789,39.650001525878906,39.435001373291016,39.5099983215332,39.5099983215332,215304
2024-02-02 11:00:00,39.525001525878906,39.72999954223633,39.5099983215332,39.72999954223633,39.72999954223633,200954
2024-02-02 11:30:00,39.7400016784668,39.89500045776367,39.66999816894531,39.790000915527344,39.790000915527344,213250
2024-02-02 12:00:00,39.78499984741211,39.880001068115234,39.70000076293945,39.869998931884766,39.869998931884766,116329
2024-02-02 12:30:00,39.869998931884766,39.959999084472656,39.72999954223633,39.869998931884766,39.869998931884766,137820
2024-02-02 13:00:00,39.880001068115234,39.974998474121094,39.82500076293945,39.970001220703125,39.970001220703125,108424
2024-02-02 13:30:00,39.96500015258789,40.099998474121094,39.939998626708984,40.060001373291016,40.060001373291016,124701
2024-02-02 14:00:00,40.064998626708984,40.150001525878906,39.974998474121094,40.029998779296875,40.029998779296875,267601
2024-02-02 14:30:00,40.03499984741211,40.165000915527344,40.0,40.10499954223633,40.10499954223633,220185
2024-02-02 15:00:00,40.11000061035156,40.29499816894531,40.03499984741211,40.26499938964844,40.26499938964844,243292
2024-02-02 15:30:00,40.27000045776367,40.279998779296875,40.0,40.0099983215332,40.0099983215332,553091
2024-02-05 09:30:00,40.45000076293945,40.650001525878906,39.90999984741211,39.97999954223633,39.97999954223633,571059
2024-02-05 10:00:00,39.959999084472656,40.064998626708984,39.7400016784668,39.9900016784668,39.9900016784668,328508
2024-02-05 10:30:00,40.0,40.099998474121094,39.83000183105469,39.869998931884766,39.869998931884766,264445
2024-02-05 11:00:00,39.849998474121094,39.97999954223633,39.834999084472656,39.94499969482422,39.94499969482422,153937
2024-02-05 11:30:00,39.94499969482422,40.16999816894531,39.94499969482422,40.125,40.125,230323
2024-02-05 12:00:00,40.125,40.345001220703125,40.119998931884766,40.345001220703125,40.345001220703125,150751
2024-02-05 12:30:00,40.349998474121094,40.439998626708984,40.330101013183594,40.415000915527344,40.415000915527344,135729
2024-02-05 13:00:00,40.41999816894531,40.505001068115234,40.38999938964844,40.38999938964844,40.38999938964844,181123
2024-02-05 13:30:00,40.380001068115234,40.51499938964844,40.349998474121094,40.505001068115234,40.505001068115234,187611
2024-02-05 14:00:00,40.505001068115234,40.505001068115234,40.400001525878906,40.494998931884766,40.494998931884766,143798
2024-02-05 14:30:00,40.5,40.63949966430664,40.5,40.61000061035156,40.61000061035156,170603
2024-02-05 15:00:00,40.600101470947266,40.6255989074707,40.404998779296875,40.415000915527344,40.415000915527344,512439
2024-02-05 15:30:00,40.415000915527344,40.494998931884766,40.35499954223633,40.369998931884766,40.369998931884766,836288
2024-02-06 09:30:00,40.5,41.05500030517578,40.5,40.939998626708984,40.939998626708984,502091
2024-02-06 10:00:00,40.95000076293945,41.150001525878906,40.88999938964844,41.125,41.125,488507
2024-02-06 10:30:00,41.125,41.20500183105469,40.994998931884766,41.025001525878906,41.025001525878906,243712
2024-02-06 11:00:00,41.025001525878906,41.130001068115234,40.994998931884766,41.1150016784668,41.1150016784668,183843
2024-02-06 11:30:00,41.11000061035156,41.15999984741211,41.05500030517578,41.09469985961914,41.09469985961914,144412
2024-02-06 12:00:00,41.095001220703125,41.1349983215332,40.9900016784668,41.119998931884766,41.119998931884766,249694
2024-02-06 12:30:00,41.119998931884766,41.125,40.970001220703125,40.9900016784668,40.9900016784668,198799
2024-02-06 13:00:00,40.99100112915039,41.025001525878906,40.89500045776367,40.94499969482422,40.94499969482422,122022
2024-02-06 13:30:00,40.940799713134766,41.02000045776367,40.915000915527344,40.994998931884766,40.994998931884766,108506
2024-02-06 14:00:00,40.994998931884766,41.03499984741211,40.93000030517578,40.970001220703125,40.970001220703125,165907
2024-02-06 14:30:00,40.959999084472656,41.05500030517578,40.939998626708984,41.0099983215332,41.0099983215332,140300
2024-02-06 15:00:00,41.02000045776367,41.125,40.9900016784668,41.095001220703125,41.095001220703125,262890
2024-02-06 15:30:00,41.096900939941406,41.11000061035156,40.880001068115234,41.0,41.0,859027
2024-02-07 09:30:00,41.16999816894531,41.209999084472656,40.119998931884766,40.439998626708984,40.439998626708984,498801
2024-02-07 10:00:00,40.439998626708984,40.70000076293945,40.41999816894531,40.70000076293945,40.70000076293945,385146
2024-02-07 10:30:00,40.689998626708984,40.790000915527344,40.4900016784668,40.67499923706055,40.67499923706055,383235
2024-02-07 11:00:00,40.68000030517578,40.68000030517578,40.51499938964844,40.540000915527344,40.540000915527344,235936
2024-02-07 11:30:00,40.540000915527344,40.58000183105469,40.400001525878906,40.435001373291016,40.435001373291016,239823
2024-02-07 12:00:00,40.435001373291016,40.474998474121094,40.345001220703125,40.43000030517578,40.43000030517578,219647
2024-02-07 12:30:00,40.43000030517578,40.66999816894531,40.39500045776367,40.665000915527344,40.665000915527344,258843
2024-02-07 13:00:00,40.665000915527344,40.7400016784668,40.529998779296875,40.59000015258789,40.59000015258789,206147
2024-02-07 13:30:00,40.595001220703125,40.64500045776367,40.540000915527344,40.619998931884766,40.619998931884766,293552
2024-02-07 14:00:00,40.625,40.73500061035156,40.584999084472656,40.650001525878906,40.650001525878906,264213
2024-02-07 14:30:00,40.65999984741211,40.72999954223633,40.63999938964844,40.685001373291016,40.685001373291016,236053
2024-02-07 15:00:00,40.685001373291016,40.755001068115234,40.474998474121094,40.505001068115234,40.505001068115234,383760
2024-02-07 15:30:00,40.5099983215332,40.5099983215332,40.31999969482422,40.369998931884766,40.369998931884766,1154640
2024-02-08 09:30:00,42.22999954223633,43.86000061035156,42.22999954223633,43.650001525878906,43.650001525878906,1962094
2024-02-08 10:00:00,43.67499923706055,44.290000915527344,43.08000183105469,43.459999084472656,43.459999084472656,1585771
2024-02-08 10:30:00,43.429901123046875,43.525001525878906,42.880001068115234,43.40999984741211,43.40999984741211,740779
2024-02-08 11:00:00,43.41999816894531,43.869998931884766,43.29999923706055,43.862300872802734,43.862300872802734,539812
2024-02-08 11:30:00,43.86000061035156,43.95000076293945,43.40999984741211,43.849998474121094,43.849998474121094,415144
2024-02-08 12:00:00,43.849998474121094,44.04650115966797,43.724998474121094,44.04650115966797,44.04650115966797,364575
2024-02-08 12:30:00,44.04499816894531,44.09000015258789,43.78499984741211,43.83000183105469,43.83000183105469,252840
2024-02-08 13:00:00,43.834999084472656,43.935001373291016,43.494998931884766,43.52000045776367,43.52000045776367,232748
2024-02-08 13:30:00,43.5099983215332,43.6703987121582,43.43009948730469,43.505001068115234,43.505001068115234,278658
2024-02-08 14:00:00,43.505001068115234,43.61000061035156,43.439998626708984,43.5099983215332,43.5099983215332,232785
2024-02-08 14:30:00,43.511199951171875,43.529998779296875,43.391998291015625,43.47999954223633,43.47999954223633,259461
2024-02-08 15:00:00,43.48500061035156,43.53499984741211,43.275001525878906,43.334999084472656,43.334999084472656,400502
2024-02-08 15:30:00,43.3302001953125,43.3302001953125,42.810001373291016,42.9900016784668,42.9900016784668,1454314
2024-02-09 09:30:00,42.88999938964844,42.88999938964844,41.2599983215332,41.709999084472656,41.709999084472656,1001158
2024-02-09 10:00:00,41.709999084472656,41.76499938964844,41.349998474121094,41.709999084472656,41.709999084472656,631384
2024-02-09 10:30:00,41.709999084472656,41.84000015258789,41.47999954223633,41.55500030517578,41.55500030517578,321833
2024-02-09 11:00:00,41.54999923706055,41.71500015258789,41.4900016784668,41.625,41.625,304112
2024-02-09 11:30:00,41.630001068115234,41.65999984741211,41.45000076293945,41.5099983215332,41.5099983215332,209181
2024-02-09 12:00:00,41.51499938964844,41.69499969482422,41.46500015258789,41.63999938964844,41.63999938964844,253267
2024-02-09 12:30:00,41.625,41.959999084472656,41.625,41.904998779296875,41.904998779296875,314849
2024-02-09 13:00:00,41.900001525878906,42.04999923706055,41.875,42.005001068115234,42.005001068115234,344842
2024-02-09 13:30:00,42.005001068115234,42.04499816894531,41.869998931884766,42.04499816894531,42.04499816894531,363859
2024-02-09 14:00:00,42.04499816894531,42.450599670410156,42.02009963989258,42.310001373291016,42.310001373291016,511114
2024-02-09 14:30:00,42.30500030517578,42.33000183105469,42.03499984741211,42.11000061035156,42.11000061035156,180714
2024-02-09 15:00:00,42.119998931884766,42.20000076293945,42.04499816894531,42.1150016784668,42.1150016784668,291753
2024-02-09 15:30:00,42.11199951171875,42.150001525878906,41.88999938964844,41.97999954223633,41.97999954223633,1025091
2024-02-12 09:30:00,42.119998931884766,42.56999969482422,42.0,42.45000076293945,42.45000076293945,413466
2024-02-12 10:00:00,42.439998626708984,42.939998626708984,42.38999938964844,42.869998931884766,42.869998931884766,373513
2024-02-12 10:30:00,42.869998931884766,43.16999816894531,42.869998931884766,43.15999984741211,43.15999984741211,346801
2024-02-12 11:00:00,43.15999984741211,43.29999923706055,43.060001373291016,43.084999084472656,43.084999084472656,287351
2024-02-12 11:30:00,43.08940124511719,43.15999984741211,43.005001068115234,43.040000915527344,43.040000915527344,210849
2024-02-12 12:00:00,43.03499984741211,43.20000076293945,42.974998474121094,43.18000030517578,43.18000030517578,169181
2024-02-12 12:30:00,43.16999816894531,43.279998779296875,43.119998931884766,43.255001068115234,43.255001068115234,190685
2024-02-12 13:00:00,43.25,43.349998474121094,43.19499969482422,43.31999969482422,43.31999969482422,202070
2024-02-12 13:30:00,43.310001373291016,43.47999954223633,43.28350067138672,43.45000076293945,43.45000076293945,213607
2024-02-12 14:00:00,43.44499969482422,43.560001373291016,43.21500015258789,43.28499984741211,43.28499984741211,207603
2024-02-12 14:30:00,43.279998779296875,43.36000061035156,43.22999954223633,43.275001525878906,43.275001525878906,190299
2024-02-12 15:00:00,43.279998779296875,43.36000061035156,43.2400016784668,43.32500076293945,43.32500076293945,264760
2024-02-12 15:30:00,43.32500076293945,43.5099983215332,43.29999923706055,43.45000076293945,43.45000076293945,853559
2024-02-13 09:30:00,42.029998779296875,42.459999084472656,41.959999084472656,42.084999084472656,42.084999084472656,384724
2024-02-13 10:00:00,42.084999084472656,42.16999816894531,41.80500030517578,42.11000061035156,42.11000061035156,321378
2024-02-13 10:30:00,42.099998474121094,42.125,41.82500076293945,41.845001220703125,41.845001220703125,255420
2024-02-13 11:00:00,41.845001220703125,42.5,41.82500076293945,42.48500061035156,42.48500061035156,406086
2024-02-13 11:30:00,42.4900016784668,42.59000015258789,42.3650016784668,42.415000915527344,42.415000915527344,219699
2024-02-13 12:00:00,42.40999984741211,42.46500015258789,42.36000061035156,42.45500183105469,42.45500183105469,148316
2024-02-13 12:30:00,42.45500183105469,42.57500076293945,42.404998779296875,42.459999084472656,42.459999084472656,153687
2024-02-13 13:00:00,42.459999084472656,42.53499984741211,42.43000030517578,42.505001068115234,42.505001068115234,129395
2024-02-13 13:30:00,42.505001068115234,42.53499984741211,42.400001525878906,42.470001220703125,42.470001220703125,121877
2024-02-13 14:00:00,42.470001220703125,42.54499816894531,42.380001068115234,42.42499923706055,42.42499923706055,184938
2024-02-13 14:30:00,42.42499923706055,42.45000076293945,42.13999938964844,42.244998931884766,42.244998931884766,193531
2024-02-13 15:00:00,42.2400016784668,42.36800003051758,42.224998474121094,42.34000015258789,42.34000015258789,214040
2024-02-13 15:30:00,42.34000015258789,42.709999084472656,42.34000015258789,42.70000076293945,42.70000076293945,814794
2024-02-14 09:30:00,43.099998474121094,43.290000915527344,42.77000045776367,43.290000915527344,43.290000915527344,445505
2024-02-14 10:00:00,43.29499816894531,43.494998931884766,43.19499969482422,43.45000076293945,43.45000076293945,252599
2024-02-14 10:30:00,43.457401275634766,43.505001068115234,43.220001220703125,43.31999969482422,43.31999969482422,312949
2024-02-14 11:00:00,43.31999969482422,43.619998931884766,43.20500183105469,43.619998931884766,43.619998931884766,259711
2024-02-14 11:30:00,43.619998931884766,43.7400016784668,43.474998474121094,43.52000045776367,43.52000045776367,267521
2024-02-14 12:00:00,43.529998779296875,43.724998474121094,43.36000061035156,43.685001373291016,43.685001373291016,211903
2024-02-14 12:30:00,43.689998626708984,43.880001068115234,43.61000061035156,43.869998931884766,43.869998931884766,300469
2024-02-14 13:00:00,43.875,44.17499923706055,43.790000915527344,44.17499923706055,44.17499923706055,306522
2024-02-14 13:30:00,44.17499923706055,44.39500045776367,44.147499084472656,44.380001068115234,44.380001068115234,354998
2024-02-14 14:00:00,44.369998931884766,44.369998931884766,44.209999084472656,44.34000015258789,44.34000015258789,277249
2024-02-14 14:30:00,44.349998474121094,44.35499954223633,44.1349983215332,44.209999084472656,44.209999084472656,353492
2024-02-14 15:00:00,44.220001220703125,44.375,44.189998626708984,44.30400085449219,44.30400085449219,258512
2024-02-14 15:30:00,44.30500030517578,44.36000061035156,44.17499923706055,44.2400016784668,44.2400016784668,906735
2024-02-15 09:30:00,44.63999938964844,45.130001068115234,44.400001525878906,44.88999938964844,44.88999938964844,616458
2024-02-15 10:00:00,44.88999938964844,45.400001525878906,44.8650016784668,45.16999816894531,45.16999816894531,434224
2024-02-15 10:30:00,45.150001525878906,45.244998931884766,45.040000915527344,45.099998474121094,45.099998474121094,243630
2024-02-15 11:00:00,45.099998474121094,45.400001525878906,44.97999954223633,45.349998474121094,45.349998474121094,233231
2024-02-15 11:30:00,45.33000183105469,45.42250061035156,45.220001220703125,45.27000045776367,45.27000045776367,228782
2024-02-15 12:00:00,45.2599983215332,45.369998931884766,45.22840118408203,45.31999969482422,45.31999969482422,128621
2024-02-15 12:30:00,45.31999969482422,45.36000061035156,45.19499969482422,45.290000915527344,45.290000915527344,154754
2024-02-15 13:00:00,45.290000915527344,45.41999816894531,45.21500015258789,45.3849983215332,45.3849983215332,156280
2024-02-15 13:30:00,45.38999938964844,45.404998779296875,45.189998626708984,45.28499984741211,45.28499984741211,177329
2024-02-15 14:00:00,45.290000915527344,45.46500015258789,45.28499984741211,45.46500015258789,45.46500015258789,167981
2024-02-15 14:30:00,45.459999084472656,45.55500030517578,45.36000061035156,45.36000061035156,45.36000061035156,194754
2024-02-15 15:00:00,45.35499954223633,45.4900016784668,45.28499984741211,45.474998474121094,45.474998474121094,189893
2024-02-15 15:30:00,45.474998474121094,45.540000915527344,45.38999938964844,45.459999084472656,45.459999084472656,868757
2024-02-16 09:30:00,45.41999816894531,45.69499969482422,45.31999969482422,45.45000076293945,45.45000076293945,325360
2024-02-16 10:00:00,45.459999084472656,45.77000045776367,45.38999938964844,45.59000015258789,45.59000015258789,285528
2024-02-16 10:30:00,45.599998474121094,45.619998931884766,45.474998474121094,45.599998474121094,45.599998474121094,250442
2024-02-16 11:00:00,45.599998474121094,45.900001525878906,45.58000183105469,45.89500045776367,45.89500045776367,140305
2024-02-16 11:30:00,45.900001525878906,45.90999984741211,45.66999816894531,45.689998626708984,45.689998626708984,114372
2024-02-16 12:00:00,45.685001373291016,45.810001373291016,45.65999984741211,45.810001373291016,45.810001373291016,103863
2024-02-16 12:30:00,45.81999969482422,45.904998779296875,45.779998779296875,45.81999969482422,45.81999969482422,114093
2024-02-16 13:00:00,45.81999969482422,46.005001068115234,45.744998931884766,45.974998474121094,45.974998474121094,139838
2024-02-16 13:30:00,45.974700927734375,46.02000045776367,45.91999816894531,45.98500061035156,45.98500061035156,108130
2024-02-16 14:00:00,45.97999954223633,46.11000061035156,45.97999954223633,46.084999084472656,46.084999084472656,132155
2024-02-16 14:30:00,46.084999084472656,46.084999084472656,45.80500030517578,45.939998626708984,45.939998626708984,172211
2024-02-16 15:00:00,45.93000030517578,45.959999084472656,45.8650016784668,45.915000915527344,45.915000915527344,142993
2024-02-16 15:30:00,45.915000915527344,45.94499969482422,45.744998931884766,45.91999816894531,45.91999816894531,564417
2024-02-20 09:30:00,45.63999938964844,46.275001525878906,45.63999938964844,46.04999923706055,46.04999923706055,420861
2024-02-20 10:00:00,46.040000915527344,46.33000183105469,45.94070053100586,46.2599983215332,46.2599983215332,259436
2024-02-20 10:30:00,46.279998779296875,46.310001373291016,46.029998779296875,46.29909896850586,46.29909896850586,202759
2024-02-20 11:00:00,46.29999923706055,46.349998474121094,46.18000030517578,46.279998779296875,46.279998779296875,169848
2024-02-20 11:30:00,46.279998779296875,46.459999084472656,46.255001068115234,46.44499969482422,46.44499969482422,146335
2024-02-20 12:00:00,46.45000076293945,46.459999084472656,46.26499938964844,46.275001525878906,46.275001525878906,112628
2024-02-20 12:30:00,46.27000045776367,46.5099983215332,46.220001220703125,46.48500061035156,46.48500061035156,134636
2024-02-20 13:00:00,46.4900016784668,46.584999084472656,46.46500015258789,46.540000915527344,46.540000915527344,107731
2024-02-20 13:30:00,46.54999923706055,46.65999984741211,46.505001068115234,46.650001525878906,46.650001525878906,125034
2024-02-20 14:00:00,46.650001525878906,46.70500183105469,46.619998931884766,46.68000030517578,46.68000030517578,141976
2024-02-20 14:30:00,46.68470001220703,46.83000183105469,46.665000915527344,46.814998626708984,46.814998626708984,143142
2024-02-20 15:00:00,46.81999969482422,46.849998474121094,46.779998779296875,46.83000183105469,46.83000183105469,204088
2024-02-20 15:30:00,46.84000015258789,46.845001220703125,46.54499816894531,46.7599983215332,46.7599983215332,657970
2024-02-21 09:30:00,46.61000061035156,46.994998931884766,46.56999969482422,46.95000076293945,46.95000076293945,259380
2024-02-21 10:00:00,46.95000076293945,47.279998779296875,46.86000061035156,47.17499923706055,47.17499923706055,274287
2024-02-21 10:30:00,47.16999816894531,47.279998779296875,47.11000061035156,47.15999984741211,47.15999984741211,306615
2024-02-21 11:00:00,47.16999816894531,47.29999923706055,46.994998931884766,47.18000030517578,47.18000030517578,402182
2024-02-21 11:30:00,47.16999816894531,47.20000076293945,47.029998779296875,47.154998779296875,47.154998779296875,129548
2024-02-21 12:00:00,47.15999984741211,47.224998474121094,47.084999084472656,47.185001373291016,47.185001373291016,132248
2024-02-21 12:30:00,47.18000030517578,47.20500183105469,47.095001220703125,47.18000030517578,47.18000030517578,147604
2024-02-21 13:00:00,47.185001373291016,47.20500183105469,46.974998474121094,47.005001068115234,47.005001068115234,300597
2024-02-21 13:30:00,47.005001068115234,47.11000061035156,46.959999084472656,47.040000915527344,47.040000915527344,118935
2024-02-21 14:00:00,47.040000915527344,47.095001220703125,46.89500045776367,46.95000076293945,46.95000076293945,208748
2024-02-21 14:30:00,46.959999084472656,46.97999954223633,46.7400016784668,46.810001373291016,46.810001373291016,158270
2024-02-21 15:00:00,46.814998626708984,46.814998626708984,46.6150016784668,46.665000915527344,46.665000915527344,232704
2024-02-21 15:30:00,46.665000915527344,46.970001220703125,46.650001525878906,46.970001220703125,46.970001220703125,664637
2024-02-22 09:30:00,47.29499816894531,47.54999923706055,47.099998474121094,47.54499816894531,47.54499816894531,342559
2024-02-22 10:00:00,47.54499816894531,47.56999969482422,47.27000045776367,47.44499969482422,47.44499969482422,259332
2024-02-22 10:30:00,47.439998626708984,47.619998931884766,47.3849983215332,47.59000015258789,47.59000015258789,191822
2024-02-22 11:00:00,47.599998474121094,47.65999984741211,47.459999084472656,47.52000045776367,47.52000045776367,112368
2024-02-22 11:30:00,47.529998779296875,47.67499923706055,47.5,47.650001525878906,47.650001525878906,105655
2024-02-22 12:00:00,47.63999938964844,47.78499984741211,47.619998931884766,47.72999954223633,47.72999954223633,153584
2024-02-22 12:30:00,47.7400016784668,47.810001373291016,47.69499969482422,47.790000915527344,47.790000915527344,116569
2024-02-22 13:00:00,47.78499984741211,47.85499954223633,47.75,47.82500076293945,47.82500076293945,115240
2024-02-22 13:30:00,47.83000183105469,47.899898529052734,47.78499984741211,47.79999923706055,47.79999923706055,134662
2024-02-22 14:00:00,47.79999923706055,47.92499923706055,47.7400016784668,47.75,47.75,230880
2024-02-22 14:30:00,47.7599983215332,47.78499984741211,47.560001373291016,47.68000030517578,47.68000030517578,351821
2024-02-22 15:00:00,47.66999816894531,47.83000183105469,47.665000915527344,47.79499816894531,47.79499816894531,186719
2024-02-22 15:30:00,47.79999923706055,47.875,47.7400016784668,47.790000915527344,47.790000915527344,569020
2024-02-23 09:30:00,47.93000030517578,48.34000015258789,47.66999816894531,48.27000045776367,48.27000045776367,300027
2024-02-23 10:00:00,48.2599983215332,48.560001373291016,48.119998931884766,48.380001068115234,48.380001068115234,332043
2024-02-23 10:30:00,48.380001068115234,48.529998779296875,48.34000015258789,48.43000030517578,48.43000030517578,388030
2024-02-23 11:00:00,48.44499969482422,48.45500183105469,48.15999984741211,48.36000061035156,48.36000061035156,252059
2024-02-23 11:30:00,48.35499954223633,48.46500015258789,48.279998779296875,48.435001373291016,48.435001373291016,207709
2024-02-23 12:00:00,48.43000030517578,48.595001220703125,48.38999938964844,48.55500030517578,48.55500030517578,160504
2024-02-23 12:30:00,48.54999923706055,48.689998626708984,48.5,48.685001373291016,48.685001373291016,149794
2024-02-23 13:00:00,48.685001373291016,48.685001373291016,48.529998779296875,48.580501556396484,48.580501556396484,157656
2024-02-23 13:30:00,48.584999084472656,48.630001068115234,48.54999923706055,48.6150016784668,48.6150016784668,141263
2024-02-23 14:00:00,48.6150016784668,48.79999923706055,48.564998626708984,48.79499816894531,48.79499816894531,203396
2024-02-23 14:30:00,48.79499816894531,48.79499816894531,48.653900146484375,48.724998474121094,48.724998474121094,146075
2024-02-23 15:00:00,48.724998474121094,48.78499984741211,48.65010070800781,48.65010070800781,48.65010070800781,198674
2024-02-23 15:30:00,48.65999984741211,48.685001373291016,48.529998779296875,48.529998779296875,48.529998779296875,556598
2024-02-26 09:30:00,48.27000045776367,48.44499969482422,48.1349983215332,48.34000015258789,48.34000015258789,184202
2024-02-26 10:00:00,48.33000183105469,48.33000183105469,47.880001068115234,48.125,48.125,236684
2024-02-26 10:30:00,48.125,48.1349983215332,47.9900016784668,48.040000915527344,48.040000915527344,118815
2024-02-26 11:00:00,48.03499984741211,48.06999969482422,47.72999954223633,47.72999954223633,47.72999954223633,111142
2024-02-26 11:30:00,47.73500061035156,47.89500045776367,47.66999816894531,47.810001373291016,47.810001373291016,317799
2024-02-26 12:00:00,47.810001373291016,47.849998474121094,47.60499954223633,47.685001373291016,47.685001373291016,136050
2024-02-26 12:30:00,47.68000030517578,47.7599983215332,47.505001068115234,47.540000915527344,47.540000915527344,158240
2024-02-26 13:00:00,47.54499816894531,47.70000076293945,47.45000076293945,47.6349983215332,47.6349983215332,271271
2024-02-26 13:30:00,47.6349983215332,47.834999084472656,47.619998931884766,47.814998626708984,47.814998626708984,213525
2024-02-26 14:00:00,47.814998626708984,47.93000030517578,47.80500030517578,47.915000915527344,47.915000915527344,143694
2024-02-26 14:30:00,47.91999816894531,47.970001220703125,47.84000015258789,47.915000915527344,47.915000915527344,187134
2024-02-26 15:00:00,47.915000915527344,47.939998626708984,47.7400016784668,47.775001525878906,47.775001525878906,215108
2024-02-26 15:30:00,47.77000045776367,47.849998474121094,47.61000061035156,47.61000061035156,47.61000061035156,691682
2024-02-27 09:30:00,47.93000030517578,48.099998474121094,47.75,47.93000030517578,47.93000030517578,257582
2024-02-27 10:00:00,47.93000030517578,48.060001373291016,47.72999954223633,47.959999084472656,47.959999084472656,384217
2024-02-27 10:30:00,47.959999084472656,48.029998779296875,47.540000915527344,47.58000183105469,47.58000183105469,312200
2024-02-27 11:00:00,47.58000183105469,47.66999816894531,47.45000076293945,47.48500061035156,47.48500061035156,186711
2024-02-27 11:30:00,47.4900016784668,47.57500076293945,47.37900161743164,47.40999984741211,47.40999984741211,194316
2024-02-27 12:00:00,47.40999984741211,47.415000915527344,47.165000915527344,47.209999084472656,47.209999084472656,149606
2024-02-27 12:30:00,47.21500015258789,47.43000030517578,47.21500015258789,47.27000045776367,47.27000045776367,137889
2024-02-27 13:00:00,47.27000045776367,47.345001220703125,47.189998626708984,47.2400016784668,47.2400016784668,160183
2024-02-27 13:30:00,47.22999954223633,47.33000183105469,47.18000030517578,47.212501525878906,47.212501525878906,174467
2024-02-27 14:00:00,47.209999084472656,47.33000183105469,47.17499923706055,47.2400016784668,47.2400016784668,198813
2024-02-27 14:30:00,47.25,47.290000915527344,47.150001525878906,47.154998779296875,47.154998779296875,197784
2024-02-27 15:00:00,47.15999984741211,47.415401458740234,47.15999984741211,47.39500045776367,47.39500045776367,249399
2024-02-27 15:30:00,47.39500045776367,47.540000915527344,47.380001068115234,47.529998779296875,47.529998779296875,699560
2024-02-28 09:30:00,47.119998931884766,47.38999938964844,46.970001220703125,47.334999084472656,47.334999084472656,261303
2024-02-28 10:00:00,47.33000183105469,47.42499923706055,47.2599983215332,47.380001068115234,47.380001068115234,200065
2024-02-28 10:30:00,47.3650016784668,47.650001525878906,47.36000061035156,47.6349983215332,47.6349983215332,146655
2024-02-28 11:00:00,47.63999938964844,47.665000915527344,47.44499969482422,47.525001525878906,47.525001525878906,130881
2024-02-28 11:30:00,47.525001525878906,47.619998931884766,47.45000076293945,47.55500030517578,47.55500030517578,122397
2024-02-28 12:00:00,47.55500030517578,47.79499816894531,47.5099983215332,47.61009979248047,47.61009979248047,195957
2024-02-28 12:30:00,47.61000061035156,47.79499816894531,47.56999969482422,47.78499984741211,47.78499984741211,113793
2024-02-28 13:00:00,47.78990173339844,47.900001525878906,47.71009826660156,47.8650016784668,47.8650016784668,142947
2024-02-28 13:30:00,47.869998931884766,47.9900016784668,47.834999084472656,47.94499969482422,47.94499969482422,157836
2024-02-28 14:00:00,47.95800018310547,48.0,47.84000015258789,47.970001220703125,47.970001220703125,184247
2024-02-28 14:30:00,47.96500015258789,47.974998474121094,47.810001373291016,47.875,47.875,172706
2024-02-28 15:00:00,47.875,47.91999816894531,47.73500061035156,47.814998626708984,47.814998626708984,183679
2024-02-28 15:30:00,47.814998626708984,47.904998779296875,47.65999984741211,47.709999084472656,47.709999084472656,631688
2024-02-29 09:30:00,47.09000015258789,47.77000045776367,47.040000915527344,47.349998474121094,47.349998474121094,255333
2024-02-29 10:00:00,47.36000061035156,47.380001068115234,47.0099983215332,47.130001068115234,47.130001068115234,266212
2024-02-29 10:30:00,47.119998931884766,47.19499969482422,47.03120040893555,47.130001068115234,47.130001068115234,197643
2024-02-29 11:00:00,47.13999938964844,47.165000915527344,46.900001525878906,46.900001525878906,46.900001525878906,190881
2024-02-29 11:30:00,46.89500045776367,46.92499923706055,46.630001068115234,46.900001525878906,46.900001525878906,323060
2024-02-29 12:00:00,46.900001525878906,47.06999969482422,46.8849983215332,47.0,47.0,134564
2024-02-29 12:30:00,47.0,47.279998779296875,47.0,47.26499938964844,47.26499938964844,126721
2024-02-29 13:00:00,47.26499938964844,47.31999969482422,47.20000076293945,47.29499816894531,47.29499816894531,189942
2024-02-29 13:30:00,47.29499816894531,47.31999969482422,47.244998931884766,47.310001373291016,47.310001373291016,113193
2024-02-29 14:00:00,47.310001373291016,47.36000061035156,47.150001525878906,47.18000030517578,47.18000030517578,147476
2024-02-29 14:30:00,47.18000030517578,47.34000015258789,47.15999984741211,47.32500076293945,47.32500076293945,224505
2024-02-29 15:00:00,47.33000183105469,47.369998931884766,47.27000045776367,47.345001220703125,47.345001220703125,155944
2024-02-29 15:30:00,47.34000015258789,47.630001068115234,47.30500030517578,47.529998779296875,47.529998779296875,1049524
2024-03-01 09:30:00,47.7599983215332,48.060001373291016,47.45000076293945,47.584999084472656,47.584999084472656,226982
2024-03-01 10:00:00,47.599998474121094,48.029998779296875,47.599998474121094,47.935001373291016,47.935001373291016,178702
2024-03-01 10:30:00,47.959999084472656,47.959999084472656,47.75,47.880001068115234,47.880001068115234,143319
2024-03-01 11:00:00,47.900001525878906,47.974998474121094,47.654998779296875,47.720001220703125,47.720001220703125,135414
2024-03-01 11:30:00,47.724998474121094,47.7599983215332,47.619998931884766,47.7599983215332,47.7599983215332,161142
2024-03-01 12:00:00,47.7599983215332,47.76499938964844,47.650001525878906,47.67499923706055,47.67499923706055,165614
2024-03-01 12:30:00,47.66999816894531,47.709999084472656,47.529998779296875,47.54499816894531,47.54499816894531,113019
2024-03-01 13:00:00,47.540000915527344,47.58000183105469,47.44499969482422,47.44499969482422,47.44499969482422,110543
2024-03-01 13:30:00,47.439998626708984,47.51300048828125,47.33000183105469,47.34000015258789,47.34000015258789,121810
2024-03-01 14:00:00,47.33000183105469,47.404998779296875,47.20000076293945,47.28499984741211,47.28499984741211,273573
2024-03-01 14:30:00,47.28499984741211,47.310001373291016,47.21500015258789,47.29499816894531,47.29499816894531,157507
2024-03-01 15:00:00,47.290000915527344,47.351200103759766,47.23500061035156,47.351200103759766,47.351200103759766,181491
2024-03-01 15:30:00,47.35499954223633,47.3650016784668,47.209999084472656,47.209999084472656,47.209999084472656,630728
2024-03-04 09:30:00,48.279998779296875,48.40999984741211,47.709999084472656,48.0099983215332,48.0099983215332,438900
2024-03-04 10:00:00,48.01499938964844,48.27000045776367,47.959999084472656,48.224998474121094,48.224998474121094,342483
2024-03-04 10:30:00,48.224998474121094,48.2599983215332,47.880001068115234,47.89500045776367,47.89500045776367,303266
2024-03-04 11:00:00,47.89500045776367,48.275001525878906,47.88999938964844,48.06999969482422,48.06999969482422,199747
2024-03-04 11:30:00,48.07500076293945,48.13719940185547,48.040000915527344,48.07500076293945,48.07500076293945,144440
2024-03-04 12:00:00,48.07500076293945,48.07500076293945,47.63999938964844,47.689998626708984,47.689998626708984,160005
2024-03-04 12:30:00,47.689998626708984,47.73609924316406,47.58000183105469,47.689998626708984,47.689998626708984,147664
2024-03-04 13:00:00,47.70500183105469,47.78499984741211,47.599998474121094,47.724998474121094,47.724998474121094,129851
2024-03-04 13:30:00,47.724998474121094,47.75,47.439998626708984,47.45500183105469,47.45500183105469,158817
2024-03-04 14:00:00,47.46500015258789,47.525001525878906,47.40999984741211,47.5,47.5,181910
2024-03-04 14:30:00,47.494998931884766,47.650001525878906,47.47999954223633,47.5099983215332,47.5099983215332,209686
2024-03-04 15:00:00,47.505001068115234,47.525001525878906,47.30500030517578,47.349998474121094,47.349998474121094,247616
2024-03-04 15:30:00,47.35499954223633,47.4900016784668,47.27000045776367,47.279998779296875,47.279998779296875,837074
2024-03-05 09:30:00,47.04999923706055,47.73500061035156,46.66360092163086,47.44499969482422,47.44499969482422,412840
2024-03-05 10:00:00,47.439998626708984,47.5099983215332,47.18000030517578,47.25,47.25,334542
2024-03-05 10:30:00,47.25,47.48500061035156,47.22999954223633,47.415000915527344,47.415000915527344,299272
2024-03-05 11:00:00,47.41999816894531,47.63999938964844,47.40999984741211,47.599998474121094,47.599998474121094,204223
2024-03-05 11:30:00,47.61000061035156,47.685001373291016,47.52000045776367,47.68000030517578,47.68000030517578,161963
2024-03-05 12:00:00,47.68000030517578,48.029998779296875,47.650001525878906,47.994998931884766,47.994998931884766,207484
2024-03-05 12:30:00,47.994998931884766,48.02000045776367,47.84000015258789,47.915000915527344,47.915000915527344,123384
2024-03-05 13:00:00,47.915000915527344,48.095001220703125,47.915000915527344,48.064998626708984,48.064998626708984,151822
2024-03-05 13:30:00,48.060001373291016,48.060001373291016,47.80500030517578,47.810001373291016,47.810001373291016,106470
2024-03-05 14:00:00,47.814998626708984,47.880001068115234,47.709999084472656,47.73500061035156,47.73500061035156,108907
2024-03-05 14:30:00,47.72999954223633,47.79999923706055,47.599998474121094,47.665000915527344,47.665000915527344,220936
2024-03-05 15:00:00,47.665000915527344,47.755001068115234,47.619998931884766,47.724998474121094,47.724998474121094,226887
2024-03-05 15:30:00,47.724998474121094,47.83000183105469,47.70000076293945,47.779998779296875,47.779998779296875,587226
2024-03-06 09:30:00,47.83000183105469,48.167999267578125,47.619998931884766,48.029998779296875,48.029998779296875,721861
2024-03-06 10:00:00,48.02000045776367,48.23500061035156,47.75,47.78499984741211,47.78499984741211,186868
2024-03-06 10:30:00,47.77000045776367,47.83000183105469,47.290000915527344,47.45500183105469,47.45500183105469,218418
2024-03-06 11:00:00,47.46500015258789,47.54499816894531,47.34000015258789,47.45000076293945,47.45000076293945,246257
2024-03-06 11:30:00,47.45000076293945,47.4900016784668,47.290000915527344,47.314998626708984,47.314998626708984,189812
2024-03-06 12:00:00,47.314998626708984,47.689998626708984,47.314998626708984,47.564998626708984,47.564998626708984,154091
2024-03-06 12:30:00,47.560001373291016,47.59000015258789,47.47999954223633,47.494998931884766,47.494998931884766,79150
2024-03-06 13:00:00,47.494998931884766,47.494998931884766,47.14500045776367,47.2599983215332,47.2599983215332,133661
2024-03-06 13:30:00,47.2599983215332,47.26499938964844,47.01499938964844,47.13999938964844,47.13999938964844,112691
2024-03-06 14:00:00,47.13999938964844,47.220001220703125,46.970001220703125,47.20000076293945,47.20000076293945,157206
2024-03-06 14:30:00,47.20000076293945,47.20500183105469,46.90999984741211,46.939998626708984,46.939998626708984,241149
2024-03-06 15:00:00,46.93000030517578,47.064998626708984,46.720001220703125,46.845001220703125,46.845001220703125,316192
2024-03-06 15:30:00,46.845001220703125,47.060001373291016,46.7400016784668,47.0,47.0,743924
2024-03-07 09:30:00,47.0099983215332,47.400001525878906,46.875,46.88999938964844,46.88999938964844,250688
2024-03-07 10:00:00,46.900001525878906,47.04999923706055,46.709999084472656,47.029998779296875,47.029998779296875,179589
2024-03-07 10:30:00,47.02000045776367,47.05500030517578,46.880001068115234,46.91999816894531,46.91999816894531,115289
2024-03-07 11:00:00,46.91999816894531,46.9900016784668,46.779998779296875,46.814998626708984,46.814998626708984,96851
2024-03-07 11:30:00,46.814998626708984,46.86000061035156,46.724998474121094,46.83000183105469,46.83000183105469,103814
2024-03-07 12:00:00,46.83000183105469,46.845001220703125,46.755001068115234,46.7599983215332,46.7599983215332,87691
2024-03-07 12:30:00,46.76499938964844,46.88999938964844,46.7400016784668,46.88999938964844,46.88999938964844,110270
2024-03-07 13:00:00,46.88999938964844,46.974998474121094,46.83000183105469,46.96500015258789,46.96500015258789,176096
2024-03-07 13:30:00,46.970001220703125,47.0099983215332,46.875,46.92499923706055,46.92499923706055,99459
2024-03-07 14:00:00,46.92499923706055,46.95500183105469,46.845001220703125,46.89500045776367,46.89500045776367,173158
2024-03-07 14:30:00,46.89500045776367,47.0,46.845001220703125,46.94459915161133,46.94459915161133,183689
2024-03-07 15:00:00,46.939998626708984,47.005001068115234,46.880001068115234,46.915000915527344,46.915000915527344,140760
2024-03-07 15:30:00,46.90999984741211,47.04999923706055,46.85499954223633,46.90999984741211,46.90999984741211,491334
2024-03-08 09:30:00,47.099998474121094,47.404998779296875,47.08000183105469,47.279998779296875,47.279998779296875,216934
2024-03-08 10:00:00,47.27000045776367,47.35499954223633,47.150001525878906,47.16999816894531,47.16999816894531,203762
2024-03-08 10:30:00,47.18000030517578,47.505001068115234,47.1349983215332,47.404998779296875,47.404998779296875,215261
2024-03-08 11:00:00,47.41999816894531,47.52000045776367,47.28499984741211,47.290000915527344,47.290000915527344,237682
2024-03-08 11:30:00,47.279998779296875,47.33000183105469,47.095001220703125,47.11000061035156,47.11000061035156,148496
2024-03-08 12:00:00,47.1150016784668,47.26499938964844,47.02000045776367,47.040000915527344,47.040000915527344,98940
2024-03-08 12:30:00,47.04999923706055,47.13999938964844,47.0,47.02000045776367,47.02000045776367,85089
2024-03-08 13:00:00,47.02000045776367,47.095001220703125,46.939998626708984,47.029998779296875,47.029998779296875,86027
2024-03-08 13:30:00,47.029998779296875,47.029998779296875,46.849998474121094,46.91999816894531,46.91999816894531,101957
2024-03-08 14:00:00,46.93000030517578,47.10499954223633,46.91999816894531,47.095001220703125,47.095001220703125,85680
2024-03-08 14:30:00,47.099998474121094,47.154998779296875,47.04999923706055,47.084999084472656,47.084999084472656,95466
2024-03-08 15:00:00,47.09000015258789,47.130001068115234,47.0099983215332,47.040000915527344,47.040000915527344,125130
2024-03-08 15:30:00,47.025001525878906,47.16999816894531,47.02000045776367,47.09000015258789,47.09000015258789,458928
